experimento,algoritmo,implementacion,familia,n,d,k,semilla,repeticion,ms,costo,nodos,poda_fact,poda_opt
e1_escalabilidad_n,fb,cpp,aleatoria,10,12,5,0,1,0.023542,0.9018301836,,,
e1_escalabilidad_n,fb,cpp,aleatoria,10,12,5,0,2,0.026041,0.9018301836,,,
e1_escalabilidad_n,fb,cpp,aleatoria,10,12,5,0,3,0.024375,0.9018301836,,,
e1_escalabilidad_n,fb,cpp,aleatoria,10,12,5,0,4,0.026417,0.9018301836,,,
e1_escalabilidad_n,fb,cpp,aleatoria,10,12,5,0,5,0.027416,0.9018301836,,,
e1_escalabilidad_n,fb,cpp,aleatoria,10,12,5,0,6,0.028958,0.9018301836,,,
e1_escalabilidad_n,fb,cpp,aleatoria,10,12,5,0,7,0.026167,0.9018301836,,,
e1_escalabilidad_n,fb,cpp,aleatoria,10,12,5,0,8,0.026333,0.9018301836,,,
e1_escalabilidad_n,fb,cpp,aleatoria,10,12,5,0,9,0.025875,0.9018301836,,,
e1_escalabilidad_n,fb,cpp,aleatoria,10,12,5,0,10,0.023625,0.9018301836,,,
e1_escalabilidad_n,fb,cpp,aleatoria,10,12,5,1,1,0.025833,1.265981129,,,
e1_escalabilidad_n,fb,cpp,aleatoria,10,12,5,1,2,0.025375,1.265981129,,,
e1_escalabilidad_n,fb,cpp,aleatoria,10,12,5,1,3,0.02575,1.265981129,,,
e1_escalabilidad_n,fb,cpp,aleatoria,10,12,5,1,4,0.027042,1.265981129,,,
e1_escalabilidad_n,fb,cpp,aleatoria,10,12,5,1,5,0.025708,1.265981129,,,
e1_escalabilidad_n,fb,cpp,aleatoria,10,12,5,1,6,0.0275,1.265981129,,,
e1_escalabilidad_n,fb,cpp,aleatoria,10,12,5,1,7,0.024584,1.265981129,,,
e1_escalabilidad_n,fb,cpp,aleatoria,10,12,5,1,8,0.026084,1.265981129,,,
e1_escalabilidad_n,fb,cpp,aleatoria,10,12,5,1,9,0.025042,1.265981129,,,
e1_escalabilidad_n,fb,cpp,aleatoria,10,12,5,1,10,0.026083,1.265981129,,,
e1_escalabilidad_n,fb,cpp,aleatoria,10,12,5,2,1,0.027,1.341254469,,,
e1_escalabilidad_n,fb,cpp,aleatoria,10,12,5,2,2,0.026292,1.341254469,,,
e1_escalabilidad_n,fb,cpp,aleatoria,10,12,5,2,3,0.024292,1.341254469,,,
e1_escalabilidad_n,fb,cpp,aleatoria,10,12,5,2,4,0.025792,1.341254469,,,
e1_escalabilidad_n,fb,cpp,aleatoria,10,12,5,2,5,0.030709,1.341254469,,,
e1_escalabilidad_n,fb,cpp,aleatoria,10,12,5,2,6,0.024666,1.341254469,,,
e1_escalabilidad_n,fb,cpp,aleatoria,10,12,5,2,7,0.026541,1.341254469,,,
e1_escalabilidad_n,fb,cpp,aleatoria,10,12,5,2,8,0.026458,1.341254469,,,
e1_escalabilidad_n,fb,cpp,aleatoria,10,12,5,2,9,0.027083,1.341254469,,,
e1_escalabilidad_n,fb,cpp,aleatoria,10,12,5,2,10,0.027917,1.341254469,,,
e1_escalabilidad_n,bt,cpp,aleatoria,10,12,5,0,1,0.01375,0.9018301836,,,
e1_escalabilidad_n,bt,cpp,aleatoria,10,12,5,0,2,0.013833,0.9018301836,,,
e1_escalabilidad_n,bt,cpp,aleatoria,10,12,5,0,3,0.015833,0.9018301836,,,
e1_escalabilidad_n,bt,cpp,aleatoria,10,12,5,0,4,0.013458,0.9018301836,,,
e1_escalabilidad_n,bt,cpp,aleatoria,10,12,5,0,5,0.013708,0.9018301836,,,
e1_escalabilidad_n,bt,cpp,aleatoria,10,12,5,0,6,0.013625,0.9018301836,,,
e1_escalabilidad_n,bt,cpp,aleatoria,10,12,5,0,7,0.01225,0.9018301836,,,
e1_escalabilidad_n,bt,cpp,aleatoria,10,12,5,0,8,0.015083,0.9018301836,,,
e1_escalabilidad_n,bt,cpp,aleatoria,10,12,5,0,9,0.013542,0.9018301836,,,
e1_escalabilidad_n,bt,cpp,aleatoria,10,12,5,0,10,0.01325,0.9018301836,,,
e1_escalabilidad_n,bt,cpp,aleatoria,10,12,5,1,1,0.008583,1.265981129,,,
e1_escalabilidad_n,bt,cpp,aleatoria,10,12,5,1,2,0.008792,1.265981129,,,
e1_escalabilidad_n,bt,cpp,aleatoria,10,12,5,1,3,0.008625,1.265981129,,,
e1_escalabilidad_n,bt,cpp,aleatoria,10,12,5,1,4,0.008625,1.265981129,,,
e1_escalabilidad_n,bt,cpp,aleatoria,10,12,5,1,5,0.0085,1.265981129,,,
e1_escalabilidad_n,bt,cpp,aleatoria,10,12,5,1,6,0.009541,1.265981129,,,
e1_escalabilidad_n,bt,cpp,aleatoria,10,12,5,1,7,0.008625,1.265981129,,,
e1_escalabilidad_n,bt,cpp,aleatoria,10,12,5,1,8,0.00925,1.265981129,,,
e1_escalabilidad_n,bt,cpp,aleatoria,10,12,5,1,9,0.008542,1.265981129,,,
e1_escalabilidad_n,bt,cpp,aleatoria,10,12,5,1,10,0.009166,1.265981129,,,
e1_escalabilidad_n,bt,cpp,aleatoria,10,12,5,2,1,0.01325,1.341254469,,,
e1_escalabilidad_n,bt,cpp,aleatoria,10,12,5,2,2,0.012917,1.341254469,,,
e1_escalabilidad_n,bt,cpp,aleatoria,10,12,5,2,3,0.01325,1.341254469,,,
e1_escalabilidad_n,bt,cpp,aleatoria,10,12,5,2,4,0.012708,1.341254469,,,
e1_escalabilidad_n,bt,cpp,aleatoria,10,12,5,2,5,0.01375,1.341254469,,,
e1_escalabilidad_n,bt,cpp,aleatoria,10,12,5,2,6,0.0125,1.341254469,,,
e1_escalabilidad_n,bt,cpp,aleatoria,10,12,5,2,7,0.012959,1.341254469,,,
e1_escalabilidad_n,bt,cpp,aleatoria,10,12,5,2,8,0.012417,1.341254469,,,
e1_escalabilidad_n,bt,cpp,aleatoria,10,12,5,2,9,0.012334,1.341254469,,,
e1_escalabilidad_n,bt,cpp,aleatoria,10,12,5,2,10,0.013291,1.341254469,,,
e1_escalabilidad_n,pd,cpp,aleatoria,10,12,5,0,1,0.002458,0.9018301836,,,
e1_escalabilidad_n,pd,cpp,aleatoria,10,12,5,0,2,0.002459,0.9018301836,,,
e1_escalabilidad_n,pd,cpp,aleatoria,10,12,5,0,3,0.002334,0.9018301836,,,
e1_escalabilidad_n,pd,cpp,aleatoria,10,12,5,0,4,0.00225,0.9018301836,,,
e1_escalabilidad_n,pd,cpp,aleatoria,10,12,5,0,5,0.002125,0.9018301836,,,
e1_escalabilidad_n,pd,cpp,aleatoria,10,12,5,0,6,0.002375,0.9018301836,,,
e1_escalabilidad_n,pd,cpp,aleatoria,10,12,5,0,7,0.002292,0.9018301836,,,
e1_escalabilidad_n,pd,cpp,aleatoria,10,12,5,0,8,0.002083,0.9018301836,,,
e1_escalabilidad_n,pd,cpp,aleatoria,10,12,5,0,9,0.002417,0.9018301836,,,
e1_escalabilidad_n,pd,cpp,aleatoria,10,12,5,0,10,0.002292,0.9018301836,,,
e1_escalabilidad_n,pd,cpp,aleatoria,10,12,5,1,1,0.002291,1.265981129,,,
e1_escalabilidad_n,pd,cpp,aleatoria,10,12,5,1,2,0.001958,1.265981129,,,
e1_escalabilidad_n,pd,cpp,aleatoria,10,12,5,1,3,0.002,1.265981129,,,
e1_escalabilidad_n,pd,cpp,aleatoria,10,12,5,1,4,0.002041,1.265981129,,,
e1_escalabilidad_n,pd,cpp,aleatoria,10,12,5,1,5,0.002167,1.265981129,,,
e1_escalabilidad_n,pd,cpp,aleatoria,10,12,5,1,6,0.002125,1.265981129,,,
e1_escalabilidad_n,pd,cpp,aleatoria,10,12,5,1,7,0.002125,1.265981129,,,
e1_escalabilidad_n,pd,cpp,aleatoria,10,12,5,1,8,0.001958,1.265981129,,,
e1_escalabilidad_n,pd,cpp,aleatoria,10,12,5,1,9,0.00225,1.265981129,,,
e1_escalabilidad_n,pd,cpp,aleatoria,10,12,5,1,10,0.001917,1.265981129,,,
e1_escalabilidad_n,pd,cpp,aleatoria,10,12,5,2,1,0.002083,1.341254469,,,
e1_escalabilidad_n,pd,cpp,aleatoria,10,12,5,2,2,0.002042,1.341254469,,,
e1_escalabilidad_n,pd,cpp,aleatoria,10,12,5,2,3,0.002042,1.341254469,,,
e1_escalabilidad_n,pd,cpp,aleatoria,10,12,5,2,4,0.002042,1.341254469,,,
e1_escalabilidad_n,pd,cpp,aleatoria,10,12,5,2,5,0.002,1.341254469,,,
e1_escalabilidad_n,pd,cpp,aleatoria,10,12,5,2,6,0.001959,1.341254469,,,
e1_escalabilidad_n,pd,cpp,aleatoria,10,12,5,2,7,0.002166,1.341254469,,,
e1_escalabilidad_n,pd,cpp,aleatoria,10,12,5,2,8,0.001958,1.341254469,,,
e1_escalabilidad_n,pd,cpp,aleatoria,10,12,5,2,9,0.001958,1.341254469,,,
e1_escalabilidad_n,pd,cpp,aleatoria,10,12,5,2,10,0.001875,1.341254469,,,
e1_escalabilidad_n,fb,cpp,aleatoria,12,12,6,0,1,0.099584,0.9178608337,,,
e1_escalabilidad_n,fb,cpp,aleatoria,12,12,6,0,2,0.099042,0.9178608337,,,
e1_escalabilidad_n,fb,cpp,aleatoria,12,12,6,0,3,0.100125,0.9178608337,,,
e1_escalabilidad_n,fb,cpp,aleatoria,12,12,6,0,4,0.110542,0.9178608337,,,
e1_escalabilidad_n,fb,cpp,aleatoria,12,12,6,0,5,0.093042,0.9178608337,,,
e1_escalabilidad_n,fb,cpp,aleatoria,12,12,6,0,6,0.114625,0.9178608337,,,
e1_escalabilidad_n,fb,cpp,aleatoria,12,12,6,0,7,0.094583,0.9178608337,,,
e1_escalabilidad_n,fb,cpp,aleatoria,12,12,6,0,8,0.096666,0.9178608337,,,
e1_escalabilidad_n,fb,cpp,aleatoria,12,12,6,0,9,0.09275,0.9178608337,,,
e1_escalabilidad_n,fb,cpp,aleatoria,12,12,6,0,10,0.098458,0.9178608337,,,
e1_escalabilidad_n,fb,cpp,aleatoria,12,12,6,1,1,0.118958,0.9831014648,,,
e1_escalabilidad_n,fb,cpp,aleatoria,12,12,6,1,2,0.102417,0.9831014648,,,
e1_escalabilidad_n,fb,cpp,aleatoria,12,12,6,1,3,0.092375,0.9831014648,,,
e1_escalabilidad_n,fb,cpp,aleatoria,12,12,6,1,4,0.105375,0.9831014648,,,
e1_escalabilidad_n,fb,cpp,aleatoria,12,12,6,1,5,0.126416,0.9831014648,,,
e1_escalabilidad_n,fb,cpp,aleatoria,12,12,6,1,6,0.097708,0.9831014648,,,
e1_escalabilidad_n,fb,cpp,aleatoria,12,12,6,1,7,0.102125,0.9831014648,,,
e1_escalabilidad_n,fb,cpp,aleatoria,12,12,6,1,8,0.098333,0.9831014648,,,
e1_escalabilidad_n,fb,cpp,aleatoria,12,12,6,1,9,0.096,0.9831014648,,,
e1_escalabilidad_n,fb,cpp,aleatoria,12,12,6,1,10,0.111125,0.9831014648,,,
e1_escalabilidad_n,fb,cpp,aleatoria,12,12,6,2,1,0.09125,1.154818574,,,
e1_escalabilidad_n,fb,cpp,aleatoria,12,12,6,2,2,0.097958,1.154818574,,,
e1_escalabilidad_n,fb,cpp,aleatoria,12,12,6,2,3,0.09175,1.154818574,,,
e1_escalabilidad_n,fb,cpp,aleatoria,12,12,6,2,4,0.097833,1.154818574,,,
e1_escalabilidad_n,fb,cpp,aleatoria,12,12,6,2,5,0.091791,1.154818574,,,
e1_escalabilidad_n,fb,cpp,aleatoria,12,12,6,2,6,0.110375,1.154818574,,,
e1_escalabilidad_n,fb,cpp,aleatoria,12,12,6,2,7,0.106584,1.154818574,,,
e1_escalabilidad_n,fb,cpp,aleatoria,12,12,6,2,8,0.09225,1.154818574,,,
e1_escalabilidad_n,fb,cpp,aleatoria,12,12,6,2,9,0.091791,1.154818574,,,
e1_escalabilidad_n,fb,cpp,aleatoria,12,12,6,2,10,0.092291,1.154818574,,,
e1_escalabilidad_n,bt,cpp,aleatoria,12,12,6,0,1,0.019083,0.9178608337,,,
e1_escalabilidad_n,bt,cpp,aleatoria,12,12,6,0,2,0.017625,0.9178608337,,,
e1_escalabilidad_n,bt,cpp,aleatoria,12,12,6,0,3,0.018375,0.9178608337,,,
e1_escalabilidad_n,bt,cpp,aleatoria,12,12,6,0,4,0.021875,0.9178608337,,,
e1_escalabilidad_n,bt,cpp,aleatoria,12,12,6,0,5,0.01725,0.9178608337,,,
e1_escalabilidad_n,bt,cpp,aleatoria,12,12,6,0,6,0.0175,0.9178608337,,,
e1_escalabilidad_n,bt,cpp,aleatoria,12,12,6,0,7,0.021,0.9178608337,,,
e1_escalabilidad_n,bt,cpp,aleatoria,12,12,6,0,8,0.018291,0.9178608337,,,
e1_escalabilidad_n,bt,cpp,aleatoria,12,12,6,0,9,0.019208,0.9178608337,,,
e1_escalabilidad_n,bt,cpp,aleatoria,12,12,6,0,10,0.0175,0.9178608337,,,
e1_escalabilidad_n,bt,cpp,aleatoria,12,12,6,1,1,0.007625,0.9831014648,,,
e1_escalabilidad_n,bt,cpp,aleatoria,12,12,6,1,2,0.009167,0.9831014648,,,
e1_escalabilidad_n,bt,cpp,aleatoria,12,12,6,1,3,0.008292,0.9831014648,,,
e1_escalabilidad_n,bt,cpp,aleatoria,12,12,6,1,4,0.007917,0.9831014648,,,
e1_escalabilidad_n,bt,cpp,aleatoria,12,12,6,1,5,0.00875,0.9831014648,,,
e1_escalabilidad_n,bt,cpp,aleatoria,12,12,6,1,6,0.008167,0.9831014648,,,
e1_escalabilidad_n,bt,cpp,aleatoria,12,12,6,1,7,0.008208,0.9831014648,,,
e1_escalabilidad_n,bt,cpp,aleatoria,12,12,6,1,8,0.009292,0.9831014648,,,
e1_escalabilidad_n,bt,cpp,aleatoria,12,12,6,1,9,0.009333,0.9831014648,,,
e1_escalabilidad_n,bt,cpp,aleatoria,12,12,6,1,10,0.008208,0.9831014648,,,
e1_escalabilidad_n,bt,cpp,aleatoria,12,12,6,2,1,0.0125,1.154818574,,,
e1_escalabilidad_n,bt,cpp,aleatoria,12,12,6,2,2,0.012667,1.154818574,,,
e1_escalabilidad_n,bt,cpp,aleatoria,12,12,6,2,3,0.012083,1.154818574,,,
e1_escalabilidad_n,bt,cpp,aleatoria,12,12,6,2,4,0.013,1.154818574,,,
e1_escalabilidad_n,bt,cpp,aleatoria,12,12,6,2,5,0.011834,1.154818574,,,
e1_escalabilidad_n,bt,cpp,aleatoria,12,12,6,2,6,0.012125,1.154818574,,,
e1_escalabilidad_n,bt,cpp,aleatoria,12,12,6,2,7,0.013375,1.154818574,,,
e1_escalabilidad_n,bt,cpp,aleatoria,12,12,6,2,8,0.011792,1.154818574,,,
e1_escalabilidad_n,bt,cpp,aleatoria,12,12,6,2,9,0.01175,1.154818574,,,
e1_escalabilidad_n,bt,cpp,aleatoria,12,12,6,2,10,0.012417,1.154818574,,,
e1_escalabilidad_n,pd,cpp,aleatoria,12,12,6,0,1,0.002667,0.9178608337,,,
e1_escalabilidad_n,pd,cpp,aleatoria,12,12,6,0,2,0.002708,0.9178608337,,,
e1_escalabilidad_n,pd,cpp,aleatoria,12,12,6,0,3,0.002666,0.9178608337,,,
e1_escalabilidad_n,pd,cpp,aleatoria,12,12,6,0,4,0.002666,0.9178608337,,,
e1_escalabilidad_n,pd,cpp,aleatoria,12,12,6,0,5,0.002666,0.9178608337,,,
e1_escalabilidad_n,pd,cpp,aleatoria,12,12,6,0,6,0.002375,0.9178608337,,,
e1_escalabilidad_n,pd,cpp,aleatoria,12,12,6,0,7,0.002334,0.9178608337,,,
e1_escalabilidad_n,pd,cpp,aleatoria,12,12,6,0,8,0.002708,0.9178608337,,,
e1_escalabilidad_n,pd,cpp,aleatoria,12,12,6,0,9,0.0025,0.9178608337,,,
e1_escalabilidad_n,pd,cpp,aleatoria,12,12,6,0,10,0.003166,0.9178608337,,,
e1_escalabilidad_n,pd,cpp,aleatoria,12,12,6,1,1,0.002416,0.9831014648,,,
e1_escalabilidad_n,pd,cpp,aleatoria,12,12,6,1,2,0.002959,0.9831014648,,,
e1_escalabilidad_n,pd,cpp,aleatoria,12,12,6,1,3,0.002666,0.9831014648,,,
e1_escalabilidad_n,pd,cpp,aleatoria,12,12,6,1,4,0.002708,0.9831014648,,,
e1_escalabilidad_n,pd,cpp,aleatoria,12,12,6,1,5,0.002417,0.9831014648,,,
e1_escalabilidad_n,pd,cpp,aleatoria,12,12,6,1,6,0.002333,0.9831014648,,,
e1_escalabilidad_n,pd,cpp,aleatoria,12,12,6,1,7,0.002375,0.9831014648,,,
e1_escalabilidad_n,pd,cpp,aleatoria,12,12,6,1,8,0.002709,0.9831014648,,,
e1_escalabilidad_n,pd,cpp,aleatoria,12,12,6,1,9,0.002417,0.9831014648,,,
e1_escalabilidad_n,pd,cpp,aleatoria,12,12,6,1,10,0.002125,0.9831014648,,,
e1_escalabilidad_n,pd,cpp,aleatoria,12,12,6,2,1,0.002917,1.154818574,,,
e1_escalabilidad_n,pd,cpp,aleatoria,12,12,6,2,2,0.002375,1.154818574,,,
e1_escalabilidad_n,pd,cpp,aleatoria,12,12,6,2,3,0.002458,1.154818574,,,
e1_escalabilidad_n,pd,cpp,aleatoria,12,12,6,2,4,0.002375,1.154818574,,,
e1_escalabilidad_n,pd,cpp,aleatoria,12,12,6,2,5,0.002708,1.154818574,,,
e1_escalabilidad_n,pd,cpp,aleatoria,12,12,6,2,6,0.002334,1.154818574,,,
e1_escalabilidad_n,pd,cpp,aleatoria,12,12,6,2,7,0.0025,1.154818574,,,
e1_escalabilidad_n,pd,cpp,aleatoria,12,12,6,2,8,0.002292,1.154818574,,,
e1_escalabilidad_n,pd,cpp,aleatoria,12,12,6,2,9,0.002542,1.154818574,,,
e1_escalabilidad_n,pd,cpp,aleatoria,12,12,6,2,10,0.002209,1.154818574,,,
e1_escalabilidad_n,fb,cpp,aleatoria,14,12,7,0,1,0.363042,1.20518297,,,
e1_escalabilidad_n,fb,cpp,aleatoria,14,12,7,0,2,0.39825,1.20518297,,,
e1_escalabilidad_n,fb,cpp,aleatoria,14,12,7,0,3,0.361875,1.20518297,,,
e1_escalabilidad_n,fb,cpp,aleatoria,14,12,7,0,4,0.404,1.20518297,,,
e1_escalabilidad_n,fb,cpp,aleatoria,14,12,7,0,5,0.368958,1.20518297,,,
e1_escalabilidad_n,fb,cpp,aleatoria,14,12,7,0,6,0.395,1.20518297,,,
e1_escalabilidad_n,fb,cpp,aleatoria,14,12,7,0,7,0.397167,1.20518297,,,
e1_escalabilidad_n,fb,cpp,aleatoria,14,12,7,0,8,0.379791,1.20518297,,,
e1_escalabilidad_n,fb,cpp,aleatoria,14,12,7,0,9,0.377875,1.20518297,,,
e1_escalabilidad_n,fb,cpp,aleatoria,14,12,7,0,10,0.428625,1.20518297,,,
e1_escalabilidad_n,fb,cpp,aleatoria,14,12,7,1,1,0.359792,1.015055516,,,
e1_escalabilidad_n,fb,cpp,aleatoria,14,12,7,1,2,0.358417,1.015055516,,,
e1_escalabilidad_n,fb,cpp,aleatoria,14,12,7,1,3,0.383542,1.015055516,,,
e1_escalabilidad_n,fb,cpp,aleatoria,14,12,7,1,4,0.361375,1.015055516,,,
e1_escalabilidad_n,fb,cpp,aleatoria,14,12,7,1,5,0.354834,1.015055516,,,
e1_escalabilidad_n,fb,cpp,aleatoria,14,12,7,1,6,0.374084,1.015055516,,,
e1_escalabilidad_n,fb,cpp,aleatoria,14,12,7,1,7,0.384708,1.015055516,,,
e1_escalabilidad_n,fb,cpp,aleatoria,14,12,7,1,8,0.362959,1.015055516,,,
e1_escalabilidad_n,fb,cpp,aleatoria,14,12,7,1,9,0.405334,1.015055516,,,
e1_escalabilidad_n,fb,cpp,aleatoria,14,12,7,1,10,0.403167,1.015055516,,,
e1_escalabilidad_n,fb,cpp,aleatoria,14,12,7,2,1,0.361583,1.211750288,,,
e1_escalabilidad_n,fb,cpp,aleatoria,14,12,7,2,2,0.376042,1.211750288,,,
e1_escalabilidad_n,fb,cpp,aleatoria,14,12,7,2,3,0.3585,1.211750288,,,
e1_escalabilidad_n,fb,cpp,aleatoria,14,12,7,2,4,0.38175,1.211750288,,,
e1_escalabilidad_n,fb,cpp,aleatoria,14,12,7,2,5,0.363875,1.211750288,,,
e1_escalabilidad_n,fb,cpp,aleatoria,14,12,7,2,6,0.383958,1.211750288,,,
e1_escalabilidad_n,fb,cpp,aleatoria,14,12,7,2,7,0.3885,1.211750288,,,
e1_escalabilidad_n,fb,cpp,aleatoria,14,12,7,2,8,0.406542,1.211750288,,,
e1_escalabilidad_n,fb,cpp,aleatoria,14,12,7,2,9,0.383042,1.211750288,,,
e1_escalabilidad_n,fb,cpp,aleatoria,14,12,7,2,10,0.361167,1.211750288,,,
e1_escalabilidad_n,bt,cpp,aleatoria,14,12,7,0,1,0.034167,1.20518297,,,
e1_escalabilidad_n,bt,cpp,aleatoria,14,12,7,0,2,0.03975,1.20518297,,,
e1_escalabilidad_n,bt,cpp,aleatoria,14,12,7,0,3,0.034042,1.20518297,,,
e1_escalabilidad_n,bt,cpp,aleatoria,14,12,7,0,4,0.03225,1.20518297,,,
e1_escalabilidad_n,bt,cpp,aleatoria,14,12,7,0,5,0.034417,1.20518297,,,
e1_escalabilidad_n,bt,cpp,aleatoria,14,12,7,0,6,0.032417,1.20518297,,,
e1_escalabilidad_n,bt,cpp,aleatoria,14,12,7,0,7,0.032958,1.20518297,,,
e1_escalabilidad_n,bt,cpp,aleatoria,14,12,7,0,8,0.036,1.20518297,,,
e1_escalabilidad_n,bt,cpp,aleatoria,14,12,7,0,9,0.031417,1.20518297,,,
e1_escalabilidad_n,bt,cpp,aleatoria,14,12,7,0,10,0.031708,1.20518297,,,
e1_escalabilidad_n,bt,cpp,aleatoria,14,12,7,1,1,0.015708,1.015055516,,,
e1_escalabilidad_n,bt,cpp,aleatoria,14,12,7,1,2,0.014625,1.015055516,,,
e1_escalabilidad_n,bt,cpp,aleatoria,14,12,7,1,3,0.018417,1.015055516,,,
e1_escalabilidad_n,bt,cpp,aleatoria,14,12,7,1,4,0.015583,1.015055516,,,
e1_escalabilidad_n,bt,cpp,aleatoria,14,12,7,1,5,0.0145,1.015055516,,,
e1_escalabilidad_n,bt,cpp,aleatoria,14,12,7,1,6,0.016541,1.015055516,,,
e1_escalabilidad_n,bt,cpp,aleatoria,14,12,7,1,7,0.014875,1.015055516,,,
e1_escalabilidad_n,bt,cpp,aleatoria,14,12,7,1,8,0.016209,1.015055516,,,
e1_escalabilidad_n,bt,cpp,aleatoria,14,12,7,1,9,0.017208,1.015055516,,,
e1_escalabilidad_n,bt,cpp,aleatoria,14,12,7,1,10,0.016125,1.015055516,,,
e1_escalabilidad_n,bt,cpp,aleatoria,14,12,7,2,1,0.025958,1.211750288,,,
e1_escalabilidad_n,bt,cpp,aleatoria,14,12,7,2,2,0.022167,1.211750288,,,
e1_escalabilidad_n,bt,cpp,aleatoria,14,12,7,2,3,0.022042,1.211750288,,,
e1_escalabilidad_n,bt,cpp,aleatoria,14,12,7,2,4,0.024584,1.211750288,,,
e1_escalabilidad_n,bt,cpp,aleatoria,14,12,7,2,5,0.021792,1.211750288,,,
e1_escalabilidad_n,bt,cpp,aleatoria,14,12,7,2,6,0.023875,1.211750288,,,
e1_escalabilidad_n,bt,cpp,aleatoria,14,12,7,2,7,0.0215,1.211750288,,,
e1_escalabilidad_n,bt,cpp,aleatoria,14,12,7,2,8,0.022458,1.211750288,,,
e1_escalabilidad_n,bt,cpp,aleatoria,14,12,7,2,9,0.02275,1.211750288,,,
e1_escalabilidad_n,bt,cpp,aleatoria,14,12,7,2,10,0.025209,1.211750288,,,
e1_escalabilidad_n,pd,cpp,aleatoria,14,12,7,0,1,0.003041,1.20518297,,,
e1_escalabilidad_n,pd,cpp,aleatoria,14,12,7,0,2,0.002916,1.20518297,,,
e1_escalabilidad_n,pd,cpp,aleatoria,14,12,7,0,3,0.00275,1.20518297,,,
e1_escalabilidad_n,pd,cpp,aleatoria,14,12,7,0,4,0.003,1.20518297,,,
e1_escalabilidad_n,pd,cpp,aleatoria,14,12,7,0,5,0.003208,1.20518297,,,
e1_escalabilidad_n,pd,cpp,aleatoria,14,12,7,0,6,0.003208,1.20518297,,,
e1_escalabilidad_n,pd,cpp,aleatoria,14,12,7,0,7,0.002875,1.20518297,,,
e1_escalabilidad_n,pd,cpp,aleatoria,14,12,7,0,8,0.002916,1.20518297,,,
e1_escalabilidad_n,pd,cpp,aleatoria,14,12,7,0,9,0.003,1.20518297,,,
e1_escalabilidad_n,pd,cpp,aleatoria,14,12,7,0,10,0.00275,1.20518297,,,
e1_escalabilidad_n,pd,cpp,aleatoria,14,12,7,1,1,0.002875,1.015055516,,,
e1_escalabilidad_n,pd,cpp,aleatoria,14,12,7,1,2,0.00375,1.015055516,,,
e1_escalabilidad_n,pd,cpp,aleatoria,14,12,7,1,3,0.003167,1.015055516,,,
e1_escalabilidad_n,pd,cpp,aleatoria,14,12,7,1,4,0.003042,1.015055516,,,
e1_escalabilidad_n,pd,cpp,aleatoria,14,12,7,1,5,0.00275,1.015055516,,,
e1_escalabilidad_n,pd,cpp,aleatoria,14,12,7,1,6,0.002667,1.015055516,,,
e1_escalabilidad_n,pd,cpp,aleatoria,14,12,7,1,7,0.002833,1.015055516,,,
e1_escalabilidad_n,pd,cpp,aleatoria,14,12,7,1,8,0.002792,1.015055516,,,
e1_escalabilidad_n,pd,cpp,aleatoria,14,12,7,1,9,0.002791,1.015055516,,,
e1_escalabilidad_n,pd,cpp,aleatoria,14,12,7,1,10,0.002667,1.015055516,,,
e1_escalabilidad_n,pd,cpp,aleatoria,14,12,7,2,1,0.003083,1.211750288,,,
e1_escalabilidad_n,pd,cpp,aleatoria,14,12,7,2,2,0.003083,1.211750288,,,
e1_escalabilidad_n,pd,cpp,aleatoria,14,12,7,2,3,0.00275,1.211750288,,,
e1_escalabilidad_n,pd,cpp,aleatoria,14,12,7,2,4,0.00275,1.211750288,,,
e1_escalabilidad_n,pd,cpp,aleatoria,14,12,7,2,5,0.002917,1.211750288,,,
e1_escalabilidad_n,pd,cpp,aleatoria,14,12,7,2,6,0.002916,1.211750288,,,
e1_escalabilidad_n,pd,cpp,aleatoria,14,12,7,2,7,0.002833,1.211750288,,,
e1_escalabilidad_n,pd,cpp,aleatoria,14,12,7,2,8,0.002625,1.211750288,,,
e1_escalabilidad_n,pd,cpp,aleatoria,14,12,7,2,9,0.002875,1.211750288,,,
e1_escalabilidad_n,pd,cpp,aleatoria,14,12,7,2,10,0.002916,1.211750288,,,
e1_escalabilidad_n,fb,cpp,aleatoria,16,12,8,0,1,1.782917,1.142814801,,,
e1_escalabilidad_n,fb,cpp,aleatoria,16,12,8,0,2,1.422333,1.142814801,,,
e1_escalabilidad_n,fb,cpp,aleatoria,16,12,8,0,3,1.620583,1.142814801,,,
e1_escalabilidad_n,fb,cpp,aleatoria,16,12,8,0,4,1.487708,1.142814801,,,
e1_escalabilidad_n,fb,cpp,aleatoria,16,12,8,0,5,1.42925,1.142814801,,,
e1_escalabilidad_n,fb,cpp,aleatoria,16,12,8,0,6,1.818583,1.142814801,,,
e1_escalabilidad_n,fb,cpp,aleatoria,16,12,8,0,7,1.461541,1.142814801,,,
e1_escalabilidad_n,fb,cpp,aleatoria,16,12,8,0,8,1.512542,1.142814801,,,
e1_escalabilidad_n,fb,cpp,aleatoria,16,12,8,0,9,1.828084,1.142814801,,,
e1_escalabilidad_n,fb,cpp,aleatoria,16,12,8,0,10,1.604333,1.142814801,,,
e1_escalabilidad_n,fb,cpp,aleatoria,16,12,8,1,1,1.943875,1.095167211,,,
e1_escalabilidad_n,fb,cpp,aleatoria,16,12,8,1,2,1.6555,1.095167211,,,
e1_escalabilidad_n,fb,cpp,aleatoria,16,12,8,1,3,1.612792,1.095167211,,,
e1_escalabilidad_n,fb,cpp,aleatoria,16,12,8,1,4,1.626291,1.095167211,,,
e1_escalabilidad_n,fb,cpp,aleatoria,16,12,8,1,5,1.438084,1.095167211,,,
e1_escalabilidad_n,fb,cpp,aleatoria,16,12,8,1,6,1.562875,1.095167211,,,
e1_escalabilidad_n,fb,cpp,aleatoria,16,12,8,1,7,1.491834,1.095167211,,,
e1_escalabilidad_n,fb,cpp,aleatoria,16,12,8,1,8,1.465959,1.095167211,,,
e1_escalabilidad_n,fb,cpp,aleatoria,16,12,8,1,9,1.425333,1.095167211,,,
e1_escalabilidad_n,fb,cpp,aleatoria,16,12,8,1,10,1.42425,1.095167211,,,
e1_escalabilidad_n,fb,cpp,aleatoria,16,12,8,2,1,1.520958,1.265130345,,,
e1_escalabilidad_n,fb,cpp,aleatoria,16,12,8,2,2,1.475208,1.265130345,,,
e1_escalabilidad_n,fb,cpp,aleatoria,16,12,8,2,3,1.508458,1.265130345,,,
e1_escalabilidad_n,fb,cpp,aleatoria,16,12,8,2,4,1.466875,1.265130345,,,
e1_escalabilidad_n,fb,cpp,aleatoria,16,12,8,2,5,1.496,1.265130345,,,
e1_escalabilidad_n,fb,cpp,aleatoria,16,12,8,2,6,1.715459,1.265130345,,,
e1_escalabilidad_n,fb,cpp,aleatoria,16,12,8,2,7,1.414791,1.265130345,,,
e1_escalabilidad_n,fb,cpp,aleatoria,16,12,8,2,8,1.432666,1.265130345,,,
e1_escalabilidad_n,fb,cpp,aleatoria,16,12,8,2,9,1.43575,1.265130345,,,
e1_escalabilidad_n,fb,cpp,aleatoria,16,12,8,2,10,1.404625,1.265130345,,,
e1_escalabilidad_n,bt,cpp,aleatoria,16,12,8,0,1,0.044959,1.142814801,,,
e1_escalabilidad_n,bt,cpp,aleatoria,16,12,8,0,2,0.05325,1.142814801,,,
e1_escalabilidad_n,bt,cpp,aleatoria,16,12,8,0,3,0.044209,1.142814801,,,
e1_escalabilidad_n,bt,cpp,aleatoria,16,12,8,0,4,0.044334,1.142814801,,,
e1_escalabilidad_n,bt,cpp,aleatoria,16,12,8,0,5,0.044458,1.142814801,,,
e1_escalabilidad_n,bt,cpp,aleatoria,16,12,8,0,6,0.046542,1.142814801,,,
e1_escalabilidad_n,bt,cpp,aleatoria,16,12,8,0,7,0.044625,1.142814801,,,
e1_escalabilidad_n,bt,cpp,aleatoria,16,12,8,0,8,0.043625,1.142814801,,,
e1_escalabilidad_n,bt,cpp,aleatoria,16,12,8,0,9,0.044042,1.142814801,,,
e1_escalabilidad_n,bt,cpp,aleatoria,16,12,8,0,10,0.043791,1.142814801,,,
e1_escalabilidad_n,bt,cpp,aleatoria,16,12,8,1,1,0.030375,1.095167211,,,
e1_escalabilidad_n,bt,cpp,aleatoria,16,12,8,1,2,0.036875,1.095167211,,,
e1_escalabilidad_n,bt,cpp,aleatoria,16,12,8,1,3,0.030791,1.095167211,,,
e1_escalabilidad_n,bt,cpp,aleatoria,16,12,8,1,4,0.032208,1.095167211,,,
e1_escalabilidad_n,bt,cpp,aleatoria,16,12,8,1,5,0.031125,1.095167211,,,
e1_escalabilidad_n,bt,cpp,aleatoria,16,12,8,1,6,0.03025,1.095167211,,,
e1_escalabilidad_n,bt,cpp,aleatoria,16,12,8,1,7,0.030292,1.095167211,,,
e1_escalabilidad_n,bt,cpp,aleatoria,16,12,8,1,8,0.030375,1.095167211,,,
e1_escalabilidad_n,bt,cpp,aleatoria,16,12,8,1,9,0.030792,1.095167211,,,
e1_escalabilidad_n,bt,cpp,aleatoria,16,12,8,1,10,0.029125,1.095167211,,,
e1_escalabilidad_n,bt,cpp,aleatoria,16,12,8,2,1,0.077875,1.265130345,,,
e1_escalabilidad_n,bt,cpp,aleatoria,16,12,8,2,2,0.077917,1.265130345,,,
e1_escalabilidad_n,bt,cpp,aleatoria,16,12,8,2,3,0.078375,1.265130345,,,
e1_escalabilidad_n,bt,cpp,aleatoria,16,12,8,2,4,0.068542,1.265130345,,,
e1_escalabilidad_n,bt,cpp,aleatoria,16,12,8,2,5,0.069208,1.265130345,,,
e1_escalabilidad_n,bt,cpp,aleatoria,16,12,8,2,6,0.072167,1.265130345,,,
e1_escalabilidad_n,bt,cpp,aleatoria,16,12,8,2,7,0.068791,1.265130345,,,
e1_escalabilidad_n,bt,cpp,aleatoria,16,12,8,2,8,0.069333,1.265130345,,,
e1_escalabilidad_n,bt,cpp,aleatoria,16,12,8,2,9,0.076209,1.265130345,,,
e1_escalabilidad_n,bt,cpp,aleatoria,16,12,8,2,10,0.068375,1.265130345,,,
e1_escalabilidad_n,pd,cpp,aleatoria,16,12,8,0,1,0.003792,1.142814801,,,
e1_escalabilidad_n,pd,cpp,aleatoria,16,12,8,0,2,0.003791,1.142814801,,,
e1_escalabilidad_n,pd,cpp,aleatoria,16,12,8,0,3,0.003333,1.142814801,,,
e1_escalabilidad_n,pd,cpp,aleatoria,16,12,8,0,4,0.0035,1.142814801,,,
e1_escalabilidad_n,pd,cpp,aleatoria,16,12,8,0,5,0.0035,1.142814801,,,
e1_escalabilidad_n,pd,cpp,aleatoria,16,12,8,0,6,0.003584,1.142814801,,,
e1_escalabilidad_n,pd,cpp,aleatoria,16,12,8,0,7,0.004333,1.142814801,,,
e1_escalabilidad_n,pd,cpp,aleatoria,16,12,8,0,8,0.003333,1.142814801,,,
e1_escalabilidad_n,pd,cpp,aleatoria,16,12,8,0,9,0.003333,1.142814801,,,
e1_escalabilidad_n,pd,cpp,aleatoria,16,12,8,0,10,0.003458,1.142814801,,,
e1_escalabilidad_n,pd,cpp,aleatoria,16,12,8,1,1,0.00325,1.095167211,,,
e1_escalabilidad_n,pd,cpp,aleatoria,16,12,8,1,2,0.003292,1.095167211,,,
e1_escalabilidad_n,pd,cpp,aleatoria,16,12,8,1,3,0.003834,1.095167211,,,
e1_escalabilidad_n,pd,cpp,aleatoria,16,12,8,1,4,0.00325,1.095167211,,,
e1_escalabilidad_n,pd,cpp,aleatoria,16,12,8,1,5,0.003542,1.095167211,,,
e1_escalabilidad_n,pd,cpp,aleatoria,16,12,8,1,6,0.003541,1.095167211,,,
e1_escalabilidad_n,pd,cpp,aleatoria,16,12,8,1,7,0.00325,1.095167211,,,
e1_escalabilidad_n,pd,cpp,aleatoria,16,12,8,1,8,0.00325,1.095167211,,,
e1_escalabilidad_n,pd,cpp,aleatoria,16,12,8,1,9,0.003458,1.095167211,,,
e1_escalabilidad_n,pd,cpp,aleatoria,16,12,8,1,10,0.003167,1.095167211,,,
e1_escalabilidad_n,pd,cpp,aleatoria,16,12,8,2,1,0.003458,1.265130345,,,
e1_escalabilidad_n,pd,cpp,aleatoria,16,12,8,2,2,0.003541,1.265130345,,,
e1_escalabilidad_n,pd,cpp,aleatoria,16,12,8,2,3,0.003083,1.265130345,,,
e1_escalabilidad_n,pd,cpp,aleatoria,16,12,8,2,4,0.00425,1.265130345,,,
e1_escalabilidad_n,pd,cpp,aleatoria,16,12,8,2,5,0.00325,1.265130345,,,
e1_escalabilidad_n,pd,cpp,aleatoria,16,12,8,2,6,0.003417,1.265130345,,,
e1_escalabilidad_n,pd,cpp,aleatoria,16,12,8,2,7,0.003125,1.265130345,,,
e1_escalabilidad_n,pd,cpp,aleatoria,16,12,8,2,8,0.003792,1.265130345,,,
e1_escalabilidad_n,pd,cpp,aleatoria,16,12,8,2,9,0.003333,1.265130345,,,
e1_escalabilidad_n,pd,cpp,aleatoria,16,12,8,2,10,0.003208,1.265130345,,,
e1_escalabilidad_n,fb,cpp,aleatoria,18,12,9,0,1,5.6475,0.9332438427,,,
e1_escalabilidad_n,fb,cpp,aleatoria,18,12,9,0,2,5.573042,0.9332438427,,,
e1_escalabilidad_n,fb,cpp,aleatoria,18,12,9,0,3,5.484666,0.9332438427,,,
e1_escalabilidad_n,fb,cpp,aleatoria,18,12,9,0,4,5.462875,0.9332438427,,,
e1_escalabilidad_n,fb,cpp,aleatoria,18,12,9,0,5,5.4085,0.9332438427,,,
e1_escalabilidad_n,fb,cpp,aleatoria,18,12,9,0,6,5.8845,0.9332438427,,,
e1_escalabilidad_n,fb,cpp,aleatoria,18,12,9,0,7,5.851125,0.9332438427,,,
e1_escalabilidad_n,fb,cpp,aleatoria,18,12,9,0,8,5.84925,0.9332438427,,,
e1_escalabilidad_n,fb,cpp,aleatoria,18,12,9,0,9,5.782625,0.9332438427,,,
e1_escalabilidad_n,fb,cpp,aleatoria,18,12,9,0,10,5.748292,0.9332438427,,,
e1_escalabilidad_n,fb,cpp,aleatoria,18,12,9,1,1,5.800708,0.5178352634,,,
e1_escalabilidad_n,fb,cpp,aleatoria,18,12,9,1,2,5.926792,0.5178352634,,,
e1_escalabilidad_n,fb,cpp,aleatoria,18,12,9,1,3,5.74825,0.5178352634,,,
e1_escalabilidad_n,fb,cpp,aleatoria,18,12,9,1,4,5.365375,0.5178352634,,,
e1_escalabilidad_n,fb,cpp,aleatoria,18,12,9,1,5,5.7965,0.5178352634,,,
e1_escalabilidad_n,fb,cpp,aleatoria,18,12,9,1,6,5.303584,0.5178352634,,,
e1_escalabilidad_n,fb,cpp,aleatoria,18,12,9,1,7,5.671083,0.5178352634,,,
e1_escalabilidad_n,fb,cpp,aleatoria,18,12,9,1,8,5.41675,0.5178352634,,,
e1_escalabilidad_n,fb,cpp,aleatoria,18,12,9,1,9,5.422208,0.5178352634,,,
e1_escalabilidad_n,fb,cpp,aleatoria,18,12,9,1,10,5.65975,0.5178352634,,,
e1_escalabilidad_n,fb,cpp,aleatoria,18,12,9,2,1,5.467833,1.063160642,,,
e1_escalabilidad_n,fb,cpp,aleatoria,18,12,9,2,2,5.347083,1.063160642,,,
e1_escalabilidad_n,fb,cpp,aleatoria,18,12,9,2,3,5.445791,1.063160642,,,
e1_escalabilidad_n,fb,cpp,aleatoria,18,12,9,2,4,5.659667,1.063160642,,,
e1_escalabilidad_n,fb,cpp,aleatoria,18,12,9,2,5,5.849291,1.063160642,,,
e1_escalabilidad_n,fb,cpp,aleatoria,18,12,9,2,6,5.536166,1.063160642,,,
e1_escalabilidad_n,fb,cpp,aleatoria,18,12,9,2,7,5.854958,1.063160642,,,
e1_escalabilidad_n,fb,cpp,aleatoria,18,12,9,2,8,5.419,1.063160642,,,
e1_escalabilidad_n,fb,cpp,aleatoria,18,12,9,2,9,5.695708,1.063160642,,,
e1_escalabilidad_n,fb,cpp,aleatoria,18,12,9,2,10,5.812334,1.063160642,,,
e1_escalabilidad_n,bt,cpp,aleatoria,18,12,9,0,1,0.06625,0.9332438427,,,
e1_escalabilidad_n,bt,cpp,aleatoria,18,12,9,0,2,0.066,0.9332438427,,,
e1_escalabilidad_n,bt,cpp,aleatoria,18,12,9,0,3,0.073208,0.9332438427,,,
e1_escalabilidad_n,bt,cpp,aleatoria,18,12,9,0,4,0.074708,0.9332438427,,,
e1_escalabilidad_n,bt,cpp,aleatoria,18,12,9,0,5,0.070584,0.9332438427,,,
e1_escalabilidad_n,bt,cpp,aleatoria,18,12,9,0,6,0.066125,0.9332438427,,,
e1_escalabilidad_n,bt,cpp,aleatoria,18,12,9,0,7,0.06575,0.9332438427,,,
e1_escalabilidad_n,bt,cpp,aleatoria,18,12,9,0,8,0.066125,0.9332438427,,,
e1_escalabilidad_n,bt,cpp,aleatoria,18,12,9,0,9,0.066875,0.9332438427,,,
e1_escalabilidad_n,bt,cpp,aleatoria,18,12,9,0,10,0.069375,0.9332438427,,,
e1_escalabilidad_n,bt,cpp,aleatoria,18,12,9,1,1,0.046167,0.5178352634,,,
e1_escalabilidad_n,bt,cpp,aleatoria,18,12,9,1,2,0.044125,0.5178352634,,,
e1_escalabilidad_n,bt,cpp,aleatoria,18,12,9,1,3,0.049166,0.5178352634,,,
e1_escalabilidad_n,bt,cpp,aleatoria,18,12,9,1,4,0.045875,0.5178352634,,,
e1_escalabilidad_n,bt,cpp,aleatoria,18,12,9,1,5,0.043541,0.5178352634,,,
e1_escalabilidad_n,bt,cpp,aleatoria,18,12,9,1,6,0.045792,0.5178352634,,,
e1_escalabilidad_n,bt,cpp,aleatoria,18,12,9,1,7,0.048875,0.5178352634,,,
e1_escalabilidad_n,bt,cpp,aleatoria,18,12,9,1,8,0.04175,0.5178352634,,,
e1_escalabilidad_n,bt,cpp,aleatoria,18,12,9,1,9,0.043833,0.5178352634,,,
e1_escalabilidad_n,bt,cpp,aleatoria,18,12,9,1,10,0.046959,0.5178352634,,,
e1_escalabilidad_n,bt,cpp,aleatoria,18,12,9,2,1,0.048333,1.063160642,,,
e1_escalabilidad_n,bt,cpp,aleatoria,18,12,9,2,2,0.047708,1.063160642,,,
e1_escalabilidad_n,bt,cpp,aleatoria,18,12,9,2,3,0.050041,1.063160642,,,
e1_escalabilidad_n,bt,cpp,aleatoria,18,12,9,2,4,0.047041,1.063160642,,,
e1_escalabilidad_n,bt,cpp,aleatoria,18,12,9,2,5,0.047583,1.063160642,,,
e1_escalabilidad_n,bt,cpp,aleatoria,18,12,9,2,6,0.081375,1.063160642,,,
e1_escalabilidad_n,bt,cpp,aleatoria,18,12,9,2,7,0.049291,1.063160642,,,
e1_escalabilidad_n,bt,cpp,aleatoria,18,12,9,2,8,0.048459,1.063160642,,,
e1_escalabilidad_n,bt,cpp,aleatoria,18,12,9,2,9,0.047541,1.063160642,,,
e1_escalabilidad_n,bt,cpp,aleatoria,18,12,9,2,10,0.047458,1.063160642,,,
e1_escalabilidad_n,pd,cpp,aleatoria,18,12,9,0,1,0.004459,0.9332438427,,,
e1_escalabilidad_n,pd,cpp,aleatoria,18,12,9,0,2,0.00425,0.9332438427,,,
e1_escalabilidad_n,pd,cpp,aleatoria,18,12,9,0,3,0.003916,0.9332438427,,,
e1_escalabilidad_n,pd,cpp,aleatoria,18,12,9,0,4,0.004167,0.9332438427,,,
e1_escalabilidad_n,pd,cpp,aleatoria,18,12,9,0,5,0.00425,0.9332438427,,,
e1_escalabilidad_n,pd,cpp,aleatoria,18,12,9,0,6,0.004291,0.9332438427,,,
e1_escalabilidad_n,pd,cpp,aleatoria,18,12,9,0,7,0.004125,0.9332438427,,,
e1_escalabilidad_n,pd,cpp,aleatoria,18,12,9,0,8,0.0045,0.9332438427,,,
e1_escalabilidad_n,pd,cpp,aleatoria,18,12,9,0,9,0.004125,0.9332438427,,,
e1_escalabilidad_n,pd,cpp,aleatoria,18,12,9,0,10,0.004125,0.9332438427,,,
e1_escalabilidad_n,pd,cpp,aleatoria,18,12,9,1,1,0.003917,0.5178352634,,,
e1_escalabilidad_n,pd,cpp,aleatoria,18,12,9,1,2,0.003834,0.5178352634,,,
e1_escalabilidad_n,pd,cpp,aleatoria,18,12,9,1,3,0.004208,0.5178352634,,,
e1_escalabilidad_n,pd,cpp,aleatoria,18,12,9,1,4,0.004,0.5178352634,,,
e1_escalabilidad_n,pd,cpp,aleatoria,18,12,9,1,5,0.003958,0.5178352634,,,
e1_escalabilidad_n,pd,cpp,aleatoria,18,12,9,1,6,0.0045,0.5178352634,,,
e1_escalabilidad_n,pd,cpp,aleatoria,18,12,9,1,7,0.003917,0.5178352634,,,
e1_escalabilidad_n,pd,cpp,aleatoria,18,12,9,1,8,0.003917,0.5178352634,,,
e1_escalabilidad_n,pd,cpp,aleatoria,18,12,9,1,9,0.004083,0.5178352634,,,
e1_escalabilidad_n,pd,cpp,aleatoria,18,12,9,1,10,0.004125,0.5178352634,,,
e1_escalabilidad_n,pd,cpp,aleatoria,18,12,9,2,1,0.003917,1.063160642,,,
e1_escalabilidad_n,pd,cpp,aleatoria,18,12,9,2,2,0.003875,1.063160642,,,
e1_escalabilidad_n,pd,cpp,aleatoria,18,12,9,2,3,0.003958,1.063160642,,,
e1_escalabilidad_n,pd,cpp,aleatoria,18,12,9,2,4,0.004083,1.063160642,,,
e1_escalabilidad_n,pd,cpp,aleatoria,18,12,9,2,5,0.005875,1.063160642,,,
e1_escalabilidad_n,pd,cpp,aleatoria,18,12,9,2,6,0.003833,1.063160642,,,
e1_escalabilidad_n,pd,cpp,aleatoria,18,12,9,2,7,0.005,1.063160642,,,
e1_escalabilidad_n,pd,cpp,aleatoria,18,12,9,2,8,0.004042,1.063160642,,,
e1_escalabilidad_n,pd,cpp,aleatoria,18,12,9,2,9,0.003833,1.063160642,,,
e1_escalabilidad_n,pd,cpp,aleatoria,18,12,9,2,10,0.004084,1.063160642,,,
e1_escalabilidad_n,fb,cpp,aleatoria,20,12,10,0,1,24.129417,0.953263526,,,
e1_escalabilidad_n,fb,cpp,aleatoria,20,12,10,0,2,35.694292,0.953263526,,,
e1_escalabilidad_n,fb,cpp,aleatoria,20,12,10,0,3,24.492583,0.953263526,,,
e1_escalabilidad_n,fb,cpp,aleatoria,20,12,10,0,4,24.231666,0.953263526,,,
e1_escalabilidad_n,fb,cpp,aleatoria,20,12,10,0,5,24.426917,0.953263526,,,
e1_escalabilidad_n,fb,cpp,aleatoria,20,12,10,0,6,24.0825,0.953263526,,,
e1_escalabilidad_n,fb,cpp,aleatoria,20,12,10,0,7,23.926333,0.953263526,,,
e1_escalabilidad_n,fb,cpp,aleatoria,20,12,10,0,8,24.008583,0.953263526,,,
e1_escalabilidad_n,fb,cpp,aleatoria,20,12,10,0,9,24.823708,0.953263526,,,
e1_escalabilidad_n,fb,cpp,aleatoria,20,12,10,0,10,24.207666,0.953263526,,,
e1_escalabilidad_n,fb,cpp,aleatoria,20,12,10,1,1,24.373625,1.117587053,,,
e1_escalabilidad_n,fb,cpp,aleatoria,20,12,10,1,2,25.250083,1.117587053,,,
e1_escalabilidad_n,fb,cpp,aleatoria,20,12,10,1,3,24.186334,1.117587053,,,
e1_escalabilidad_n,fb,cpp,aleatoria,20,12,10,1,4,24.069333,1.117587053,,,
e1_escalabilidad_n,fb,cpp,aleatoria,20,12,10,1,5,24.346875,1.117587053,,,
e1_escalabilidad_n,fb,cpp,aleatoria,20,12,10,1,6,25.987958,1.117587053,,,
e1_escalabilidad_n,fb,cpp,aleatoria,20,12,10,1,7,24.428291,1.117587053,,,
e1_escalabilidad_n,fb,cpp,aleatoria,20,12,10,1,8,24.010959,1.117587053,,,
e1_escalabilidad_n,fb,cpp,aleatoria,20,12,10,1,9,26.155625,1.117587053,,,
e1_escalabilidad_n,fb,cpp,aleatoria,20,12,10,1,10,24.658833,1.117587053,,,
e1_escalabilidad_n,fb,cpp,aleatoria,20,12,10,2,1,24.228667,0.9678567973,,,
e1_escalabilidad_n,fb,cpp,aleatoria,20,12,10,2,2,24.426541,0.9678567973,,,
e1_escalabilidad_n,fb,cpp,aleatoria,20,12,10,2,3,24.244375,0.9678567973,,,
e1_escalabilidad_n,fb,cpp,aleatoria,20,12,10,2,4,25.417167,0.9678567973,,,
e1_escalabilidad_n,fb,cpp,aleatoria,20,12,10,2,5,23.883625,0.9678567973,,,
e1_escalabilidad_n,fb,cpp,aleatoria,20,12,10,2,6,24.274958,0.9678567973,,,
e1_escalabilidad_n,fb,cpp,aleatoria,20,12,10,2,7,24.48575,0.9678567973,,,
e1_escalabilidad_n,fb,cpp,aleatoria,20,12,10,2,8,25.125416,0.9678567973,,,
e1_escalabilidad_n,fb,cpp,aleatoria,20,12,10,2,9,25.571208,0.9678567973,,,
e1_escalabilidad_n,fb,cpp,aleatoria,20,12,10,2,10,25.771583,0.9678567973,,,
e1_escalabilidad_n,bt,cpp,aleatoria,20,12,10,0,1,0.052292,0.953263526,,,
e1_escalabilidad_n,bt,cpp,aleatoria,20,12,10,0,2,0.049791,0.953263526,,,
e1_escalabilidad_n,bt,cpp,aleatoria,20,12,10,0,3,0.05025,0.953263526,,,
e1_escalabilidad_n,bt,cpp,aleatoria,20,12,10,0,4,0.056667,0.953263526,,,
e1_escalabilidad_n,bt,cpp,aleatoria,20,12,10,0,5,0.049959,0.953263526,,,
e1_escalabilidad_n,bt,cpp,aleatoria,20,12,10,0,6,0.051916,0.953263526,,,
e1_escalabilidad_n,bt,cpp,aleatoria,20,12,10,0,7,0.052084,0.953263526,,,
e1_escalabilidad_n,bt,cpp,aleatoria,20,12,10,0,8,0.06,0.953263526,,,
e1_escalabilidad_n,bt,cpp,aleatoria,20,12,10,0,9,0.050375,0.953263526,,,
e1_escalabilidad_n,bt,cpp,aleatoria,20,12,10,0,10,0.051375,0.953263526,,,
e1_escalabilidad_n,bt,cpp,aleatoria,20,12,10,1,1,0.118417,1.117587053,,,
e1_escalabilidad_n,bt,cpp,aleatoria,20,12,10,1,2,0.125542,1.117587053,,,
e1_escalabilidad_n,bt,cpp,aleatoria,20,12,10,1,3,0.125792,1.117587053,,,
e1_escalabilidad_n,bt,cpp,aleatoria,20,12,10,1,4,0.1465,1.117587053,,,
e1_escalabilidad_n,bt,cpp,aleatoria,20,12,10,1,5,0.143583,1.117587053,,,
e1_escalabilidad_n,bt,cpp,aleatoria,20,12,10,1,6,0.125459,1.117587053,,,
e1_escalabilidad_n,bt,cpp,aleatoria,20,12,10,1,7,0.12575,1.117587053,,,
e1_escalabilidad_n,bt,cpp,aleatoria,20,12,10,1,8,0.131791,1.117587053,,,
e1_escalabilidad_n,bt,cpp,aleatoria,20,12,10,1,9,0.130916,1.117587053,,,
e1_escalabilidad_n,bt,cpp,aleatoria,20,12,10,1,10,0.125666,1.117587053,,,
e1_escalabilidad_n,bt,cpp,aleatoria,20,12,10,2,1,0.065,0.9678567973,,,
e1_escalabilidad_n,bt,cpp,aleatoria,20,12,10,2,2,0.064416,0.9678567973,,,
e1_escalabilidad_n,bt,cpp,aleatoria,20,12,10,2,3,0.073084,0.9678567973,,,
e1_escalabilidad_n,bt,cpp,aleatoria,20,12,10,2,4,0.07425,0.9678567973,,,
e1_escalabilidad_n,bt,cpp,aleatoria,20,12,10,2,5,0.068042,0.9678567973,,,
e1_escalabilidad_n,bt,cpp,aleatoria,20,12,10,2,6,0.0645,0.9678567973,,,
e1_escalabilidad_n,bt,cpp,aleatoria,20,12,10,2,7,0.065083,0.9678567973,,,
e1_escalabilidad_n,bt,cpp,aleatoria,20,12,10,2,8,0.064791,0.9678567973,,,
e1_escalabilidad_n,bt,cpp,aleatoria,20,12,10,2,9,0.064875,0.9678567973,,,
e1_escalabilidad_n,bt,cpp,aleatoria,20,12,10,2,10,0.064792,0.9678567973,,,
e1_escalabilidad_n,pd,cpp,aleatoria,20,12,10,0,1,0.005209,0.953263526,,,
e1_escalabilidad_n,pd,cpp,aleatoria,20,12,10,0,2,0.004959,0.953263526,,,
e1_escalabilidad_n,pd,cpp,aleatoria,20,12,10,0,3,0.004709,0.953263526,,,
e1_escalabilidad_n,pd,cpp,aleatoria,20,12,10,0,4,0.004666,0.953263526,,,
e1_escalabilidad_n,pd,cpp,aleatoria,20,12,10,0,5,0.005,0.953263526,,,
e1_escalabilidad_n,pd,cpp,aleatoria,20,12,10,0,6,0.004792,0.953263526,,,
e1_escalabilidad_n,pd,cpp,aleatoria,20,12,10,0,7,0.006959,0.953263526,,,
e1_escalabilidad_n,pd,cpp,aleatoria,20,12,10,0,8,0.004667,0.953263526,,,
e1_escalabilidad_n,pd,cpp,aleatoria,20,12,10,0,9,0.004458,0.953263526,,,
e1_escalabilidad_n,pd,cpp,aleatoria,20,12,10,0,10,0.004834,0.953263526,,,
e1_escalabilidad_n,pd,cpp,aleatoria,20,12,10,1,1,0.004959,1.117587053,,,
e1_escalabilidad_n,pd,cpp,aleatoria,20,12,10,1,2,0.004666,1.117587053,,,
e1_escalabilidad_n,pd,cpp,aleatoria,20,12,10,1,3,0.005,1.117587053,,,
e1_escalabilidad_n,pd,cpp,aleatoria,20,12,10,1,4,0.004834,1.117587053,,,
e1_escalabilidad_n,pd,cpp,aleatoria,20,12,10,1,5,0.005,1.117587053,,,
e1_escalabilidad_n,pd,cpp,aleatoria,20,12,10,1,6,0.004875,1.117587053,,,
e1_escalabilidad_n,pd,cpp,aleatoria,20,12,10,1,7,0.004625,1.117587053,,,
e1_escalabilidad_n,pd,cpp,aleatoria,20,12,10,1,8,0.004875,1.117587053,,,
e1_escalabilidad_n,pd,cpp,aleatoria,20,12,10,1,9,0.00475,1.117587053,,,
e1_escalabilidad_n,pd,cpp,aleatoria,20,12,10,1,10,0.004792,1.117587053,,,
e1_escalabilidad_n,pd,cpp,aleatoria,20,12,10,2,1,0.0045,0.9678567973,,,
e1_escalabilidad_n,pd,cpp,aleatoria,20,12,10,2,2,0.004959,0.9678567973,,,
e1_escalabilidad_n,pd,cpp,aleatoria,20,12,10,2,3,0.0045,0.9678567973,,,
e1_escalabilidad_n,pd,cpp,aleatoria,20,12,10,2,4,0.004833,0.9678567973,,,
e1_escalabilidad_n,pd,cpp,aleatoria,20,12,10,2,5,0.004792,0.9678567973,,,
e1_escalabilidad_n,pd,cpp,aleatoria,20,12,10,2,6,0.004792,0.9678567973,,,
e1_escalabilidad_n,pd,cpp,aleatoria,20,12,10,2,7,0.004375,0.9678567973,,,
e1_escalabilidad_n,pd,cpp,aleatoria,20,12,10,2,8,0.005,0.9678567973,,,
e1_escalabilidad_n,pd,cpp,aleatoria,20,12,10,2,9,0.005125,0.9678567973,,,
e1_escalabilidad_n,pd,cpp,aleatoria,20,12,10,2,10,0.00475,0.9678567973,,,
e1_escalabilidad_n,fb,cpp,aleatoria,22,12,11,0,1,99.29225,0.7837510383,,,
e1_escalabilidad_n,fb,cpp,aleatoria,22,12,11,0,2,102.046,0.7837510383,,,
e1_escalabilidad_n,fb,cpp,aleatoria,22,12,11,0,3,102.803625,0.7837510383,,,
e1_escalabilidad_n,fb,cpp,aleatoria,22,12,11,0,4,96.848375,0.7837510383,,,
e1_escalabilidad_n,fb,cpp,aleatoria,22,12,11,0,5,98.6485,0.7837510383,,,
e1_escalabilidad_n,fb,cpp,aleatoria,22,12,11,0,6,98.031458,0.7837510383,,,
e1_escalabilidad_n,fb,cpp,aleatoria,22,12,11,0,7,96.700875,0.7837510383,,,
e1_escalabilidad_n,fb,cpp,aleatoria,22,12,11,0,8,97.812333,0.7837510383,,,
e1_escalabilidad_n,fb,cpp,aleatoria,22,12,11,0,9,100.62375,0.7837510383,,,
e1_escalabilidad_n,fb,cpp,aleatoria,22,12,11,0,10,100.175958,0.7837510383,,,
e1_escalabilidad_n,fb,cpp,aleatoria,22,12,11,1,1,98.569833,0.7273850975,,,
e1_escalabilidad_n,fb,cpp,aleatoria,22,12,11,1,2,98.046875,0.7273850975,,,
e1_escalabilidad_n,fb,cpp,aleatoria,22,12,11,1,3,99.327542,0.7273850975,,,
e1_escalabilidad_n,fb,cpp,aleatoria,22,12,11,1,4,98.541375,0.7273850975,,,
e1_escalabilidad_n,fb,cpp,aleatoria,22,12,11,1,5,104.608459,0.7273850975,,,
e1_escalabilidad_n,fb,cpp,aleatoria,22,12,11,1,6,101.7035,0.7273850975,,,
e1_escalabilidad_n,fb,cpp,aleatoria,22,12,11,1,7,104.776959,0.7273850975,,,
e1_escalabilidad_n,fb,cpp,aleatoria,22,12,11,1,8,98.1225,0.7273850975,,,
e1_escalabilidad_n,fb,cpp,aleatoria,22,12,11,1,9,98.517625,0.7273850975,,,
e1_escalabilidad_n,fb,cpp,aleatoria,22,12,11,1,10,98.300708,0.7273850975,,,
e1_escalabilidad_n,fb,cpp,aleatoria,22,12,11,2,1,98.415125,0.9101259803,,,
e1_escalabilidad_n,fb,cpp,aleatoria,22,12,11,2,2,99.59225,0.9101259803,,,
e1_escalabilidad_n,fb,cpp,aleatoria,22,12,11,2,3,99.904042,0.9101259803,,,
e1_escalabilidad_n,fb,cpp,aleatoria,22,12,11,2,4,101.456292,0.9101259803,,,
e1_escalabilidad_n,fb,cpp,aleatoria,22,12,11,2,5,99.5305,0.9101259803,,,
e1_escalabilidad_n,fb,cpp,aleatoria,22,12,11,2,6,97.059834,0.9101259803,,,
e1_escalabilidad_n,fb,cpp,aleatoria,22,12,11,2,7,106.1625,0.9101259803,,,
e1_escalabilidad_n,fb,cpp,aleatoria,22,12,11,2,8,99.443,0.9101259803,,,
e1_escalabilidad_n,fb,cpp,aleatoria,22,12,11,2,9,98.51925,0.9101259803,,,
e1_escalabilidad_n,fb,cpp,aleatoria,22,12,11,2,10,98.500708,0.9101259803,,,
e1_escalabilidad_n,bt,cpp,aleatoria,22,12,11,0,1,0.053666,0.7837510383,,,
e1_escalabilidad_n,bt,cpp,aleatoria,22,12,11,0,2,0.0445,0.7837510383,,,
e1_escalabilidad_n,bt,cpp,aleatoria,22,12,11,0,3,0.049292,0.7837510383,,,
e1_escalabilidad_n,bt,cpp,aleatoria,22,12,11,0,4,0.047416,0.7837510383,,,
e1_escalabilidad_n,bt,cpp,aleatoria,22,12,11,0,5,0.04925,0.7837510383,,,
e1_escalabilidad_n,bt,cpp,aleatoria,22,12,11,0,6,0.047042,0.7837510383,,,
e1_escalabilidad_n,bt,cpp,aleatoria,22,12,11,0,7,0.049459,0.7837510383,,,
e1_escalabilidad_n,bt,cpp,aleatoria,22,12,11,0,8,0.0475,0.7837510383,,,
e1_escalabilidad_n,bt,cpp,aleatoria,22,12,11,0,9,0.047292,0.7837510383,,,
e1_escalabilidad_n,bt,cpp,aleatoria,22,12,11,0,10,0.049625,0.7837510383,,,
e1_escalabilidad_n,bt,cpp,aleatoria,22,12,11,1,1,0.09525,0.7273850975,,,
e1_escalabilidad_n,bt,cpp,aleatoria,22,12,11,1,2,0.099584,0.7273850975,,,
e1_escalabilidad_n,bt,cpp,aleatoria,22,12,11,1,3,0.113417,0.7273850975,,,
e1_escalabilidad_n,bt,cpp,aleatoria,22,12,11,1,4,0.100583,0.7273850975,,,
e1_escalabilidad_n,bt,cpp,aleatoria,22,12,11,1,5,0.099875,0.7273850975,,,
e1_escalabilidad_n,bt,cpp,aleatoria,22,12,11,1,6,0.094209,0.7273850975,,,
e1_escalabilidad_n,bt,cpp,aleatoria,22,12,11,1,7,0.099291,0.7273850975,,,
e1_escalabilidad_n,bt,cpp,aleatoria,22,12,11,1,8,0.0995,0.7273850975,,,
e1_escalabilidad_n,bt,cpp,aleatoria,22,12,11,1,9,0.099291,0.7273850975,,,
e1_escalabilidad_n,bt,cpp,aleatoria,22,12,11,1,10,0.099833,0.7273850975,,,
e1_escalabilidad_n,bt,cpp,aleatoria,22,12,11,2,1,0.1515,0.9101259803,,,
e1_escalabilidad_n,bt,cpp,aleatoria,22,12,11,2,2,0.137959,0.9101259803,,,
e1_escalabilidad_n,bt,cpp,aleatoria,22,12,11,2,3,0.137708,0.9101259803,,,
e1_escalabilidad_n,bt,cpp,aleatoria,22,12,11,2,4,0.136583,0.9101259803,,,
e1_escalabilidad_n,bt,cpp,aleatoria,22,12,11,2,5,0.127583,0.9101259803,,,
e1_escalabilidad_n,bt,cpp,aleatoria,22,12,11,2,6,0.157833,0.9101259803,,,
e1_escalabilidad_n,bt,cpp,aleatoria,22,12,11,2,7,0.157334,0.9101259803,,,
e1_escalabilidad_n,bt,cpp,aleatoria,22,12,11,2,8,0.138416,0.9101259803,,,
e1_escalabilidad_n,bt,cpp,aleatoria,22,12,11,2,9,0.136875,0.9101259803,,,
e1_escalabilidad_n,bt,cpp,aleatoria,22,12,11,2,10,0.136334,0.9101259803,,,
e1_escalabilidad_n,pd,cpp,aleatoria,22,12,11,0,1,0.005791,0.7837510383,,,
e1_escalabilidad_n,pd,cpp,aleatoria,22,12,11,0,2,0.005709,0.7837510383,,,
e1_escalabilidad_n,pd,cpp,aleatoria,22,12,11,0,3,0.005583,0.7837510383,,,
e1_escalabilidad_n,pd,cpp,aleatoria,22,12,11,0,4,0.005708,0.7837510383,,,
e1_escalabilidad_n,pd,cpp,aleatoria,22,12,11,0,5,0.0065,0.7837510383,,,
e1_escalabilidad_n,pd,cpp,aleatoria,22,12,11,0,6,0.005833,0.7837510383,,,
e1_escalabilidad_n,pd,cpp,aleatoria,22,12,11,0,7,0.005541,0.7837510383,,,
e1_escalabilidad_n,pd,cpp,aleatoria,22,12,11,0,8,0.005417,0.7837510383,,,
e1_escalabilidad_n,pd,cpp,aleatoria,22,12,11,0,9,0.005625,0.7837510383,,,
e1_escalabilidad_n,pd,cpp,aleatoria,22,12,11,0,10,0.0055,0.7837510383,,,
e1_escalabilidad_n,pd,cpp,aleatoria,22,12,11,1,1,0.005458,0.7273850975,,,
e1_escalabilidad_n,pd,cpp,aleatoria,22,12,11,1,2,0.005375,0.7273850975,,,
e1_escalabilidad_n,pd,cpp,aleatoria,22,12,11,1,3,0.005333,0.7273850975,,,
e1_escalabilidad_n,pd,cpp,aleatoria,22,12,11,1,4,0.006458,0.7273850975,,,
e1_escalabilidad_n,pd,cpp,aleatoria,22,12,11,1,5,0.005375,0.7273850975,,,
e1_escalabilidad_n,pd,cpp,aleatoria,22,12,11,1,6,0.006,0.7273850975,,,
e1_escalabilidad_n,pd,cpp,aleatoria,22,12,11,1,7,0.005292,0.7273850975,,,
e1_escalabilidad_n,pd,cpp,aleatoria,22,12,11,1,8,0.005291,0.7273850975,,,
e1_escalabilidad_n,pd,cpp,aleatoria,22,12,11,1,9,0.005375,0.7273850975,,,
e1_escalabilidad_n,pd,cpp,aleatoria,22,12,11,1,10,0.005875,0.7273850975,,,
e1_escalabilidad_n,pd,cpp,aleatoria,22,12,11,2,1,0.005584,0.9101259803,,,
e1_escalabilidad_n,pd,cpp,aleatoria,22,12,11,2,2,0.005875,0.9101259803,,,
e1_escalabilidad_n,pd,cpp,aleatoria,22,12,11,2,3,0.005292,0.9101259803,,,
e1_escalabilidad_n,pd,cpp,aleatoria,22,12,11,2,4,0.005625,0.9101259803,,,
e1_escalabilidad_n,pd,cpp,aleatoria,22,12,11,2,5,0.005291,0.9101259803,,,
e1_escalabilidad_n,pd,cpp,aleatoria,22,12,11,2,6,0.005417,0.9101259803,,,
e1_escalabilidad_n,pd,cpp,aleatoria,22,12,11,2,7,0.006083,0.9101259803,,,
e1_escalabilidad_n,pd,cpp,aleatoria,22,12,11,2,8,0.005458,0.9101259803,,,
e1_escalabilidad_n,pd,cpp,aleatoria,22,12,11,2,9,0.005292,0.9101259803,,,
e1_escalabilidad_n,pd,cpp,aleatoria,22,12,11,2,10,0.005417,0.9101259803,,,
e1_escalabilidad_n,fb,cpp,aleatoria,24,12,12,0,1,404.122292,1.060278397,,,
e1_escalabilidad_n,fb,cpp,aleatoria,24,12,12,0,2,402.892125,1.060278397,,,
e1_escalabilidad_n,fb,cpp,aleatoria,24,12,12,0,3,400.84025,1.060278397,,,
e1_escalabilidad_n,fb,cpp,aleatoria,24,12,12,0,4,407.699209,1.060278397,,,
e1_escalabilidad_n,fb,cpp,aleatoria,24,12,12,0,5,405.092791,1.060278397,,,
e1_escalabilidad_n,fb,cpp,aleatoria,24,12,12,0,6,411.905625,1.060278397,,,
e1_escalabilidad_n,fb,cpp,aleatoria,24,12,12,0,7,411.892458,1.060278397,,,
e1_escalabilidad_n,fb,cpp,aleatoria,24,12,12,0,8,405.199875,1.060278397,,,
e1_escalabilidad_n,fb,cpp,aleatoria,24,12,12,0,9,404.731708,1.060278397,,,
e1_escalabilidad_n,fb,cpp,aleatoria,24,12,12,0,10,400.518791,1.060278397,,,
e1_escalabilidad_n,fb,cpp,aleatoria,24,12,12,1,1,403.958833,0.9917728571,,,
e1_escalabilidad_n,fb,cpp,aleatoria,24,12,12,1,2,403.732708,0.9917728571,,,
e1_escalabilidad_n,fb,cpp,aleatoria,24,12,12,1,3,409.855083,0.9917728571,,,
e1_escalabilidad_n,fb,cpp,aleatoria,24,12,12,1,4,416.650208,0.9917728571,,,
e1_escalabilidad_n,fb,cpp,aleatoria,24,12,12,1,5,415.3815,0.9917728571,,,
e1_escalabilidad_n,fb,cpp,aleatoria,24,12,12,1,6,401.9225,0.9917728571,,,
e1_escalabilidad_n,fb,cpp,aleatoria,24,12,12,1,7,403.922834,0.9917728571,,,
e1_escalabilidad_n,fb,cpp,aleatoria,24,12,12,1,8,408.483708,0.9917728571,,,
e1_escalabilidad_n,fb,cpp,aleatoria,24,12,12,1,9,418.217084,0.9917728571,,,
e1_escalabilidad_n,fb,cpp,aleatoria,24,12,12,1,10,414.309791,0.9917728571,,,
e1_escalabilidad_n,fb,cpp,aleatoria,24,12,12,2,1,417.255,0.8702192712,,,
e1_escalabilidad_n,fb,cpp,aleatoria,24,12,12,2,2,414.233208,0.8702192712,,,
e1_escalabilidad_n,fb,cpp,aleatoria,24,12,12,2,3,408.310125,0.8702192712,,,
e1_escalabilidad_n,fb,cpp,aleatoria,24,12,12,2,4,406.885875,0.8702192712,,,
e1_escalabilidad_n,fb,cpp,aleatoria,24,12,12,2,5,401.02825,0.8702192712,,,
e1_escalabilidad_n,fb,cpp,aleatoria,24,12,12,2,6,406.767583,0.8702192712,,,
e1_escalabilidad_n,fb,cpp,aleatoria,24,12,12,2,7,420.506083,0.8702192712,,,
e1_escalabilidad_n,fb,cpp,aleatoria,24,12,12,2,8,412.759292,0.8702192712,,,
e1_escalabilidad_n,fb,cpp,aleatoria,24,12,12,2,9,410.353083,0.8702192712,,,
e1_escalabilidad_n,fb,cpp,aleatoria,24,12,12,2,10,417.11225,0.8702192712,,,
e1_escalabilidad_n,bt,cpp,aleatoria,24,12,12,0,1,0.133625,1.060278397,,,
e1_escalabilidad_n,bt,cpp,aleatoria,24,12,12,0,2,0.133375,1.060278397,,,
e1_escalabilidad_n,bt,cpp,aleatoria,24,12,12,0,3,0.164584,1.060278397,,,
e1_escalabilidad_n,bt,cpp,aleatoria,24,12,12,0,4,0.15125,1.060278397,,,
e1_escalabilidad_n,bt,cpp,aleatoria,24,12,12,0,5,0.136208,1.060278397,,,
e1_escalabilidad_n,bt,cpp,aleatoria,24,12,12,0,6,0.14125,1.060278397,,,
e1_escalabilidad_n,bt,cpp,aleatoria,24,12,12,0,7,0.12775,1.060278397,,,
e1_escalabilidad_n,bt,cpp,aleatoria,24,12,12,0,8,0.1455,1.060278397,,,
e1_escalabilidad_n,bt,cpp,aleatoria,24,12,12,0,9,0.12775,1.060278397,,,
e1_escalabilidad_n,bt,cpp,aleatoria,24,12,12,0,10,0.128458,1.060278397,,,
e1_escalabilidad_n,bt,cpp,aleatoria,24,12,12,1,1,0.225042,0.9917728571,,,
e1_escalabilidad_n,bt,cpp,aleatoria,24,12,12,1,2,0.238333,0.9917728571,,,
e1_escalabilidad_n,bt,cpp,aleatoria,24,12,12,1,3,0.2515,0.9917728571,,,
e1_escalabilidad_n,bt,cpp,aleatoria,24,12,12,1,4,0.239875,0.9917728571,,,
e1_escalabilidad_n,bt,cpp,aleatoria,24,12,12,1,5,0.240541,0.9917728571,,,
e1_escalabilidad_n,bt,cpp,aleatoria,24,12,12,1,6,0.239708,0.9917728571,,,
e1_escalabilidad_n,bt,cpp,aleatoria,24,12,12,1,7,0.243875,0.9917728571,,,
e1_escalabilidad_n,bt,cpp,aleatoria,24,12,12,1,8,0.24075,0.9917728571,,,
e1_escalabilidad_n,bt,cpp,aleatoria,24,12,12,1,9,0.239375,0.9917728571,,,
e1_escalabilidad_n,bt,cpp,aleatoria,24,12,12,1,10,0.23775,0.9917728571,,,
e1_escalabilidad_n,bt,cpp,aleatoria,24,12,12,2,1,0.064833,0.8702192712,,,
e1_escalabilidad_n,bt,cpp,aleatoria,24,12,12,2,2,0.074292,0.8702192712,,,
e1_escalabilidad_n,bt,cpp,aleatoria,24,12,12,2,3,0.068833,0.8702192712,,,
e1_escalabilidad_n,bt,cpp,aleatoria,24,12,12,2,4,0.064584,0.8702192712,,,
e1_escalabilidad_n,bt,cpp,aleatoria,24,12,12,2,5,0.060083,0.8702192712,,,
e1_escalabilidad_n,bt,cpp,aleatoria,24,12,12,2,6,0.067583,0.8702192712,,,
e1_escalabilidad_n,bt,cpp,aleatoria,24,12,12,2,7,0.06,0.8702192712,,,
e1_escalabilidad_n,bt,cpp,aleatoria,24,12,12,2,8,0.074417,0.8702192712,,,
e1_escalabilidad_n,bt,cpp,aleatoria,24,12,12,2,9,0.065416,0.8702192712,,,
e1_escalabilidad_n,bt,cpp,aleatoria,24,12,12,2,10,0.064625,0.8702192712,,,
e1_escalabilidad_n,pd,cpp,aleatoria,24,12,12,0,1,0.015,1.060278397,,,
e1_escalabilidad_n,pd,cpp,aleatoria,24,12,12,0,2,0.007292,1.060278397,,,
e1_escalabilidad_n,pd,cpp,aleatoria,24,12,12,0,3,0.007125,1.060278397,,,
e1_escalabilidad_n,pd,cpp,aleatoria,24,12,12,0,4,0.008167,1.060278397,,,
e1_escalabilidad_n,pd,cpp,aleatoria,24,12,12,0,5,0.007709,1.060278397,,,
e1_escalabilidad_n,pd,cpp,aleatoria,24,12,12,0,6,0.007125,1.060278397,,,
e1_escalabilidad_n,pd,cpp,aleatoria,24,12,12,0,7,0.006833,1.060278397,,,
e1_escalabilidad_n,pd,cpp,aleatoria,24,12,12,0,8,0.007417,1.060278397,,,
e1_escalabilidad_n,pd,cpp,aleatoria,24,12,12,0,9,0.007334,1.060278397,,,
e1_escalabilidad_n,pd,cpp,aleatoria,24,12,12,0,10,0.007,1.060278397,,,
e1_escalabilidad_n,pd,cpp,aleatoria,24,12,12,1,1,0.006916,0.9917728571,,,
e1_escalabilidad_n,pd,cpp,aleatoria,24,12,12,1,2,0.006833,0.9917728571,,,
e1_escalabilidad_n,pd,cpp,aleatoria,24,12,12,1,3,0.007167,0.9917728571,,,
e1_escalabilidad_n,pd,cpp,aleatoria,24,12,12,1,4,0.007125,0.9917728571,,,
e1_escalabilidad_n,pd,cpp,aleatoria,24,12,12,1,5,0.008,0.9917728571,,,
e1_escalabilidad_n,pd,cpp,aleatoria,24,12,12,1,6,0.007167,0.9917728571,,,
e1_escalabilidad_n,pd,cpp,aleatoria,24,12,12,1,7,0.007083,0.9917728571,,,
e1_escalabilidad_n,pd,cpp,aleatoria,24,12,12,1,8,0.007,0.9917728571,,,
e1_escalabilidad_n,pd,cpp,aleatoria,24,12,12,1,9,0.007167,0.9917728571,,,
e1_escalabilidad_n,pd,cpp,aleatoria,24,12,12,1,10,0.007166,0.9917728571,,,
e1_escalabilidad_n,pd,cpp,aleatoria,24,12,12,2,1,0.007167,0.8702192712,,,
e1_escalabilidad_n,pd,cpp,aleatoria,24,12,12,2,2,0.007083,0.8702192712,,,
e1_escalabilidad_n,pd,cpp,aleatoria,24,12,12,2,3,0.007375,0.8702192712,,,
e1_escalabilidad_n,pd,cpp,aleatoria,24,12,12,2,4,0.006833,0.8702192712,,,
e1_escalabilidad_n,pd,cpp,aleatoria,24,12,12,2,5,0.007083,0.8702192712,,,
e1_escalabilidad_n,pd,cpp,aleatoria,24,12,12,2,6,0.01,0.8702192712,,,
e1_escalabilidad_n,pd,cpp,aleatoria,24,12,12,2,7,0.007,0.8702192712,,,
e1_escalabilidad_n,pd,cpp,aleatoria,24,12,12,2,8,0.006792,0.8702192712,,,
e1_escalabilidad_n,pd,cpp,aleatoria,24,12,12,2,9,0.007375,0.8702192712,,,
e1_escalabilidad_n,pd,cpp,aleatoria,24,12,12,2,10,0.007209,0.8702192712,,,
e1_escalabilidad_n,fb,cpp,aleatoria,26,12,13,0,1,1547.855833,1.122771722,,,
e1_escalabilidad_n,fb,cpp,aleatoria,26,12,13,0,2,1581.957041,1.122771722,,,
e1_escalabilidad_n,fb,cpp,aleatoria,26,12,13,0,3,1521.915375,1.122771722,,,
e1_escalabilidad_n,fb,cpp,aleatoria,26,12,13,0,4,1538.431792,1.122771722,,,
e1_escalabilidad_n,fb,cpp,aleatoria,26,12,13,0,5,1489.2675,1.122771722,,,
e1_escalabilidad_n,fb,cpp,aleatoria,26,12,13,0,6,1500.862958,1.122771722,,,
e1_escalabilidad_n,fb,cpp,aleatoria,26,12,13,0,7,1524.496625,1.122771722,,,
e1_escalabilidad_n,fb,cpp,aleatoria,26,12,13,0,8,1579.452083,1.122771722,,,
e1_escalabilidad_n,fb,cpp,aleatoria,26,12,13,0,9,1791.378209,1.122771722,,,
e1_escalabilidad_n,fb,cpp,aleatoria,26,12,13,0,10,1729.705334,1.122771722,,,
e1_escalabilidad_n,fb,cpp,aleatoria,26,12,13,1,1,2112.98275,1.052646099,,,
e1_escalabilidad_n,fb,cpp,aleatoria,26,12,13,1,2,1628.061375,1.052646099,,,
e1_escalabilidad_n,fb,cpp,aleatoria,26,12,13,1,3,1646.385875,1.052646099,,,
e1_escalabilidad_n,fb,cpp,aleatoria,26,12,13,1,4,1593.859542,1.052646099,,,
e1_escalabilidad_n,fb,cpp,aleatoria,26,12,13,1,5,1550.780709,1.052646099,,,
e1_escalabilidad_n,fb,cpp,aleatoria,26,12,13,1,6,1610.233667,1.052646099,,,
e1_escalabilidad_n,fb,cpp,aleatoria,26,12,13,1,7,1575.550791,1.052646099,,,
e1_escalabilidad_n,fb,cpp,aleatoria,26,12,13,1,8,1543.096875,1.052646099,,,
e1_escalabilidad_n,fb,cpp,aleatoria,26,12,13,1,9,1555.265208,1.052646099,,,
e1_escalabilidad_n,fb,cpp,aleatoria,26,12,13,1,10,1600.035209,1.052646099,,,
e1_escalabilidad_n,fb,cpp,aleatoria,26,12,13,2,1,1585.74275,1.271421563,,,
e1_escalabilidad_n,fb,cpp,aleatoria,26,12,13,2,2,1692.239875,1.271421563,,,
e1_escalabilidad_n,fb,cpp,aleatoria,26,12,13,2,3,1749.202208,1.271421563,,,
e1_escalabilidad_n,fb,cpp,aleatoria,26,12,13,2,4,1593.774791,1.271421563,,,
e1_escalabilidad_n,fb,cpp,aleatoria,26,12,13,2,5,1577.773667,1.271421563,,,
e1_escalabilidad_n,fb,cpp,aleatoria,26,12,13,2,6,1584.96425,1.271421563,,,
e1_escalabilidad_n,fb,cpp,aleatoria,26,12,13,2,7,1586.506083,1.271421563,,,
e1_escalabilidad_n,fb,cpp,aleatoria,26,12,13,2,8,1585.745916,1.271421563,,,
e1_escalabilidad_n,fb,cpp,aleatoria,26,12,13,2,9,1589.509667,1.271421563,,,
e1_escalabilidad_n,fb,cpp,aleatoria,26,12,13,2,10,1598.460375,1.271421563,,,
e1_escalabilidad_n,bt,cpp,aleatoria,26,12,13,0,1,0.309459,1.122771722,,,
e1_escalabilidad_n,bt,cpp,aleatoria,26,12,13,0,2,0.316458,1.122771722,,,
e1_escalabilidad_n,bt,cpp,aleatoria,26,12,13,0,3,0.310583,1.122771722,,,
e1_escalabilidad_n,bt,cpp,aleatoria,26,12,13,0,4,0.285708,1.122771722,,,
e1_escalabilidad_n,bt,cpp,aleatoria,26,12,13,0,5,0.308333,1.122771722,,,
e1_escalabilidad_n,bt,cpp,aleatoria,26,12,13,0,6,0.313458,1.122771722,,,
e1_escalabilidad_n,bt,cpp,aleatoria,26,12,13,0,7,0.307375,1.122771722,,,
e1_escalabilidad_n,bt,cpp,aleatoria,26,12,13,0,8,0.306708,1.122771722,,,
e1_escalabilidad_n,bt,cpp,aleatoria,26,12,13,0,9,0.307583,1.122771722,,,
e1_escalabilidad_n,bt,cpp,aleatoria,26,12,13,0,10,0.308417,1.122771722,,,
e1_escalabilidad_n,bt,cpp,aleatoria,26,12,13,1,1,0.172833,1.052646099,,,
e1_escalabilidad_n,bt,cpp,aleatoria,26,12,13,1,2,0.169458,1.052646099,,,
e1_escalabilidad_n,bt,cpp,aleatoria,26,12,13,1,3,0.172584,1.052646099,,,
e1_escalabilidad_n,bt,cpp,aleatoria,26,12,13,1,4,0.180625,1.052646099,,,
e1_escalabilidad_n,bt,cpp,aleatoria,26,12,13,1,5,0.165208,1.052646099,,,
e1_escalabilidad_n,bt,cpp,aleatoria,26,12,13,1,6,0.156708,1.052646099,,,
e1_escalabilidad_n,bt,cpp,aleatoria,26,12,13,1,7,0.1575,1.052646099,,,
e1_escalabilidad_n,bt,cpp,aleatoria,26,12,13,1,8,0.174167,1.052646099,,,
e1_escalabilidad_n,bt,cpp,aleatoria,26,12,13,1,9,0.171625,1.052646099,,,
e1_escalabilidad_n,bt,cpp,aleatoria,26,12,13,1,10,0.15725,1.052646099,,,
e1_escalabilidad_n,bt,cpp,aleatoria,26,12,13,2,1,0.409792,1.271421563,,,
e1_escalabilidad_n,bt,cpp,aleatoria,26,12,13,2,2,0.412375,1.271421563,,,
e1_escalabilidad_n,bt,cpp,aleatoria,26,12,13,2,3,0.408917,1.271421563,,,
e1_escalabilidad_n,bt,cpp,aleatoria,26,12,13,2,4,0.412167,1.271421563,,,
e1_escalabilidad_n,bt,cpp,aleatoria,26,12,13,2,5,0.455041,1.271421563,,,
e1_escalabilidad_n,bt,cpp,aleatoria,26,12,13,2,6,0.38075,1.271421563,,,
e1_escalabilidad_n,bt,cpp,aleatoria,26,12,13,2,7,0.406167,1.271421563,,,
e1_escalabilidad_n,bt,cpp,aleatoria,26,12,13,2,8,0.406917,1.271421563,,,
e1_escalabilidad_n,bt,cpp,aleatoria,26,12,13,2,9,0.413375,1.271421563,,,
e1_escalabilidad_n,bt,cpp,aleatoria,26,12,13,2,10,0.415875,1.271421563,,,
e1_escalabilidad_n,pd,cpp,aleatoria,26,12,13,0,1,0.00825,1.122771722,,,
e1_escalabilidad_n,pd,cpp,aleatoria,26,12,13,0,2,0.008459,1.122771722,,,
e1_escalabilidad_n,pd,cpp,aleatoria,26,12,13,0,3,0.008667,1.122771722,,,
e1_escalabilidad_n,pd,cpp,aleatoria,26,12,13,0,4,0.008208,1.122771722,,,
e1_escalabilidad_n,pd,cpp,aleatoria,26,12,13,0,5,0.008666,1.122771722,,,
e1_escalabilidad_n,pd,cpp,aleatoria,26,12,13,0,6,0.008167,1.122771722,,,
e1_escalabilidad_n,pd,cpp,aleatoria,26,12,13,0,7,0.008,1.122771722,,,
e1_escalabilidad_n,pd,cpp,aleatoria,26,12,13,0,8,0.008084,1.122771722,,,
e1_escalabilidad_n,pd,cpp,aleatoria,26,12,13,0,9,0.008083,1.122771722,,,
e1_escalabilidad_n,pd,cpp,aleatoria,26,12,13,0,10,0.008417,1.122771722,,,
e1_escalabilidad_n,pd,cpp,aleatoria,26,12,13,1,1,0.008333,1.052646099,,,
e1_escalabilidad_n,pd,cpp,aleatoria,26,12,13,1,2,0.008,1.052646099,,,
e1_escalabilidad_n,pd,cpp,aleatoria,26,12,13,1,3,0.008208,1.052646099,,,
e1_escalabilidad_n,pd,cpp,aleatoria,26,12,13,1,4,0.008292,1.052646099,,,
e1_escalabilidad_n,pd,cpp,aleatoria,26,12,13,1,5,0.008541,1.052646099,,,
e1_escalabilidad_n,pd,cpp,aleatoria,26,12,13,1,6,0.009708,1.052646099,,,
e1_escalabilidad_n,pd,cpp,aleatoria,26,12,13,1,7,0.008125,1.052646099,,,
e1_escalabilidad_n,pd,cpp,aleatoria,26,12,13,1,8,0.007875,1.052646099,,,
e1_escalabilidad_n,pd,cpp,aleatoria,26,12,13,1,9,0.008083,1.052646099,,,
e1_escalabilidad_n,pd,cpp,aleatoria,26,12,13,1,10,0.008042,1.052646099,,,
e1_escalabilidad_n,pd,cpp,aleatoria,26,12,13,2,1,0.009291,1.271421563,,,
e1_escalabilidad_n,pd,cpp,aleatoria,26,12,13,2,2,0.008042,1.271421563,,,
e1_escalabilidad_n,pd,cpp,aleatoria,26,12,13,2,3,0.008458,1.271421563,,,
e1_escalabilidad_n,pd,cpp,aleatoria,26,12,13,2,4,0.009334,1.271421563,,,
e1_escalabilidad_n,pd,cpp,aleatoria,26,12,13,2,5,0.008042,1.271421563,,,
e1_escalabilidad_n,pd,cpp,aleatoria,26,12,13,2,6,0.008209,1.271421563,,,
e1_escalabilidad_n,pd,cpp,aleatoria,26,12,13,2,7,0.00875,1.271421563,,,
e1_escalabilidad_n,pd,cpp,aleatoria,26,12,13,2,8,0.008125,1.271421563,,,
e1_escalabilidad_n,pd,cpp,aleatoria,26,12,13,2,9,0.008166,1.271421563,,,
e1_escalabilidad_n,pd,cpp,aleatoria,26,12,13,2,10,0.008125,1.271421563,,,
e1_escalabilidad_n,fb,cpp,aleatoria,28,12,14,0,1,6644.141417,0.8192872207,,,
e1_escalabilidad_n,fb,cpp,aleatoria,28,12,14,0,2,6576.81075,0.8192872207,,,
e1_escalabilidad_n,fb,cpp,aleatoria,28,12,14,0,3,6603.006708,0.8192872207,,,
e1_escalabilidad_n,fb,cpp,aleatoria,28,12,14,0,4,6628.089708,0.8192872207,,,
e1_escalabilidad_n,fb,cpp,aleatoria,28,12,14,0,5,6452.650709,0.8192872207,,,
e1_escalabilidad_n,fb,cpp,aleatoria,28,12,14,0,6,6516.631,0.8192872207,,,
e1_escalabilidad_n,fb,cpp,aleatoria,28,12,14,0,7,6503.390667,0.8192872207,,,
e1_escalabilidad_n,fb,cpp,aleatoria,28,12,14,0,8,6407.090834,0.8192872207,,,
e1_escalabilidad_n,fb,cpp,aleatoria,28,12,14,0,9,6580.724125,0.8192872207,,,
e1_escalabilidad_n,fb,cpp,aleatoria,28,12,14,0,10,6486.982334,0.8192872207,,,
e1_escalabilidad_n,fb,cpp,aleatoria,28,12,14,1,1,6587.543584,0.9985945774,,,
e1_escalabilidad_n,fb,cpp,aleatoria,28,12,14,1,2,6596.09925,0.9985945774,,,
e1_escalabilidad_n,fb,cpp,aleatoria,28,12,14,1,3,6606.019625,0.9985945774,,,
e1_escalabilidad_n,fb,cpp,aleatoria,28,12,14,1,4,6704.347333,0.9985945774,,,
e1_escalabilidad_n,fb,cpp,aleatoria,28,12,14,1,5,6679.9245,0.9985945774,,,
e1_escalabilidad_n,fb,cpp,aleatoria,28,12,14,1,6,6479.631666,0.9985945774,,,
e1_escalabilidad_n,fb,cpp,aleatoria,28,12,14,1,7,6445.020917,0.9985945774,,,
e1_escalabilidad_n,fb,cpp,aleatoria,28,12,14,1,8,6587.312708,0.9985945774,,,
e1_escalabilidad_n,fb,cpp,aleatoria,28,12,14,1,9,6454.845084,0.9985945774,,,
e1_escalabilidad_n,fb,cpp,aleatoria,28,12,14,1,10,6473.989209,0.9985945774,,,
e1_escalabilidad_n,fb,cpp,aleatoria,28,12,14,2,1,6630.854875,1.049719605,,,
e1_escalabilidad_n,fb,cpp,aleatoria,28,12,14,2,2,6530.822916,1.049719605,,,
e1_escalabilidad_n,fb,cpp,aleatoria,28,12,14,2,3,6480.70825,1.049719605,,,
e1_escalabilidad_n,fb,cpp,aleatoria,28,12,14,2,4,6459.275,1.049719605,,,
e1_escalabilidad_n,fb,cpp,aleatoria,28,12,14,2,5,6612.844291,1.049719605,,,
e1_escalabilidad_n,fb,cpp,aleatoria,28,12,14,2,6,6531.647542,1.049719605,,,
e1_escalabilidad_n,fb,cpp,aleatoria,28,12,14,2,7,6614.262916,1.049719605,,,
e1_escalabilidad_n,fb,cpp,aleatoria,28,12,14,2,8,6455.471334,1.049719605,,,
e1_escalabilidad_n,fb,cpp,aleatoria,28,12,14,2,9,6620.204958,1.049719605,,,
e1_escalabilidad_n,fb,cpp,aleatoria,28,12,14,2,10,6574.931834,1.049719605,,,
e1_escalabilidad_n,bt,cpp,aleatoria,28,12,14,0,1,0.067584,0.8192872207,,,
e1_escalabilidad_n,bt,cpp,aleatoria,28,12,14,0,2,0.067042,0.8192872207,,,
e1_escalabilidad_n,bt,cpp,aleatoria,28,12,14,0,3,0.0765,0.8192872207,,,
e1_escalabilidad_n,bt,cpp,aleatoria,28,12,14,0,4,0.066583,0.8192872207,,,
e1_escalabilidad_n,bt,cpp,aleatoria,28,12,14,0,5,0.062958,0.8192872207,,,
e1_escalabilidad_n,bt,cpp,aleatoria,28,12,14,0,6,0.067041,0.8192872207,,,
e1_escalabilidad_n,bt,cpp,aleatoria,28,12,14,0,7,0.072791,0.8192872207,,,
e1_escalabilidad_n,bt,cpp,aleatoria,28,12,14,0,8,0.0675,0.8192872207,,,
e1_escalabilidad_n,bt,cpp,aleatoria,28,12,14,0,9,0.066208,0.8192872207,,,
e1_escalabilidad_n,bt,cpp,aleatoria,28,12,14,0,10,0.070625,0.8192872207,,,
e1_escalabilidad_n,bt,cpp,aleatoria,28,12,14,1,1,0.239959,0.9985945774,,,
e1_escalabilidad_n,bt,cpp,aleatoria,28,12,14,1,2,0.235541,0.9985945774,,,
e1_escalabilidad_n,bt,cpp,aleatoria,28,12,14,1,3,0.259458,0.9985945774,,,
e1_escalabilidad_n,bt,cpp,aleatoria,28,12,14,1,4,0.234375,0.9985945774,,,
e1_escalabilidad_n,bt,cpp,aleatoria,28,12,14,1,5,0.245667,0.9985945774,,,
e1_escalabilidad_n,bt,cpp,aleatoria,28,12,14,1,6,0.242625,0.9985945774,,,
e1_escalabilidad_n,bt,cpp,aleatoria,28,12,14,1,7,0.244833,0.9985945774,,,
e1_escalabilidad_n,bt,cpp,aleatoria,28,12,14,1,8,0.259208,0.9985945774,,,
e1_escalabilidad_n,bt,cpp,aleatoria,28,12,14,1,9,0.236542,0.9985945774,,,
e1_escalabilidad_n,bt,cpp,aleatoria,28,12,14,1,10,0.237167,0.9985945774,,,
e1_escalabilidad_n,bt,cpp,aleatoria,28,12,14,2,1,0.351625,1.049719605,,,
e1_escalabilidad_n,bt,cpp,aleatoria,28,12,14,2,2,0.335,1.049719605,,,
e1_escalabilidad_n,bt,cpp,aleatoria,28,12,14,2,3,0.318375,1.049719605,,,
e1_escalabilidad_n,bt,cpp,aleatoria,28,12,14,2,4,0.333667,1.049719605,,,
e1_escalabilidad_n,bt,cpp,aleatoria,28,12,14,2,5,0.342375,1.049719605,,,
e1_escalabilidad_n,bt,cpp,aleatoria,28,12,14,2,6,0.351125,1.049719605,,,
e1_escalabilidad_n,bt,cpp,aleatoria,28,12,14,2,7,0.316083,1.049719605,,,
e1_escalabilidad_n,bt,cpp,aleatoria,28,12,14,2,8,0.315208,1.049719605,,,
e1_escalabilidad_n,bt,cpp,aleatoria,28,12,14,2,9,0.317959,1.049719605,,,
e1_escalabilidad_n,bt,cpp,aleatoria,28,12,14,2,10,0.331333,1.049719605,,,
e1_escalabilidad_n,pd,cpp,aleatoria,28,12,14,0,1,0.009458,0.8192872207,,,
e1_escalabilidad_n,pd,cpp,aleatoria,28,12,14,0,2,0.009417,0.8192872207,,,
e1_escalabilidad_n,pd,cpp,aleatoria,28,12,14,0,3,0.009625,0.8192872207,,,
e1_escalabilidad_n,pd,cpp,aleatoria,28,12,14,0,4,0.00925,0.8192872207,,,
e1_escalabilidad_n,pd,cpp,aleatoria,28,12,14,0,5,0.008916,0.8192872207,,,
e1_escalabilidad_n,pd,cpp,aleatoria,28,12,14,0,6,0.009375,0.8192872207,,,
e1_escalabilidad_n,pd,cpp,aleatoria,28,12,14,0,7,0.0105,0.8192872207,,,
e1_escalabilidad_n,pd,cpp,aleatoria,28,12,14,0,8,0.009458,0.8192872207,,,
e1_escalabilidad_n,pd,cpp,aleatoria,28,12,14,0,9,0.009125,0.8192872207,,,
e1_escalabilidad_n,pd,cpp,aleatoria,28,12,14,0,10,0.009208,0.8192872207,,,
e1_escalabilidad_n,pd,cpp,aleatoria,28,12,14,1,1,0.009458,0.9985945774,,,
e1_escalabilidad_n,pd,cpp,aleatoria,28,12,14,1,2,0.009208,0.9985945774,,,
e1_escalabilidad_n,pd,cpp,aleatoria,28,12,14,1,3,0.009208,0.9985945774,,,
e1_escalabilidad_n,pd,cpp,aleatoria,28,12,14,1,4,0.009084,0.9985945774,,,
e1_escalabilidad_n,pd,cpp,aleatoria,28,12,14,1,5,0.009209,0.9985945774,,,
e1_escalabilidad_n,pd,cpp,aleatoria,28,12,14,1,6,0.009167,0.9985945774,,,
e1_escalabilidad_n,pd,cpp,aleatoria,28,12,14,1,7,0.011292,0.9985945774,,,
e1_escalabilidad_n,pd,cpp,aleatoria,28,12,14,1,8,0.01025,0.9985945774,,,
e1_escalabilidad_n,pd,cpp,aleatoria,28,12,14,1,9,0.010416,0.9985945774,,,
e1_escalabilidad_n,pd,cpp,aleatoria,28,12,14,1,10,0.008958,0.9985945774,,,
e1_escalabilidad_n,pd,cpp,aleatoria,28,12,14,2,1,0.009208,1.049719605,,,
e1_escalabilidad_n,pd,cpp,aleatoria,28,12,14,2,2,0.009042,1.049719605,,,
e1_escalabilidad_n,pd,cpp,aleatoria,28,12,14,2,3,0.00975,1.049719605,,,
e1_escalabilidad_n,pd,cpp,aleatoria,28,12,14,2,4,0.009084,1.049719605,,,
e1_escalabilidad_n,pd,cpp,aleatoria,28,12,14,2,5,0.009625,1.049719605,,,
e1_escalabilidad_n,pd,cpp,aleatoria,28,12,14,2,6,0.010291,1.049719605,,,
e1_escalabilidad_n,pd,cpp,aleatoria,28,12,14,2,7,0.009125,1.049719605,,,
e1_escalabilidad_n,pd,cpp,aleatoria,28,12,14,2,8,0.009083,1.049719605,,,
e1_escalabilidad_n,pd,cpp,aleatoria,28,12,14,2,9,0.009209,1.049719605,,,
e1_escalabilidad_n,pd,cpp,aleatoria,28,12,14,2,10,0.009083,1.049719605,,,
e1_escalabilidad_n,bt,cpp,aleatoria,30,12,15,0,1,0.2115,0.7939430332,,,
e1_escalabilidad_n,bt,cpp,aleatoria,30,12,15,0,2,0.210875,0.7939430332,,,
e1_escalabilidad_n,bt,cpp,aleatoria,30,12,15,0,3,0.198917,0.7939430332,,,
e1_escalabilidad_n,bt,cpp,aleatoria,30,12,15,0,4,0.191083,0.7939430332,,,
e1_escalabilidad_n,bt,cpp,aleatoria,30,12,15,0,5,0.213167,0.7939430332,,,
e1_escalabilidad_n,bt,cpp,aleatoria,30,12,15,0,6,0.215333,0.7939430332,,,
e1_escalabilidad_n,bt,cpp,aleatoria,30,12,15,0,7,0.201708,0.7939430332,,,
e1_escalabilidad_n,bt,cpp,aleatoria,30,12,15,0,8,0.209667,0.7939430332,,,
e1_escalabilidad_n,bt,cpp,aleatoria,30,12,15,0,9,0.204875,0.7939430332,,,
e1_escalabilidad_n,bt,cpp,aleatoria,30,12,15,0,10,0.24375,0.7939430332,,,
e1_escalabilidad_n,bt,cpp,aleatoria,30,12,15,1,1,0.336292,1.055106933,,,
e1_escalabilidad_n,bt,cpp,aleatoria,30,12,15,1,2,0.322416,1.055106933,,,
e1_escalabilidad_n,bt,cpp,aleatoria,30,12,15,1,3,0.388042,1.055106933,,,
e1_escalabilidad_n,bt,cpp,aleatoria,30,12,15,1,4,0.332458,1.055106933,,,
e1_escalabilidad_n,bt,cpp,aleatoria,30,12,15,1,5,0.310833,1.055106933,,,
e1_escalabilidad_n,bt,cpp,aleatoria,30,12,15,1,6,0.321083,1.055106933,,,
e1_escalabilidad_n,bt,cpp,aleatoria,30,12,15,1,7,0.335083,1.055106933,,,
e1_escalabilidad_n,bt,cpp,aleatoria,30,12,15,1,8,0.379667,1.055106933,,,
e1_escalabilidad_n,bt,cpp,aleatoria,30,12,15,1,9,0.334834,1.055106933,,,
e1_escalabilidad_n,bt,cpp,aleatoria,30,12,15,1,10,0.37325,1.055106933,,,
e1_escalabilidad_n,bt,cpp,aleatoria,30,12,15,2,1,0.66225,1.219050175,,,
e1_escalabilidad_n,bt,cpp,aleatoria,30,12,15,2,2,0.668042,1.219050175,,,
e1_escalabilidad_n,bt,cpp,aleatoria,30,12,15,2,3,0.6685,1.219050175,,,
e1_escalabilidad_n,bt,cpp,aleatoria,30,12,15,2,4,0.640208,1.219050175,,,
e1_escalabilidad_n,bt,cpp,aleatoria,30,12,15,2,5,0.719208,1.219050175,,,
e1_escalabilidad_n,bt,cpp,aleatoria,30,12,15,2,6,0.698125,1.219050175,,,
e1_escalabilidad_n,bt,cpp,aleatoria,30,12,15,2,7,0.666,1.219050175,,,
e1_escalabilidad_n,bt,cpp,aleatoria,30,12,15,2,8,0.642625,1.219050175,,,
e1_escalabilidad_n,bt,cpp,aleatoria,30,12,15,2,9,0.705125,1.219050175,,,
e1_escalabilidad_n,bt,cpp,aleatoria,30,12,15,2,10,0.730166,1.219050175,,,
e1_escalabilidad_n,pd,cpp,aleatoria,30,12,15,0,1,0.010875,0.7939430332,,,
e1_escalabilidad_n,pd,cpp,aleatoria,30,12,15,0,2,0.01075,0.7939430332,,,
e1_escalabilidad_n,pd,cpp,aleatoria,30,12,15,0,3,0.010709,0.7939430332,,,
e1_escalabilidad_n,pd,cpp,aleatoria,30,12,15,0,4,0.01075,0.7939430332,,,
e1_escalabilidad_n,pd,cpp,aleatoria,30,12,15,0,5,0.010834,0.7939430332,,,
e1_escalabilidad_n,pd,cpp,aleatoria,30,12,15,0,6,0.011,0.7939430332,,,
e1_escalabilidad_n,pd,cpp,aleatoria,30,12,15,0,7,0.010125,0.7939430332,,,
e1_escalabilidad_n,pd,cpp,aleatoria,30,12,15,0,8,0.010875,0.7939430332,,,
e1_escalabilidad_n,pd,cpp,aleatoria,30,12,15,0,9,0.010333,0.7939430332,,,
e1_escalabilidad_n,pd,cpp,aleatoria,30,12,15,0,10,0.010792,0.7939430332,,,
e1_escalabilidad_n,pd,cpp,aleatoria,30,12,15,1,1,0.01025,1.055106933,,,
e1_escalabilidad_n,pd,cpp,aleatoria,30,12,15,1,2,0.010625,1.055106933,,,
e1_escalabilidad_n,pd,cpp,aleatoria,30,12,15,1,3,0.010125,1.055106933,,,
e1_escalabilidad_n,pd,cpp,aleatoria,30,12,15,1,4,0.010333,1.055106933,,,
e1_escalabilidad_n,pd,cpp,aleatoria,30,12,15,1,5,0.010667,1.055106933,,,
e1_escalabilidad_n,pd,cpp,aleatoria,30,12,15,1,6,0.010833,1.055106933,,,
e1_escalabilidad_n,pd,cpp,aleatoria,30,12,15,1,7,0.010292,1.055106933,,,
e1_escalabilidad_n,pd,cpp,aleatoria,30,12,15,1,8,0.010583,1.055106933,,,
e1_escalabilidad_n,pd,cpp,aleatoria,30,12,15,1,9,0.011042,1.055106933,,,
e1_escalabilidad_n,pd,cpp,aleatoria,30,12,15,1,10,0.010375,1.055106933,,,
e1_escalabilidad_n,pd,cpp,aleatoria,30,12,15,2,1,0.010917,1.219050175,,,
e1_escalabilidad_n,pd,cpp,aleatoria,30,12,15,2,2,0.010167,1.219050175,,,
e1_escalabilidad_n,pd,cpp,aleatoria,30,12,15,2,3,0.010458,1.219050175,,,
e1_escalabilidad_n,pd,cpp,aleatoria,30,12,15,2,4,0.010458,1.219050175,,,
e1_escalabilidad_n,pd,cpp,aleatoria,30,12,15,2,5,0.010917,1.219050175,,,
e1_escalabilidad_n,pd,cpp,aleatoria,30,12,15,2,6,0.011542,1.219050175,,,
e1_escalabilidad_n,pd,cpp,aleatoria,30,12,15,2,7,0.010334,1.219050175,,,
e1_escalabilidad_n,pd,cpp,aleatoria,30,12,15,2,8,0.012041,1.219050175,,,
e1_escalabilidad_n,pd,cpp,aleatoria,30,12,15,2,9,0.010333,1.219050175,,,
e1_escalabilidad_n,pd,cpp,aleatoria,30,12,15,2,10,0.010333,1.219050175,,,
e1_escalabilidad_n,bt,cpp,aleatoria,34,12,17,0,1,0.376791,0.9571294218,,,
e1_escalabilidad_n,bt,cpp,aleatoria,34,12,17,0,2,0.359959,0.9571294218,,,
e1_escalabilidad_n,bt,cpp,aleatoria,34,12,17,0,3,0.366959,0.9571294218,,,
e1_escalabilidad_n,bt,cpp,aleatoria,34,12,17,0,4,0.406417,0.9571294218,,,
e1_escalabilidad_n,bt,cpp,aleatoria,34,12,17,0,5,0.411917,0.9571294218,,,
e1_escalabilidad_n,bt,cpp,aleatoria,34,12,17,0,6,0.411666,0.9571294218,,,
e1_escalabilidad_n,bt,cpp,aleatoria,34,12,17,0,7,0.373208,0.9571294218,,,
e1_escalabilidad_n,bt,cpp,aleatoria,34,12,17,0,8,0.369375,0.9571294218,,,
e1_escalabilidad_n,bt,cpp,aleatoria,34,12,17,0,9,0.382792,0.9571294218,,,
e1_escalabilidad_n,bt,cpp,aleatoria,34,12,17,0,10,0.393459,0.9571294218,,,
e1_escalabilidad_n,bt,cpp,aleatoria,34,12,17,1,1,1.041334,1.09479103,,,
e1_escalabilidad_n,bt,cpp,aleatoria,34,12,17,1,2,1.092333,1.09479103,,,
e1_escalabilidad_n,bt,cpp,aleatoria,34,12,17,1,3,1.246584,1.09479103,,,
e1_escalabilidad_n,bt,cpp,aleatoria,34,12,17,1,4,1.244416,1.09479103,,,
e1_escalabilidad_n,bt,cpp,aleatoria,34,12,17,1,5,1.023875,1.09479103,,,
e1_escalabilidad_n,bt,cpp,aleatoria,34,12,17,1,6,1.102375,1.09479103,,,
e1_escalabilidad_n,bt,cpp,aleatoria,34,12,17,1,7,1.000291,1.09479103,,,
e1_escalabilidad_n,bt,cpp,aleatoria,34,12,17,1,8,1.111375,1.09479103,,,
e1_escalabilidad_n,bt,cpp,aleatoria,34,12,17,1,9,1.117958,1.09479103,,,
e1_escalabilidad_n,bt,cpp,aleatoria,34,12,17,1,10,1.081417,1.09479103,,,
e1_escalabilidad_n,bt,cpp,aleatoria,34,12,17,2,1,0.286458,0.8963752172,,,
e1_escalabilidad_n,bt,cpp,aleatoria,34,12,17,2,2,0.290416,0.8963752172,,,
e1_escalabilidad_n,bt,cpp,aleatoria,34,12,17,2,3,0.287,0.8963752172,,,
e1_escalabilidad_n,bt,cpp,aleatoria,34,12,17,2,4,0.287208,0.8963752172,,,
e1_escalabilidad_n,bt,cpp,aleatoria,34,12,17,2,5,0.320458,0.8963752172,,,
e1_escalabilidad_n,bt,cpp,aleatoria,34,12,17,2,6,0.286292,0.8963752172,,,
e1_escalabilidad_n,bt,cpp,aleatoria,34,12,17,2,7,0.261708,0.8963752172,,,
e1_escalabilidad_n,bt,cpp,aleatoria,34,12,17,2,8,0.250084,0.8963752172,,,
e1_escalabilidad_n,bt,cpp,aleatoria,34,12,17,2,9,0.249125,0.8963752172,,,
e1_escalabilidad_n,bt,cpp,aleatoria,34,12,17,2,10,0.284167,0.8963752172,,,
e1_escalabilidad_n,pd,cpp,aleatoria,34,12,17,0,1,0.01425,0.9571294218,,,
e1_escalabilidad_n,pd,cpp,aleatoria,34,12,17,0,2,0.016208,0.9571294218,,,
e1_escalabilidad_n,pd,cpp,aleatoria,34,12,17,0,3,0.014041,0.9571294218,,,
e1_escalabilidad_n,pd,cpp,aleatoria,34,12,17,0,4,0.014458,0.9571294218,,,
e1_escalabilidad_n,pd,cpp,aleatoria,34,12,17,0,5,0.014541,0.9571294218,,,
e1_escalabilidad_n,pd,cpp,aleatoria,34,12,17,0,6,0.013625,0.9571294218,,,
e1_escalabilidad_n,pd,cpp,aleatoria,34,12,17,0,7,0.013625,0.9571294218,,,
e1_escalabilidad_n,pd,cpp,aleatoria,34,12,17,0,8,0.013792,0.9571294218,,,
e1_escalabilidad_n,pd,cpp,aleatoria,34,12,17,0,9,0.015708,0.9571294218,,,
e1_escalabilidad_n,pd,cpp,aleatoria,34,12,17,0,10,0.013625,0.9571294218,,,
e1_escalabilidad_n,pd,cpp,aleatoria,34,12,17,1,1,0.013625,1.09479103,,,
e1_escalabilidad_n,pd,cpp,aleatoria,34,12,17,1,2,0.014083,1.09479103,,,
e1_escalabilidad_n,pd,cpp,aleatoria,34,12,17,1,3,0.0135,1.09479103,,,
e1_escalabilidad_n,pd,cpp,aleatoria,34,12,17,1,4,0.014417,1.09479103,,,
e1_escalabilidad_n,pd,cpp,aleatoria,34,12,17,1,5,0.013625,1.09479103,,,
e1_escalabilidad_n,pd,cpp,aleatoria,34,12,17,1,6,0.013584,1.09479103,,,
e1_escalabilidad_n,pd,cpp,aleatoria,34,12,17,1,7,0.019708,1.09479103,,,
e1_escalabilidad_n,pd,cpp,aleatoria,34,12,17,1,8,0.013542,1.09479103,,,
e1_escalabilidad_n,pd,cpp,aleatoria,34,12,17,1,9,0.014125,1.09479103,,,
e1_escalabilidad_n,pd,cpp,aleatoria,34,12,17,1,10,0.015958,1.09479103,,,
e1_escalabilidad_n,pd,cpp,aleatoria,34,12,17,2,1,0.0135,0.8963752172,,,
e1_escalabilidad_n,pd,cpp,aleatoria,34,12,17,2,2,0.01425,0.8963752172,,,
e1_escalabilidad_n,pd,cpp,aleatoria,34,12,17,2,3,0.013667,0.8963752172,,,
e1_escalabilidad_n,pd,cpp,aleatoria,34,12,17,2,4,0.013583,0.8963752172,,,
e1_escalabilidad_n,pd,cpp,aleatoria,34,12,17,2,5,0.013875,0.8963752172,,,
e1_escalabilidad_n,pd,cpp,aleatoria,34,12,17,2,6,0.014667,0.8963752172,,,
e1_escalabilidad_n,pd,cpp,aleatoria,34,12,17,2,7,0.01375,0.8963752172,,,
e1_escalabilidad_n,pd,cpp,aleatoria,34,12,17,2,8,0.013875,0.8963752172,,,
e1_escalabilidad_n,pd,cpp,aleatoria,34,12,17,2,9,0.013458,0.8963752172,,,
e1_escalabilidad_n,pd,cpp,aleatoria,34,12,17,2,10,0.013792,0.8963752172,,,
e1_escalabilidad_n,bt,cpp,aleatoria,40,12,20,0,1,0.599209,0.8973040845,,,
e1_escalabilidad_n,bt,cpp,aleatoria,40,12,20,0,2,0.629875,0.8973040845,,,
e1_escalabilidad_n,bt,cpp,aleatoria,40,12,20,0,3,0.580708,0.8973040845,,,
e1_escalabilidad_n,bt,cpp,aleatoria,40,12,20,0,4,0.593125,0.8973040845,,,
e1_escalabilidad_n,bt,cpp,aleatoria,40,12,20,0,5,0.644542,0.8973040845,,,
e1_escalabilidad_n,bt,cpp,aleatoria,40,12,20,0,6,0.56575,0.8973040845,,,
e1_escalabilidad_n,bt,cpp,aleatoria,40,12,20,0,7,0.568166,0.8973040845,,,
e1_escalabilidad_n,bt,cpp,aleatoria,40,12,20,0,8,0.601083,0.8973040845,,,
e1_escalabilidad_n,bt,cpp,aleatoria,40,12,20,0,9,0.583083,0.8973040845,,,
e1_escalabilidad_n,bt,cpp,aleatoria,40,12,20,0,10,0.55825,0.8973040845,,,
e1_escalabilidad_n,bt,cpp,aleatoria,40,12,20,1,1,1.2585,0.9989842742,,,
e1_escalabilidad_n,bt,cpp,aleatoria,40,12,20,1,2,1.248167,0.9989842742,,,
e1_escalabilidad_n,bt,cpp,aleatoria,40,12,20,1,3,1.252875,0.9989842742,,,
e1_escalabilidad_n,bt,cpp,aleatoria,40,12,20,1,4,1.400541,0.9989842742,,,
e1_escalabilidad_n,bt,cpp,aleatoria,40,12,20,1,5,1.333375,0.9989842742,,,
e1_escalabilidad_n,bt,cpp,aleatoria,40,12,20,1,6,1.208833,0.9989842742,,,
e1_escalabilidad_n,bt,cpp,aleatoria,40,12,20,1,7,1.267958,0.9989842742,,,
e1_escalabilidad_n,bt,cpp,aleatoria,40,12,20,1,8,1.293917,0.9989842742,,,
e1_escalabilidad_n,bt,cpp,aleatoria,40,12,20,1,9,1.39275,0.9989842742,,,
e1_escalabilidad_n,bt,cpp,aleatoria,40,12,20,1,10,1.458333,0.9989842742,,,
e1_escalabilidad_n,bt,cpp,aleatoria,40,12,20,2,1,1.864667,1.169192166,,,
e1_escalabilidad_n,bt,cpp,aleatoria,40,12,20,2,2,1.874667,1.169192166,,,
e1_escalabilidad_n,bt,cpp,aleatoria,40,12,20,2,3,1.960458,1.169192166,,,
e1_escalabilidad_n,bt,cpp,aleatoria,40,12,20,2,4,2.0435,1.169192166,,,
e1_escalabilidad_n,bt,cpp,aleatoria,40,12,20,2,5,1.989958,1.169192166,,,
e1_escalabilidad_n,bt,cpp,aleatoria,40,12,20,2,6,1.882666,1.169192166,,,
e1_escalabilidad_n,bt,cpp,aleatoria,40,12,20,2,7,1.819167,1.169192166,,,
e1_escalabilidad_n,bt,cpp,aleatoria,40,12,20,2,8,1.898584,1.169192166,,,
e1_escalabilidad_n,bt,cpp,aleatoria,40,12,20,2,9,1.96275,1.169192166,,,
e1_escalabilidad_n,bt,cpp,aleatoria,40,12,20,2,10,1.92175,1.169192166,,,
e1_escalabilidad_n,pd,cpp,aleatoria,40,12,20,0,1,0.020917,0.8973040845,,,
e1_escalabilidad_n,pd,cpp,aleatoria,40,12,20,0,2,0.020583,0.8973040845,,,
e1_escalabilidad_n,pd,cpp,aleatoria,40,12,20,0,3,0.020375,0.8973040845,,,
e1_escalabilidad_n,pd,cpp,aleatoria,40,12,20,0,4,0.020125,0.8973040845,,,
e1_escalabilidad_n,pd,cpp,aleatoria,40,12,20,0,5,0.02075,0.8973040845,,,
e1_escalabilidad_n,pd,cpp,aleatoria,40,12,20,0,6,0.023042,0.8973040845,,,
e1_escalabilidad_n,pd,cpp,aleatoria,40,12,20,0,7,0.020291,0.8973040845,,,
e1_escalabilidad_n,pd,cpp,aleatoria,40,12,20,0,8,0.0235,0.8973040845,,,
e1_escalabilidad_n,pd,cpp,aleatoria,40,12,20,0,9,0.021084,0.8973040845,,,
e1_escalabilidad_n,pd,cpp,aleatoria,40,12,20,0,10,0.020875,0.8973040845,,,
e1_escalabilidad_n,pd,cpp,aleatoria,40,12,20,1,1,0.026083,0.9989842742,,,
e1_escalabilidad_n,pd,cpp,aleatoria,40,12,20,1,2,0.020125,0.9989842742,,,
e1_escalabilidad_n,pd,cpp,aleatoria,40,12,20,1,3,0.020166,0.9989842742,,,
e1_escalabilidad_n,pd,cpp,aleatoria,40,12,20,1,4,0.019834,0.9989842742,,,
e1_escalabilidad_n,pd,cpp,aleatoria,40,12,20,1,5,0.020292,0.9989842742,,,
e1_escalabilidad_n,pd,cpp,aleatoria,40,12,20,1,6,0.020542,0.9989842742,,,
e1_escalabilidad_n,pd,cpp,aleatoria,40,12,20,1,7,0.025917,0.9989842742,,,
e1_escalabilidad_n,pd,cpp,aleatoria,40,12,20,1,8,0.020459,0.9989842742,,,
e1_escalabilidad_n,pd,cpp,aleatoria,40,12,20,1,9,0.019667,0.9989842742,,,
e1_escalabilidad_n,pd,cpp,aleatoria,40,12,20,1,10,0.02025,0.9989842742,,,
e1_escalabilidad_n,pd,cpp,aleatoria,40,12,20,2,1,0.026792,1.169192166,,,
e1_escalabilidad_n,pd,cpp,aleatoria,40,12,20,2,2,0.022625,1.169192166,,,
e1_escalabilidad_n,pd,cpp,aleatoria,40,12,20,2,3,0.019708,1.169192166,,,
e1_escalabilidad_n,pd,cpp,aleatoria,40,12,20,2,4,0.020125,1.169192166,,,
e1_escalabilidad_n,pd,cpp,aleatoria,40,12,20,2,5,0.020625,1.169192166,,,
e1_escalabilidad_n,pd,cpp,aleatoria,40,12,20,2,6,0.019917,1.169192166,,,
e1_escalabilidad_n,pd,cpp,aleatoria,40,12,20,2,7,0.020625,1.169192166,,,
e1_escalabilidad_n,pd,cpp,aleatoria,40,12,20,2,8,0.023583,1.169192166,,,
e1_escalabilidad_n,pd,cpp,aleatoria,40,12,20,2,9,0.020166,1.169192166,,,
e1_escalabilidad_n,pd,cpp,aleatoria,40,12,20,2,10,0.02,1.169192166,,,
e1_escalabilidad_n,bt,cpp,aleatoria,50,12,25,0,1,2.331208,0.7697565849,,,
e1_escalabilidad_n,bt,cpp,aleatoria,50,12,25,0,2,2.288084,0.7697565849,,,
e1_escalabilidad_n,bt,cpp,aleatoria,50,12,25,0,3,2.097,0.7697565849,,,
e1_escalabilidad_n,bt,cpp,aleatoria,50,12,25,0,4,2.366125,0.7697565849,,,
e1_escalabilidad_n,bt,cpp,aleatoria,50,12,25,0,5,2.481,0.7697565849,,,
e1_escalabilidad_n,bt,cpp,aleatoria,50,12,25,0,6,2.37325,0.7697565849,,,
e1_escalabilidad_n,bt,cpp,aleatoria,50,12,25,0,7,2.289125,0.7697565849,,,
e1_escalabilidad_n,bt,cpp,aleatoria,50,12,25,0,8,2.135542,0.7697565849,,,
e1_escalabilidad_n,bt,cpp,aleatoria,50,12,25,0,9,2.364125,0.7697565849,,,
e1_escalabilidad_n,bt,cpp,aleatoria,50,12,25,0,10,2.359959,0.7697565849,,,
e1_escalabilidad_n,bt,cpp,aleatoria,50,12,25,1,1,6.073791,1.096494683,,,
e1_escalabilidad_n,bt,cpp,aleatoria,50,12,25,1,2,6.034458,1.096494683,,,
e1_escalabilidad_n,bt,cpp,aleatoria,50,12,25,1,3,5.766584,1.096494683,,,
e1_escalabilidad_n,bt,cpp,aleatoria,50,12,25,1,4,6.040958,1.096494683,,,
e1_escalabilidad_n,bt,cpp,aleatoria,50,12,25,1,5,6.129041,1.096494683,,,
e1_escalabilidad_n,bt,cpp,aleatoria,50,12,25,1,6,5.814792,1.096494683,,,
e1_escalabilidad_n,bt,cpp,aleatoria,50,12,25,1,7,6.294209,1.096494683,,,
e1_escalabilidad_n,bt,cpp,aleatoria,50,12,25,1,8,5.8015,1.096494683,,,
e1_escalabilidad_n,bt,cpp,aleatoria,50,12,25,1,9,5.933958,1.096494683,,,
e1_escalabilidad_n,bt,cpp,aleatoria,50,12,25,1,10,5.79425,1.096494683,,,
e1_escalabilidad_n,bt,cpp,aleatoria,50,12,25,2,1,2.544041,0.9139211618,,,
e1_escalabilidad_n,bt,cpp,aleatoria,50,12,25,2,2,2.377667,0.9139211618,,,
e1_escalabilidad_n,bt,cpp,aleatoria,50,12,25,2,3,2.523083,0.9139211618,,,
e1_escalabilidad_n,bt,cpp,aleatoria,50,12,25,2,4,2.602792,0.9139211618,,,
e1_escalabilidad_n,bt,cpp,aleatoria,50,12,25,2,5,2.589959,0.9139211618,,,
e1_escalabilidad_n,bt,cpp,aleatoria,50,12,25,2,6,2.51175,0.9139211618,,,
e1_escalabilidad_n,bt,cpp,aleatoria,50,12,25,2,7,2.522208,0.9139211618,,,
e1_escalabilidad_n,bt,cpp,aleatoria,50,12,25,2,8,2.797125,0.9139211618,,,
e1_escalabilidad_n,bt,cpp,aleatoria,50,12,25,2,9,2.870208,0.9139211618,,,
e1_escalabilidad_n,bt,cpp,aleatoria,50,12,25,2,10,2.413333,0.9139211618,,,
e1_escalabilidad_n,pd,cpp,aleatoria,50,12,25,0,1,0.035459,0.7697565849,,,
e1_escalabilidad_n,pd,cpp,aleatoria,50,12,25,0,2,0.035208,0.7697565849,,,
e1_escalabilidad_n,pd,cpp,aleatoria,50,12,25,0,3,0.034875,0.7697565849,,,
e1_escalabilidad_n,pd,cpp,aleatoria,50,12,25,0,4,0.034792,0.7697565849,,,
e1_escalabilidad_n,pd,cpp,aleatoria,50,12,25,0,5,0.035375,0.7697565849,,,
e1_escalabilidad_n,pd,cpp,aleatoria,50,12,25,0,6,0.037916,0.7697565849,,,
e1_escalabilidad_n,pd,cpp,aleatoria,50,12,25,0,7,0.038,0.7697565849,,,
e1_escalabilidad_n,pd,cpp,aleatoria,50,12,25,0,8,0.035791,0.7697565849,,,
e1_escalabilidad_n,pd,cpp,aleatoria,50,12,25,0,9,0.049834,0.7697565849,,,
e1_escalabilidad_n,pd,cpp,aleatoria,50,12,25,0,10,0.039458,0.7697565849,,,
e1_escalabilidad_n,pd,cpp,aleatoria,50,12,25,1,1,0.035583,1.096494683,,,
e1_escalabilidad_n,pd,cpp,aleatoria,50,12,25,1,2,0.035,1.096494683,,,
e1_escalabilidad_n,pd,cpp,aleatoria,50,12,25,1,3,0.037375,1.096494683,,,
e1_escalabilidad_n,pd,cpp,aleatoria,50,12,25,1,4,0.037833,1.096494683,,,
e1_escalabilidad_n,pd,cpp,aleatoria,50,12,25,1,5,0.036375,1.096494683,,,
e1_escalabilidad_n,pd,cpp,aleatoria,50,12,25,1,6,0.037125,1.096494683,,,
e1_escalabilidad_n,pd,cpp,aleatoria,50,12,25,1,7,0.039,1.096494683,,,
e1_escalabilidad_n,pd,cpp,aleatoria,50,12,25,1,8,0.04275,1.096494683,,,
e1_escalabilidad_n,pd,cpp,aleatoria,50,12,25,1,9,0.037292,1.096494683,,,
e1_escalabilidad_n,pd,cpp,aleatoria,50,12,25,1,10,0.038209,1.096494683,,,
e1_escalabilidad_n,pd,cpp,aleatoria,50,12,25,2,1,0.03525,0.9139211618,,,
e1_escalabilidad_n,pd,cpp,aleatoria,50,12,25,2,2,0.038333,0.9139211618,,,
e1_escalabilidad_n,pd,cpp,aleatoria,50,12,25,2,3,0.034584,0.9139211618,,,
e1_escalabilidad_n,pd,cpp,aleatoria,50,12,25,2,4,0.035917,0.9139211618,,,
e1_escalabilidad_n,pd,cpp,aleatoria,50,12,25,2,5,0.034958,0.9139211618,,,
e1_escalabilidad_n,pd,cpp,aleatoria,50,12,25,2,6,0.040125,0.9139211618,,,
e1_escalabilidad_n,pd,cpp,aleatoria,50,12,25,2,7,0.035416,0.9139211618,,,
e1_escalabilidad_n,pd,cpp,aleatoria,50,12,25,2,8,0.036708,0.9139211618,,,
e1_escalabilidad_n,pd,cpp,aleatoria,50,12,25,2,9,0.040333,0.9139211618,,,
e1_escalabilidad_n,pd,cpp,aleatoria,50,12,25,2,10,0.043125,0.9139211618,,,
e1_escalabilidad_n,bt,cpp,aleatoria,60,12,30,0,1,3.824375,0.9087896181,,,
e1_escalabilidad_n,bt,cpp,aleatoria,60,12,30,0,2,3.73025,0.9087896181,,,
e1_escalabilidad_n,bt,cpp,aleatoria,60,12,30,0,3,3.31475,0.9087896181,,,
e1_escalabilidad_n,bt,cpp,aleatoria,60,12,30,0,4,4.023,0.9087896181,,,
e1_escalabilidad_n,bt,cpp,aleatoria,60,12,30,0,5,3.830667,0.9087896181,,,
e1_escalabilidad_n,bt,cpp,aleatoria,60,12,30,0,6,3.762292,0.9087896181,,,
e1_escalabilidad_n,bt,cpp,aleatoria,60,12,30,0,7,3.85375,0.9087896181,,,
e1_escalabilidad_n,bt,cpp,aleatoria,60,12,30,0,8,4.023625,0.9087896181,,,
e1_escalabilidad_n,bt,cpp,aleatoria,60,12,30,0,9,3.730292,0.9087896181,,,
e1_escalabilidad_n,bt,cpp,aleatoria,60,12,30,0,10,3.914916,0.9087896181,,,
e1_escalabilidad_n,bt,cpp,aleatoria,60,12,30,1,1,3.7525,0.8243772074,,,
e1_escalabilidad_n,bt,cpp,aleatoria,60,12,30,1,2,3.689584,0.8243772074,,,
e1_escalabilidad_n,bt,cpp,aleatoria,60,12,30,1,3,4.269,0.8243772074,,,
e1_escalabilidad_n,bt,cpp,aleatoria,60,12,30,1,4,3.869917,0.8243772074,,,
e1_escalabilidad_n,bt,cpp,aleatoria,60,12,30,1,5,3.882291,0.8243772074,,,
e1_escalabilidad_n,bt,cpp,aleatoria,60,12,30,1,6,4.017125,0.8243772074,,,
e1_escalabilidad_n,bt,cpp,aleatoria,60,12,30,1,7,3.709625,0.8243772074,,,
e1_escalabilidad_n,bt,cpp,aleatoria,60,12,30,1,8,3.900458,0.8243772074,,,
e1_escalabilidad_n,bt,cpp,aleatoria,60,12,30,1,9,3.864416,0.8243772074,,,
e1_escalabilidad_n,bt,cpp,aleatoria,60,12,30,1,10,3.700708,0.8243772074,,,
e1_escalabilidad_n,bt,cpp,aleatoria,60,12,30,2,1,10.602667,1.083126632,,,
e1_escalabilidad_n,bt,cpp,aleatoria,60,12,30,2,2,10.516791,1.083126632,,,
e1_escalabilidad_n,bt,cpp,aleatoria,60,12,30,2,3,10.716042,1.083126632,,,
e1_escalabilidad_n,bt,cpp,aleatoria,60,12,30,2,4,10.737166,1.083126632,,,
e1_escalabilidad_n,bt,cpp,aleatoria,60,12,30,2,5,11.104916,1.083126632,,,
e1_escalabilidad_n,bt,cpp,aleatoria,60,12,30,2,6,10.560541,1.083126632,,,
e1_escalabilidad_n,bt,cpp,aleatoria,60,12,30,2,7,10.786792,1.083126632,,,
e1_escalabilidad_n,bt,cpp,aleatoria,60,12,30,2,8,10.391,1.083126632,,,
e1_escalabilidad_n,bt,cpp,aleatoria,60,12,30,2,9,10.780125,1.083126632,,,
e1_escalabilidad_n,bt,cpp,aleatoria,60,12,30,2,10,9.274958,1.083126632,,,
e1_escalabilidad_n,pd,cpp,aleatoria,60,12,30,0,1,0.059125,0.9087896181,,,
e1_escalabilidad_n,pd,cpp,aleatoria,60,12,30,0,2,0.056292,0.9087896181,,,
e1_escalabilidad_n,pd,cpp,aleatoria,60,12,30,0,3,0.063958,0.9087896181,,,
e1_escalabilidad_n,pd,cpp,aleatoria,60,12,30,0,4,0.057958,0.9087896181,,,
e1_escalabilidad_n,pd,cpp,aleatoria,60,12,30,0,5,0.0625,0.9087896181,,,
e1_escalabilidad_n,pd,cpp,aleatoria,60,12,30,0,6,0.058083,0.9087896181,,,
e1_escalabilidad_n,pd,cpp,aleatoria,60,12,30,0,7,0.06,0.9087896181,,,
e1_escalabilidad_n,pd,cpp,aleatoria,60,12,30,0,8,0.059375,0.9087896181,,,
e1_escalabilidad_n,pd,cpp,aleatoria,60,12,30,0,9,0.06125,0.9087896181,,,
e1_escalabilidad_n,pd,cpp,aleatoria,60,12,30,0,10,0.073042,0.9087896181,,,
e1_escalabilidad_n,pd,cpp,aleatoria,60,12,30,1,1,0.058417,0.8243772074,,,
e1_escalabilidad_n,pd,cpp,aleatoria,60,12,30,1,2,0.058375,0.8243772074,,,
e1_escalabilidad_n,pd,cpp,aleatoria,60,12,30,1,3,0.057167,0.8243772074,,,
e1_escalabilidad_n,pd,cpp,aleatoria,60,12,30,1,4,0.058125,0.8243772074,,,
e1_escalabilidad_n,pd,cpp,aleatoria,60,12,30,1,5,0.058084,0.8243772074,,,
e1_escalabilidad_n,pd,cpp,aleatoria,60,12,30,1,6,0.056083,0.8243772074,,,
e1_escalabilidad_n,pd,cpp,aleatoria,60,12,30,1,7,0.056167,0.8243772074,,,
e1_escalabilidad_n,pd,cpp,aleatoria,60,12,30,1,8,0.0575,0.8243772074,,,
e1_escalabilidad_n,pd,cpp,aleatoria,60,12,30,1,9,0.05725,0.8243772074,,,
e1_escalabilidad_n,pd,cpp,aleatoria,60,12,30,1,10,0.056292,0.8243772074,,,
e1_escalabilidad_n,pd,cpp,aleatoria,60,12,30,2,1,0.067167,1.083126632,,,
e1_escalabilidad_n,pd,cpp,aleatoria,60,12,30,2,2,0.064625,1.083126632,,,
e1_escalabilidad_n,pd,cpp,aleatoria,60,12,30,2,3,0.05825,1.083126632,,,
e1_escalabilidad_n,pd,cpp,aleatoria,60,12,30,2,4,0.056833,1.083126632,,,
e1_escalabilidad_n,pd,cpp,aleatoria,60,12,30,2,5,0.058375,1.083126632,,,
e1_escalabilidad_n,pd,cpp,aleatoria,60,12,30,2,6,0.062292,1.083126632,,,
e1_escalabilidad_n,pd,cpp,aleatoria,60,12,30,2,7,0.058334,1.083126632,,,
e1_escalabilidad_n,pd,cpp,aleatoria,60,12,30,2,8,0.061875,1.083126632,,,
e1_escalabilidad_n,pd,cpp,aleatoria,60,12,30,2,9,0.057208,1.083126632,,,
e1_escalabilidad_n,pd,cpp,aleatoria,60,12,30,2,10,0.056041,1.083126632,,,
e1_escalabilidad_n,bt,cpp,aleatoria,80,12,40,0,1,11.37575,0.8682804271,,,
e1_escalabilidad_n,bt,cpp,aleatoria,80,12,40,0,2,11.124875,0.8682804271,,,
e1_escalabilidad_n,bt,cpp,aleatoria,80,12,40,0,3,11.309167,0.8682804271,,,
e1_escalabilidad_n,bt,cpp,aleatoria,80,12,40,0,4,10.126708,0.8682804271,,,
e1_escalabilidad_n,bt,cpp,aleatoria,80,12,40,0,5,11.127917,0.8682804271,,,
e1_escalabilidad_n,bt,cpp,aleatoria,80,12,40,0,6,11.74125,0.8682804271,,,
e1_escalabilidad_n,bt,cpp,aleatoria,80,12,40,0,7,11.098208,0.8682804271,,,
e1_escalabilidad_n,bt,cpp,aleatoria,80,12,40,0,8,9.419875,0.8682804271,,,
e1_escalabilidad_n,bt,cpp,aleatoria,80,12,40,0,9,11.051292,0.8682804271,,,
e1_escalabilidad_n,bt,cpp,aleatoria,80,12,40,0,10,11.563959,0.8682804271,,,
e1_escalabilidad_n,bt,cpp,aleatoria,80,12,40,1,1,1.823583,0.6005086344,,,
e1_escalabilidad_n,bt,cpp,aleatoria,80,12,40,1,2,1.959041,0.6005086344,,,
e1_escalabilidad_n,bt,cpp,aleatoria,80,12,40,1,3,1.967833,0.6005086344,,,
e1_escalabilidad_n,bt,cpp,aleatoria,80,12,40,1,4,1.70925,0.6005086344,,,
e1_escalabilidad_n,bt,cpp,aleatoria,80,12,40,1,5,1.964666,0.6005086344,,,
e1_escalabilidad_n,bt,cpp,aleatoria,80,12,40,1,6,1.942,0.6005086344,,,
e1_escalabilidad_n,bt,cpp,aleatoria,80,12,40,1,7,1.996625,0.6005086344,,,
e1_escalabilidad_n,bt,cpp,aleatoria,80,12,40,1,8,1.998375,0.6005086344,,,
e1_escalabilidad_n,bt,cpp,aleatoria,80,12,40,1,9,1.9935,0.6005086344,,,
e1_escalabilidad_n,bt,cpp,aleatoria,80,12,40,1,10,1.963625,0.6005086344,,,
e1_escalabilidad_n,bt,cpp,aleatoria,80,12,40,2,1,2.602333,0.8380646276,,,
e1_escalabilidad_n,bt,cpp,aleatoria,80,12,40,2,2,2.515458,0.8380646276,,,
e1_escalabilidad_n,bt,cpp,aleatoria,80,12,40,2,3,2.515583,0.8380646276,,,
e1_escalabilidad_n,bt,cpp,aleatoria,80,12,40,2,4,2.496917,0.8380646276,,,
e1_escalabilidad_n,bt,cpp,aleatoria,80,12,40,2,5,2.570125,0.8380646276,,,
e1_escalabilidad_n,bt,cpp,aleatoria,80,12,40,2,6,2.545334,0.8380646276,,,
e1_escalabilidad_n,bt,cpp,aleatoria,80,12,40,2,7,2.511167,0.8380646276,,,
e1_escalabilidad_n,bt,cpp,aleatoria,80,12,40,2,8,2.526917,0.8380646276,,,
e1_escalabilidad_n,bt,cpp,aleatoria,80,12,40,2,9,2.578,0.8380646276,,,
e1_escalabilidad_n,bt,cpp,aleatoria,80,12,40,2,10,2.265959,0.8380646276,,,
e1_escalabilidad_n,pd,cpp,aleatoria,80,12,40,0,1,0.127,0.8682804271,,,
e1_escalabilidad_n,pd,cpp,aleatoria,80,12,40,0,2,0.135917,0.8682804271,,,
e1_escalabilidad_n,pd,cpp,aleatoria,80,12,40,0,3,0.126708,0.8682804271,,,
e1_escalabilidad_n,pd,cpp,aleatoria,80,12,40,0,4,0.130625,0.8682804271,,,
e1_escalabilidad_n,pd,cpp,aleatoria,80,12,40,0,5,0.143,0.8682804271,,,
e1_escalabilidad_n,pd,cpp,aleatoria,80,12,40,0,6,0.130208,0.8682804271,,,
e1_escalabilidad_n,pd,cpp,aleatoria,80,12,40,0,7,0.126875,0.8682804271,,,
e1_escalabilidad_n,pd,cpp,aleatoria,80,12,40,0,8,0.140916,0.8682804271,,,
e1_escalabilidad_n,pd,cpp,aleatoria,80,12,40,0,9,0.134333,0.8682804271,,,
e1_escalabilidad_n,pd,cpp,aleatoria,80,12,40,0,10,0.13825,0.8682804271,,,
e1_escalabilidad_n,pd,cpp,aleatoria,80,12,40,1,1,0.144791,0.6005086344,,,
e1_escalabilidad_n,pd,cpp,aleatoria,80,12,40,1,2,0.144,0.6005086344,,,
e1_escalabilidad_n,pd,cpp,aleatoria,80,12,40,1,3,0.137125,0.6005086344,,,
e1_escalabilidad_n,pd,cpp,aleatoria,80,12,40,1,4,0.136791,0.6005086344,,,
e1_escalabilidad_n,pd,cpp,aleatoria,80,12,40,1,5,0.139291,0.6005086344,,,
e1_escalabilidad_n,pd,cpp,aleatoria,80,12,40,1,6,0.143583,0.6005086344,,,
e1_escalabilidad_n,pd,cpp,aleatoria,80,12,40,1,7,0.139875,0.6005086344,,,
e1_escalabilidad_n,pd,cpp,aleatoria,80,12,40,1,8,0.133834,0.6005086344,,,
e1_escalabilidad_n,pd,cpp,aleatoria,80,12,40,1,9,0.143084,0.6005086344,,,
e1_escalabilidad_n,pd,cpp,aleatoria,80,12,40,1,10,0.144334,0.6005086344,,,
e1_escalabilidad_n,pd,cpp,aleatoria,80,12,40,2,1,0.130041,0.8380646276,,,
e1_escalabilidad_n,pd,cpp,aleatoria,80,12,40,2,2,0.138542,0.8380646276,,,
e1_escalabilidad_n,pd,cpp,aleatoria,80,12,40,2,3,0.133833,0.8380646276,,,
e1_escalabilidad_n,pd,cpp,aleatoria,80,12,40,2,4,0.14275,0.8380646276,,,
e1_escalabilidad_n,pd,cpp,aleatoria,80,12,40,2,5,0.139792,0.8380646276,,,
e1_escalabilidad_n,pd,cpp,aleatoria,80,12,40,2,6,0.13575,0.8380646276,,,
e1_escalabilidad_n,pd,cpp,aleatoria,80,12,40,2,7,0.140916,0.8380646276,,,
e1_escalabilidad_n,pd,cpp,aleatoria,80,12,40,2,8,0.14275,0.8380646276,,,
e1_escalabilidad_n,pd,cpp,aleatoria,80,12,40,2,9,0.134292,0.8380646276,,,
e1_escalabilidad_n,pd,cpp,aleatoria,80,12,40,2,10,0.136375,0.8380646276,,,
e1_escalabilidad_n,bt,cpp,aleatoria,100,12,50,0,1,29.780458,0.8978478379,,,
e1_escalabilidad_n,bt,cpp,aleatoria,100,12,50,0,2,29.568,0.8978478379,,,
e1_escalabilidad_n,bt,cpp,aleatoria,100,12,50,0,3,27.481041,0.8978478379,,,
e1_escalabilidad_n,bt,cpp,aleatoria,100,12,50,0,4,29.840625,0.8978478379,,,
e1_escalabilidad_n,bt,cpp,aleatoria,100,12,50,0,5,26.377667,0.8978478379,,,
e1_escalabilidad_n,bt,cpp,aleatoria,100,12,50,0,6,29.86225,0.8978478379,,,
e1_escalabilidad_n,bt,cpp,aleatoria,100,12,50,0,7,29.798416,0.8978478379,,,
e1_escalabilidad_n,bt,cpp,aleatoria,100,12,50,0,8,29.8365,0.8978478379,,,
e1_escalabilidad_n,bt,cpp,aleatoria,100,12,50,0,9,28.524791,0.8978478379,,,
e1_escalabilidad_n,bt,cpp,aleatoria,100,12,50,0,10,29.984625,0.8978478379,,,
e1_escalabilidad_n,bt,cpp,aleatoria,100,12,50,1,1,9.147292,0.6531637544,,,
e1_escalabilidad_n,bt,cpp,aleatoria,100,12,50,1,2,8.778792,0.6531637544,,,
e1_escalabilidad_n,bt,cpp,aleatoria,100,12,50,1,3,8.983084,0.6531637544,,,
e1_escalabilidad_n,bt,cpp,aleatoria,100,12,50,1,4,7.404625,0.6531637544,,,
e1_escalabilidad_n,bt,cpp,aleatoria,100,12,50,1,5,8.754459,0.6531637544,,,
e1_escalabilidad_n,bt,cpp,aleatoria,100,12,50,1,6,8.759917,0.6531637544,,,
e1_escalabilidad_n,bt,cpp,aleatoria,100,12,50,1,7,8.783667,0.6531637544,,,
e1_escalabilidad_n,bt,cpp,aleatoria,100,12,50,1,8,8.93525,0.6531637544,,,
e1_escalabilidad_n,bt,cpp,aleatoria,100,12,50,1,9,8.796209,0.6531637544,,,
e1_escalabilidad_n,bt,cpp,aleatoria,100,12,50,1,10,8.7675,0.6531637544,,,
e1_escalabilidad_n,bt,cpp,aleatoria,100,12,50,2,1,34.805917,0.9434810597,,,
e1_escalabilidad_n,bt,cpp,aleatoria,100,12,50,2,2,34.820792,0.9434810597,,,
e1_escalabilidad_n,bt,cpp,aleatoria,100,12,50,2,3,32.524042,0.9434810597,,,
e1_escalabilidad_n,bt,cpp,aleatoria,100,12,50,2,4,35.055917,0.9434810597,,,
e1_escalabilidad_n,bt,cpp,aleatoria,100,12,50,2,5,36.470959,0.9434810597,,,
e1_escalabilidad_n,bt,cpp,aleatoria,100,12,50,2,6,34.711875,0.9434810597,,,
e1_escalabilidad_n,bt,cpp,aleatoria,100,12,50,2,7,36.125958,0.9434810597,,,
e1_escalabilidad_n,bt,cpp,aleatoria,100,12,50,2,8,36.019875,0.9434810597,,,
e1_escalabilidad_n,bt,cpp,aleatoria,100,12,50,2,9,34.818084,0.9434810597,,,
e1_escalabilidad_n,bt,cpp,aleatoria,100,12,50,2,10,33.453583,0.9434810597,,,
e1_escalabilidad_n,pd,cpp,aleatoria,100,12,50,0,1,0.264041,0.8978478379,,,
e1_escalabilidad_n,pd,cpp,aleatoria,100,12,50,0,2,0.249,0.8978478379,,,
e1_escalabilidad_n,pd,cpp,aleatoria,100,12,50,0,3,0.275875,0.8978478379,,,
e1_escalabilidad_n,pd,cpp,aleatoria,100,12,50,0,4,0.26075,0.8978478379,,,
e1_escalabilidad_n,pd,cpp,aleatoria,100,12,50,0,5,0.281333,0.8978478379,,,
e1_escalabilidad_n,pd,cpp,aleatoria,100,12,50,0,6,0.258834,0.8978478379,,,
e1_escalabilidad_n,pd,cpp,aleatoria,100,12,50,0,7,0.262833,0.8978478379,,,
e1_escalabilidad_n,pd,cpp,aleatoria,100,12,50,0,8,0.275875,0.8978478379,,,
e1_escalabilidad_n,pd,cpp,aleatoria,100,12,50,0,9,0.274583,0.8978478379,,,
e1_escalabilidad_n,pd,cpp,aleatoria,100,12,50,0,10,0.268667,0.8978478379,,,
e1_escalabilidad_n,pd,cpp,aleatoria,100,12,50,1,1,0.260625,0.6531637544,,,
e1_escalabilidad_n,pd,cpp,aleatoria,100,12,50,1,2,0.2555,0.6531637544,,,
e1_escalabilidad_n,pd,cpp,aleatoria,100,12,50,1,3,0.258292,0.6531637544,,,
e1_escalabilidad_n,pd,cpp,aleatoria,100,12,50,1,4,0.27225,0.6531637544,,,
e1_escalabilidad_n,pd,cpp,aleatoria,100,12,50,1,5,0.264625,0.6531637544,,,
e1_escalabilidad_n,pd,cpp,aleatoria,100,12,50,1,6,0.258208,0.6531637544,,,
e1_escalabilidad_n,pd,cpp,aleatoria,100,12,50,1,7,0.250875,0.6531637544,,,
e1_escalabilidad_n,pd,cpp,aleatoria,100,12,50,1,8,0.2545,0.6531637544,,,
e1_escalabilidad_n,pd,cpp,aleatoria,100,12,50,1,9,0.2575,0.6531637544,,,
e1_escalabilidad_n,pd,cpp,aleatoria,100,12,50,1,10,0.265292,0.6531637544,,,
e1_escalabilidad_n,pd,cpp,aleatoria,100,12,50,2,1,0.271208,0.9434810597,,,
e1_escalabilidad_n,pd,cpp,aleatoria,100,12,50,2,2,0.258083,0.9434810597,,,
e1_escalabilidad_n,pd,cpp,aleatoria,100,12,50,2,3,0.259625,0.9434810597,,,
e1_escalabilidad_n,pd,cpp,aleatoria,100,12,50,2,4,0.267,0.9434810597,,,
e1_escalabilidad_n,pd,cpp,aleatoria,100,12,50,2,5,0.283708,0.9434810597,,,
e1_escalabilidad_n,pd,cpp,aleatoria,100,12,50,2,6,0.250584,0.9434810597,,,
e1_escalabilidad_n,pd,cpp,aleatoria,100,12,50,2,7,0.247625,0.9434810597,,,
e1_escalabilidad_n,pd,cpp,aleatoria,100,12,50,2,8,0.287583,0.9434810597,,,
e1_escalabilidad_n,pd,cpp,aleatoria,100,12,50,2,9,0.27775,0.9434810597,,,
e1_escalabilidad_n,pd,cpp,aleatoria,100,12,50,2,10,0.276042,0.9434810597,,,
e1_escalabilidad_n,bt,cpp,aleatoria,150,12,75,0,1,203.874084,0.715802368,,,
e1_escalabilidad_n,bt,cpp,aleatoria,150,12,75,0,2,206.006291,0.715802368,,,
e1_escalabilidad_n,bt,cpp,aleatoria,150,12,75,0,3,214.91775,0.715802368,,,
e1_escalabilidad_n,bt,cpp,aleatoria,150,12,75,0,4,216.368708,0.715802368,,,
e1_escalabilidad_n,bt,cpp,aleatoria,150,12,75,0,5,211.328166,0.715802368,,,
e1_escalabilidad_n,bt,cpp,aleatoria,150,12,75,0,6,237.504625,0.715802368,,,
e1_escalabilidad_n,bt,cpp,aleatoria,150,12,75,0,7,236.851875,0.715802368,,,
e1_escalabilidad_n,bt,cpp,aleatoria,150,12,75,0,8,216.172166,0.715802368,,,
e1_escalabilidad_n,bt,cpp,aleatoria,150,12,75,0,9,209.989542,0.715802368,,,
e1_escalabilidad_n,bt,cpp,aleatoria,150,12,75,0,10,225.390041,0.715802368,,,
e1_escalabilidad_n,bt,cpp,aleatoria,150,12,75,1,1,77.055833,0.7472751836,,,
e1_escalabilidad_n,bt,cpp,aleatoria,150,12,75,1,2,76.634875,0.7472751836,,,
e1_escalabilidad_n,bt,cpp,aleatoria,150,12,75,1,3,63.923833,0.7472751836,,,
e1_escalabilidad_n,bt,cpp,aleatoria,150,12,75,1,4,63.140083,0.7472751836,,,
e1_escalabilidad_n,bt,cpp,aleatoria,150,12,75,1,5,76.605625,0.7472751836,,,
e1_escalabilidad_n,bt,cpp,aleatoria,150,12,75,1,6,76.494083,0.7472751836,,,
e1_escalabilidad_n,bt,cpp,aleatoria,150,12,75,1,7,76.815334,0.7472751836,,,
e1_escalabilidad_n,bt,cpp,aleatoria,150,12,75,1,8,76.541875,0.7472751836,,,
e1_escalabilidad_n,bt,cpp,aleatoria,150,12,75,1,9,76.776208,0.7472751836,,,
e1_escalabilidad_n,bt,cpp,aleatoria,150,12,75,1,10,76.529625,0.7472751836,,,
e1_escalabilidad_n,bt,cpp,aleatoria,150,12,75,2,1,19.331167,0.7147071358,,,
e1_escalabilidad_n,bt,cpp,aleatoria,150,12,75,2,2,23.615542,0.7147071358,,,
e1_escalabilidad_n,bt,cpp,aleatoria,150,12,75,2,3,20.83425,0.7147071358,,,
e1_escalabilidad_n,bt,cpp,aleatoria,150,12,75,2,4,18.912541,0.7147071358,,,
e1_escalabilidad_n,bt,cpp,aleatoria,150,12,75,2,5,22.121292,0.7147071358,,,
e1_escalabilidad_n,bt,cpp,aleatoria,150,12,75,2,6,21.251958,0.7147071358,,,
e1_escalabilidad_n,bt,cpp,aleatoria,150,12,75,2,7,19.686333,0.7147071358,,,
e1_escalabilidad_n,bt,cpp,aleatoria,150,12,75,2,8,21.313541,0.7147071358,,,
e1_escalabilidad_n,bt,cpp,aleatoria,150,12,75,2,9,20.127458,0.7147071358,,,
e1_escalabilidad_n,bt,cpp,aleatoria,150,12,75,2,10,23.079666,0.7147071358,,,
e1_escalabilidad_n,pd,cpp,aleatoria,150,12,75,0,1,0.855,0.715802368,,,
e1_escalabilidad_n,pd,cpp,aleatoria,150,12,75,0,2,0.867208,0.715802368,,,
e1_escalabilidad_n,pd,cpp,aleatoria,150,12,75,0,3,0.856042,0.715802368,,,
e1_escalabilidad_n,pd,cpp,aleatoria,150,12,75,0,4,0.899833,0.715802368,,,
e1_escalabilidad_n,pd,cpp,aleatoria,150,12,75,0,5,0.855708,0.715802368,,,
e1_escalabilidad_n,pd,cpp,aleatoria,150,12,75,0,6,0.879166,0.715802368,,,
e1_escalabilidad_n,pd,cpp,aleatoria,150,12,75,0,7,0.878166,0.715802368,,,
e1_escalabilidad_n,pd,cpp,aleatoria,150,12,75,0,8,0.89475,0.715802368,,,
e1_escalabilidad_n,pd,cpp,aleatoria,150,12,75,0,9,2.151334,0.715802368,,,
e1_escalabilidad_n,pd,cpp,aleatoria,150,12,75,0,10,3.121625,0.715802368,,,
e1_escalabilidad_n,pd,cpp,aleatoria,150,12,75,1,1,1.136792,0.7472751836,,,
e1_escalabilidad_n,pd,cpp,aleatoria,150,12,75,1,2,0.875083,0.7472751836,,,
e1_escalabilidad_n,pd,cpp,aleatoria,150,12,75,1,3,0.882959,0.7472751836,,,
e1_escalabilidad_n,pd,cpp,aleatoria,150,12,75,1,4,0.889625,0.7472751836,,,
e1_escalabilidad_n,pd,cpp,aleatoria,150,12,75,1,5,0.874,0.7472751836,,,
e1_escalabilidad_n,pd,cpp,aleatoria,150,12,75,1,6,0.879083,0.7472751836,,,
e1_escalabilidad_n,pd,cpp,aleatoria,150,12,75,1,7,0.876625,0.7472751836,,,
e1_escalabilidad_n,pd,cpp,aleatoria,150,12,75,1,8,0.865042,0.7472751836,,,
e1_escalabilidad_n,pd,cpp,aleatoria,150,12,75,1,9,0.866875,0.7472751836,,,
e1_escalabilidad_n,pd,cpp,aleatoria,150,12,75,1,10,0.859125,0.7472751836,,,
e1_escalabilidad_n,pd,cpp,aleatoria,150,12,75,2,1,0.876125,0.7147071358,,,
e1_escalabilidad_n,pd,cpp,aleatoria,150,12,75,2,2,0.864833,0.7147071358,,,
e1_escalabilidad_n,pd,cpp,aleatoria,150,12,75,2,3,0.866291,0.7147071358,,,
e1_escalabilidad_n,pd,cpp,aleatoria,150,12,75,2,4,0.91675,0.7147071358,,,
e1_escalabilidad_n,pd,cpp,aleatoria,150,12,75,2,5,0.889417,0.7147071358,,,
e1_escalabilidad_n,pd,cpp,aleatoria,150,12,75,2,6,0.903208,0.7147071358,,,
e1_escalabilidad_n,pd,cpp,aleatoria,150,12,75,2,7,0.866333,0.7147071358,,,
e1_escalabilidad_n,pd,cpp,aleatoria,150,12,75,2,8,0.906209,0.7147071358,,,
e1_escalabilidad_n,pd,cpp,aleatoria,150,12,75,2,9,0.899834,0.7147071358,,,
e1_escalabilidad_n,pd,cpp,aleatoria,150,12,75,2,10,0.892125,0.7147071358,,,
e1_escalabilidad_n,bt,cpp,aleatoria,200,12,100,0,1,159.454625,0.7406858646,,,
e1_escalabilidad_n,bt,cpp,aleatoria,200,12,100,0,2,132.85725,0.7406858646,,,
e1_escalabilidad_n,bt,cpp,aleatoria,200,12,100,0,3,137.389208,0.7406858646,,,
e1_escalabilidad_n,bt,cpp,aleatoria,200,12,100,0,4,141.205416,0.7406858646,,,
e1_escalabilidad_n,bt,cpp,aleatoria,200,12,100,0,5,159.016792,0.7406858646,,,
e1_escalabilidad_n,bt,cpp,aleatoria,200,12,100,0,6,160.185667,0.7406858646,,,
e1_escalabilidad_n,bt,cpp,aleatoria,200,12,100,0,7,129.740291,0.7406858646,,,
e1_escalabilidad_n,bt,cpp,aleatoria,200,12,100,0,8,153.957792,0.7406858646,,,
e1_escalabilidad_n,bt,cpp,aleatoria,200,12,100,0,9,158.8915,0.7406858646,,,
e1_escalabilidad_n,bt,cpp,aleatoria,200,12,100,0,10,139.668416,0.7406858646,,,
e1_escalabilidad_n,bt,cpp,aleatoria,200,12,100,1,1,695.337083,0.8728319941,,,
e1_escalabilidad_n,bt,cpp,aleatoria,200,12,100,1,2,760.51725,0.8728319941,,,
e1_escalabilidad_n,bt,cpp,aleatoria,200,12,100,1,3,719.458958,0.8728319941,,,
e1_escalabilidad_n,bt,cpp,aleatoria,200,12,100,1,4,765.295667,0.8728319941,,,
e1_escalabilidad_n,bt,cpp,aleatoria,200,12,100,1,5,805.633792,0.8728319941,,,
e1_escalabilidad_n,bt,cpp,aleatoria,200,12,100,1,6,795.257458,0.8728319941,,,
e1_escalabilidad_n,bt,cpp,aleatoria,200,12,100,1,7,768.752792,0.8728319941,,,
e1_escalabilidad_n,bt,cpp,aleatoria,200,12,100,1,8,682.642625,0.8728319941,,,
e1_escalabilidad_n,bt,cpp,aleatoria,200,12,100,1,9,660.066917,0.8728319941,,,
e1_escalabilidad_n,bt,cpp,aleatoria,200,12,100,1,10,728.866542,0.8728319941,,,
e1_escalabilidad_n,bt,cpp,aleatoria,200,12,100,2,1,840.662916,0.7527733922,,,
e1_escalabilidad_n,bt,cpp,aleatoria,200,12,100,2,2,827.845208,0.7527733922,,,
e1_escalabilidad_n,bt,cpp,aleatoria,200,12,100,2,3,787.274834,0.7527733922,,,
e1_escalabilidad_n,bt,cpp,aleatoria,200,12,100,2,4,752.601834,0.7527733922,,,
e1_escalabilidad_n,bt,cpp,aleatoria,200,12,100,2,5,726.531417,0.7527733922,,,
e1_escalabilidad_n,bt,cpp,aleatoria,200,12,100,2,6,818.262959,0.7527733922,,,
e1_escalabilidad_n,bt,cpp,aleatoria,200,12,100,2,7,839.008209,0.7527733922,,,
e1_escalabilidad_n,bt,cpp,aleatoria,200,12,100,2,8,840.935958,0.7527733922,,,
e1_escalabilidad_n,bt,cpp,aleatoria,200,12,100,2,9,733.089833,0.7527733922,,,
e1_escalabilidad_n,bt,cpp,aleatoria,200,12,100,2,10,714.284583,0.7527733922,,,
e1_escalabilidad_n,pd,cpp,aleatoria,200,12,100,0,1,2.05525,0.7406858646,,,
e1_escalabilidad_n,pd,cpp,aleatoria,200,12,100,0,2,2.045084,0.7406858646,,,
e1_escalabilidad_n,pd,cpp,aleatoria,200,12,100,0,3,2.053875,0.7406858646,,,
e1_escalabilidad_n,pd,cpp,aleatoria,200,12,100,0,4,2.157583,0.7406858646,,,
e1_escalabilidad_n,pd,cpp,aleatoria,200,12,100,0,5,2.030833,0.7406858646,,,
e1_escalabilidad_n,pd,cpp,aleatoria,200,12,100,0,6,2.047542,0.7406858646,,,
e1_escalabilidad_n,pd,cpp,aleatoria,200,12,100,0,7,2.052292,0.7406858646,,,
e1_escalabilidad_n,pd,cpp,aleatoria,200,12,100,0,8,2.06475,0.7406858646,,,
e1_escalabilidad_n,pd,cpp,aleatoria,200,12,100,0,9,2.035709,0.7406858646,,,
e1_escalabilidad_n,pd,cpp,aleatoria,200,12,100,0,10,2.085167,0.7406858646,,,
e1_escalabilidad_n,pd,cpp,aleatoria,200,12,100,1,1,2.059959,0.8728319941,,,
e1_escalabilidad_n,pd,cpp,aleatoria,200,12,100,1,2,2.062458,0.8728319941,,,
e1_escalabilidad_n,pd,cpp,aleatoria,200,12,100,1,3,2.055334,0.8728319941,,,
e1_escalabilidad_n,pd,cpp,aleatoria,200,12,100,1,4,2.034708,0.8728319941,,,
e1_escalabilidad_n,pd,cpp,aleatoria,200,12,100,1,5,2.102833,0.8728319941,,,
e1_escalabilidad_n,pd,cpp,aleatoria,200,12,100,1,6,2.0365,0.8728319941,,,
e1_escalabilidad_n,pd,cpp,aleatoria,200,12,100,1,7,2.070333,0.8728319941,,,
e1_escalabilidad_n,pd,cpp,aleatoria,200,12,100,1,8,2.048834,0.8728319941,,,
e1_escalabilidad_n,pd,cpp,aleatoria,200,12,100,1,9,2.076625,0.8728319941,,,
e1_escalabilidad_n,pd,cpp,aleatoria,200,12,100,1,10,2.035791,0.8728319941,,,
e1_escalabilidad_n,pd,cpp,aleatoria,200,12,100,2,1,2.06225,0.7527733922,,,
e1_escalabilidad_n,pd,cpp,aleatoria,200,12,100,2,2,2.071333,0.7527733922,,,
e1_escalabilidad_n,pd,cpp,aleatoria,200,12,100,2,3,2.023583,0.7527733922,,,
e1_escalabilidad_n,pd,cpp,aleatoria,200,12,100,2,4,2.042167,0.7527733922,,,
e1_escalabilidad_n,pd,cpp,aleatoria,200,12,100,2,5,2.055625,0.7527733922,,,
e1_escalabilidad_n,pd,cpp,aleatoria,200,12,100,2,6,2.019708,0.7527733922,,,
e1_escalabilidad_n,pd,cpp,aleatoria,200,12,100,2,7,2.062458,0.7527733922,,,
e1_escalabilidad_n,pd,cpp,aleatoria,200,12,100,2,8,2.083209,0.7527733922,,,
e1_escalabilidad_n,pd,cpp,aleatoria,200,12,100,2,9,2.047167,0.7527733922,,,
e1_escalabilidad_n,pd,cpp,aleatoria,200,12,100,2,10,2.082791,0.7527733922,,,
e1_escalabilidad_n,bt,cpp,aleatoria,300,12,150,0,1,1327.234792,0.6681732111,,,
e1_escalabilidad_n,bt,cpp,aleatoria,300,12,150,0,2,1310.629292,0.6681732111,,,
e1_escalabilidad_n,bt,cpp,aleatoria,300,12,150,0,3,1548.894708,0.6681732111,,,
e1_escalabilidad_n,bt,cpp,aleatoria,300,12,150,0,4,1321.269834,0.6681732111,,,
e1_escalabilidad_n,bt,cpp,aleatoria,300,12,150,0,5,1512.973167,0.6681732111,,,
e1_escalabilidad_n,bt,cpp,aleatoria,300,12,150,0,6,1596.923417,0.6681732111,,,
e1_escalabilidad_n,bt,cpp,aleatoria,300,12,150,0,7,1448.62375,0.6681732111,,,
e1_escalabilidad_n,bt,cpp,aleatoria,300,12,150,0,8,1544.863125,0.6681732111,,,
e1_escalabilidad_n,bt,cpp,aleatoria,300,12,150,0,9,1298.74825,0.6681732111,,,
e1_escalabilidad_n,bt,cpp,aleatoria,300,12,150,0,10,1592.166292,0.6681732111,,,
e1_escalabilidad_n,bt,cpp,aleatoria,300,12,150,1,1,2109.668667,0.7300305062,,,
e1_escalabilidad_n,bt,cpp,aleatoria,300,12,150,1,2,2336.953083,0.7300305062,,,
e1_escalabilidad_n,bt,cpp,aleatoria,300,12,150,1,3,2069.449167,0.7300305062,,,
e1_escalabilidad_n,bt,cpp,aleatoria,300,12,150,1,4,1978.866,0.7300305062,,,
e1_escalabilidad_n,bt,cpp,aleatoria,300,12,150,1,5,2208.329833,0.7300305062,,,
e1_escalabilidad_n,bt,cpp,aleatoria,300,12,150,1,6,2308.934291,0.7300305062,,,
e1_escalabilidad_n,bt,cpp,aleatoria,300,12,150,1,7,2309.60925,0.7300305062,,,
e1_escalabilidad_n,bt,cpp,aleatoria,300,12,150,1,8,2341.45975,0.7300305062,,,
e1_escalabilidad_n,bt,cpp,aleatoria,300,12,150,1,9,2307.354,0.7300305062,,,
e1_escalabilidad_n,bt,cpp,aleatoria,300,12,150,1,10,2183.643,0.7300305062,,,
e1_escalabilidad_n,bt,cpp,aleatoria,300,12,150,2,1,3235.3025,0.8460692584,,,
e1_escalabilidad_n,bt,cpp,aleatoria,300,12,150,2,2,3680.991709,0.8460692584,,,
e1_escalabilidad_n,bt,cpp,aleatoria,300,12,150,2,3,3727.933208,0.8460692584,,,
e1_escalabilidad_n,bt,cpp,aleatoria,300,12,150,2,4,3724.583167,0.8460692584,,,
e1_escalabilidad_n,bt,cpp,aleatoria,300,12,150,2,5,3292.787125,0.8460692584,,,
e1_escalabilidad_n,bt,cpp,aleatoria,300,12,150,2,6,3796.399083,0.8460692584,,,
e1_escalabilidad_n,bt,cpp,aleatoria,300,12,150,2,7,3345.292458,0.8460692584,,,
e1_escalabilidad_n,bt,cpp,aleatoria,300,12,150,2,8,3799.952333,0.8460692584,,,
e1_escalabilidad_n,bt,cpp,aleatoria,300,12,150,2,9,3394.604542,0.8460692584,,,
e1_escalabilidad_n,bt,cpp,aleatoria,300,12,150,2,10,3371.435708,0.8460692584,,,
e1_escalabilidad_n,pd,cpp,aleatoria,300,12,150,0,1,6.840042,0.6681732111,,,
e1_escalabilidad_n,pd,cpp,aleatoria,300,12,150,0,2,6.822167,0.6681732111,,,
e1_escalabilidad_n,pd,cpp,aleatoria,300,12,150,0,3,6.88525,0.6681732111,,,
e1_escalabilidad_n,pd,cpp,aleatoria,300,12,150,0,4,6.848584,0.6681732111,,,
e1_escalabilidad_n,pd,cpp,aleatoria,300,12,150,0,5,6.8215,0.6681732111,,,
e1_escalabilidad_n,pd,cpp,aleatoria,300,12,150,0,6,6.860166,0.6681732111,,,
e1_escalabilidad_n,pd,cpp,aleatoria,300,12,150,0,7,7.159083,0.6681732111,,,
e1_escalabilidad_n,pd,cpp,aleatoria,300,12,150,0,8,6.974708,0.6681732111,,,
e1_escalabilidad_n,pd,cpp,aleatoria,300,12,150,0,9,6.859334,0.6681732111,,,
e1_escalabilidad_n,pd,cpp,aleatoria,300,12,150,0,10,6.898084,0.6681732111,,,
e1_escalabilidad_n,pd,cpp,aleatoria,300,12,150,1,1,7.613041,0.7300305062,,,
e1_escalabilidad_n,pd,cpp,aleatoria,300,12,150,1,2,6.885833,0.7300305062,,,
e1_escalabilidad_n,pd,cpp,aleatoria,300,12,150,1,3,6.916834,0.7300305062,,,
e1_escalabilidad_n,pd,cpp,aleatoria,300,12,150,1,4,6.829708,0.7300305062,,,
e1_escalabilidad_n,pd,cpp,aleatoria,300,12,150,1,5,6.857083,0.7300305062,,,
e1_escalabilidad_n,pd,cpp,aleatoria,300,12,150,1,6,6.92675,0.7300305062,,,
e1_escalabilidad_n,pd,cpp,aleatoria,300,12,150,1,7,6.850333,0.7300305062,,,
e1_escalabilidad_n,pd,cpp,aleatoria,300,12,150,1,8,6.871334,0.7300305062,,,
e1_escalabilidad_n,pd,cpp,aleatoria,300,12,150,1,9,6.919042,0.7300305062,,,
e1_escalabilidad_n,pd,cpp,aleatoria,300,12,150,1,10,6.864625,0.7300305062,,,
e1_escalabilidad_n,pd,cpp,aleatoria,300,12,150,2,1,6.88375,0.8460692584,,,
e1_escalabilidad_n,pd,cpp,aleatoria,300,12,150,2,2,6.848125,0.8460692584,,,
e1_escalabilidad_n,pd,cpp,aleatoria,300,12,150,2,3,6.827708,0.8460692584,,,
e1_escalabilidad_n,pd,cpp,aleatoria,300,12,150,2,4,6.878667,0.8460692584,,,
e1_escalabilidad_n,pd,cpp,aleatoria,300,12,150,2,5,6.847208,0.8460692584,,,
e1_escalabilidad_n,pd,cpp,aleatoria,300,12,150,2,6,6.900583,0.8460692584,,,
e1_escalabilidad_n,pd,cpp,aleatoria,300,12,150,2,7,6.828541,0.8460692584,,,
e1_escalabilidad_n,pd,cpp,aleatoria,300,12,150,2,8,6.87325,0.8460692584,,,
e1_escalabilidad_n,pd,cpp,aleatoria,300,12,150,2,9,6.8555,0.8460692584,,,
e1_escalabilidad_n,pd,cpp,aleatoria,300,12,150,2,10,6.896167,0.8460692584,,,
e1_escalabilidad_n,pd,cpp,aleatoria,400,12,200,0,1,16.3245,0.8209092581,,,
e1_escalabilidad_n,pd,cpp,aleatoria,400,12,200,0,2,16.2785,0.8209092581,,,
e1_escalabilidad_n,pd,cpp,aleatoria,400,12,200,0,3,16.264042,0.8209092581,,,
e1_escalabilidad_n,pd,cpp,aleatoria,400,12,200,0,4,16.2535,0.8209092581,,,
e1_escalabilidad_n,pd,cpp,aleatoria,400,12,200,0,5,16.314208,0.8209092581,,,
e1_escalabilidad_n,pd,cpp,aleatoria,400,12,200,0,6,16.287166,0.8209092581,,,
e1_escalabilidad_n,pd,cpp,aleatoria,400,12,200,0,7,16.432166,0.8209092581,,,
e1_escalabilidad_n,pd,cpp,aleatoria,400,12,200,0,8,16.282625,0.8209092581,,,
e1_escalabilidad_n,pd,cpp,aleatoria,400,12,200,0,9,16.335834,0.8209092581,,,
e1_escalabilidad_n,pd,cpp,aleatoria,400,12,200,0,10,16.238625,0.8209092581,,,
e1_escalabilidad_n,pd,cpp,aleatoria,400,12,200,1,1,16.314459,0.8361407956,,,
e1_escalabilidad_n,pd,cpp,aleatoria,400,12,200,1,2,16.261667,0.8361407956,,,
e1_escalabilidad_n,pd,cpp,aleatoria,400,12,200,1,3,17.245917,0.8361407956,,,
e1_escalabilidad_n,pd,cpp,aleatoria,400,12,200,1,4,16.243625,0.8361407956,,,
e1_escalabilidad_n,pd,cpp,aleatoria,400,12,200,1,5,16.270166,0.8361407956,,,
e1_escalabilidad_n,pd,cpp,aleatoria,400,12,200,1,6,16.282708,0.8361407956,,,
e1_escalabilidad_n,pd,cpp,aleatoria,400,12,200,1,7,16.360667,0.8361407956,,,
e1_escalabilidad_n,pd,cpp,aleatoria,400,12,200,1,8,16.347125,0.8361407956,,,
e1_escalabilidad_n,pd,cpp,aleatoria,400,12,200,1,9,16.33225,0.8361407956,,,
e1_escalabilidad_n,pd,cpp,aleatoria,400,12,200,1,10,16.352834,0.8361407956,,,
e1_escalabilidad_n,pd,cpp,aleatoria,400,12,200,2,1,16.360041,0.6926775946,,,
e1_escalabilidad_n,pd,cpp,aleatoria,400,12,200,2,2,16.322958,0.6926775946,,,
e1_escalabilidad_n,pd,cpp,aleatoria,400,12,200,2,3,16.313792,0.6926775946,,,
e1_escalabilidad_n,pd,cpp,aleatoria,400,12,200,2,4,16.3835,0.6926775946,,,
e1_escalabilidad_n,pd,cpp,aleatoria,400,12,200,2,5,16.343708,0.6926775946,,,
e1_escalabilidad_n,pd,cpp,aleatoria,400,12,200,2,6,16.3325,0.6926775946,,,
e1_escalabilidad_n,pd,cpp,aleatoria,400,12,200,2,7,16.33075,0.6926775946,,,
e1_escalabilidad_n,pd,cpp,aleatoria,400,12,200,2,8,16.301,0.6926775946,,,
e1_escalabilidad_n,pd,cpp,aleatoria,400,12,200,2,9,16.224208,0.6926775946,,,
e1_escalabilidad_n,pd,cpp,aleatoria,400,12,200,2,10,16.316209,0.6926775946,,,
e1_escalabilidad_n,pd,cpp,aleatoria,600,12,300,0,1,54.610584,0.6667953059,,,
e1_escalabilidad_n,pd,cpp,aleatoria,600,12,300,0,2,54.095209,0.6667953059,,,
e1_escalabilidad_n,pd,cpp,aleatoria,600,12,300,0,3,54.421375,0.6667953059,,,
e1_escalabilidad_n,pd,cpp,aleatoria,600,12,300,0,4,54.069333,0.6667953059,,,
e1_escalabilidad_n,pd,cpp,aleatoria,600,12,300,0,5,68.46225,0.6667953059,,,
e1_escalabilidad_n,pd,cpp,aleatoria,600,12,300,0,6,54.153292,0.6667953059,,,
e1_escalabilidad_n,pd,cpp,aleatoria,600,12,300,0,7,54.579375,0.6667953059,,,
e1_escalabilidad_n,pd,cpp,aleatoria,600,12,300,0,8,54.232583,0.6667953059,,,
e1_escalabilidad_n,pd,cpp,aleatoria,600,12,300,0,9,54.513084,0.6667953059,,,
e1_escalabilidad_n,pd,cpp,aleatoria,600,12,300,0,10,54.369916,0.6667953059,,,
e1_escalabilidad_n,pd,cpp,aleatoria,600,12,300,1,1,54.558084,0.7879464132,,,
e1_escalabilidad_n,pd,cpp,aleatoria,600,12,300,1,2,54.409875,0.7879464132,,,
e1_escalabilidad_n,pd,cpp,aleatoria,600,12,300,1,3,54.736334,0.7879464132,,,
e1_escalabilidad_n,pd,cpp,aleatoria,600,12,300,1,4,56.09125,0.7879464132,,,
e1_escalabilidad_n,pd,cpp,aleatoria,600,12,300,1,5,56.380125,0.7879464132,,,
e1_escalabilidad_n,pd,cpp,aleatoria,600,12,300,1,6,55.110708,0.7879464132,,,
e1_escalabilidad_n,pd,cpp,aleatoria,600,12,300,1,7,54.847125,0.7879464132,,,
e1_escalabilidad_n,pd,cpp,aleatoria,600,12,300,1,8,56.397458,0.7879464132,,,
e1_escalabilidad_n,pd,cpp,aleatoria,600,12,300,1,9,54.617833,0.7879464132,,,
e1_escalabilidad_n,pd,cpp,aleatoria,600,12,300,1,10,54.835,0.7879464132,,,
e1_escalabilidad_n,pd,cpp,aleatoria,600,12,300,2,1,55.528666,0.799038103,,,
e1_escalabilidad_n,pd,cpp,aleatoria,600,12,300,2,2,56.731042,0.799038103,,,
e1_escalabilidad_n,pd,cpp,aleatoria,600,12,300,2,3,54.825667,0.799038103,,,
e1_escalabilidad_n,pd,cpp,aleatoria,600,12,300,2,4,56.545375,0.799038103,,,
e1_escalabilidad_n,pd,cpp,aleatoria,600,12,300,2,5,56.404334,0.799038103,,,
e1_escalabilidad_n,pd,cpp,aleatoria,600,12,300,2,6,57.221541,0.799038103,,,
e1_escalabilidad_n,pd,cpp,aleatoria,600,12,300,2,7,56.435625,0.799038103,,,
e1_escalabilidad_n,pd,cpp,aleatoria,600,12,300,2,8,54.697834,0.799038103,,,
e1_escalabilidad_n,pd,cpp,aleatoria,600,12,300,2,9,54.9255,0.799038103,,,
e1_escalabilidad_n,pd,cpp,aleatoria,600,12,300,2,10,54.870042,0.799038103,,,
e1_escalabilidad_n,pd,cpp,aleatoria,800,12,400,0,1,129.835584,0.676164307,,,
e1_escalabilidad_n,pd,cpp,aleatoria,800,12,400,0,2,129.083375,0.676164307,,,
e1_escalabilidad_n,pd,cpp,aleatoria,800,12,400,0,3,132.115709,0.676164307,,,
e1_escalabilidad_n,pd,cpp,aleatoria,800,12,400,0,4,134.73925,0.676164307,,,
e1_escalabilidad_n,pd,cpp,aleatoria,800,12,400,0,5,132.896542,0.676164307,,,
e1_escalabilidad_n,pd,cpp,aleatoria,800,12,400,0,6,129.109167,0.676164307,,,
e1_escalabilidad_n,pd,cpp,aleatoria,800,12,400,0,7,132.625541,0.676164307,,,
e1_escalabilidad_n,pd,cpp,aleatoria,800,12,400,0,8,129.335666,0.676164307,,,
e1_escalabilidad_n,pd,cpp,aleatoria,800,12,400,0,9,129.571875,0.676164307,,,
e1_escalabilidad_n,pd,cpp,aleatoria,800,12,400,0,10,132.85125,0.676164307,,,
e1_escalabilidad_n,pd,cpp,aleatoria,800,12,400,1,1,133.362959,0.5739679869,,,
e1_escalabilidad_n,pd,cpp,aleatoria,800,12,400,1,2,129.355125,0.5739679869,,,
e1_escalabilidad_n,pd,cpp,aleatoria,800,12,400,1,3,129.905334,0.5739679869,,,
e1_escalabilidad_n,pd,cpp,aleatoria,800,12,400,1,4,133.018959,0.5739679869,,,
e1_escalabilidad_n,pd,cpp,aleatoria,800,12,400,1,5,128.876333,0.5739679869,,,
e1_escalabilidad_n,pd,cpp,aleatoria,800,12,400,1,6,128.941041,0.5739679869,,,
e1_escalabilidad_n,pd,cpp,aleatoria,800,12,400,1,7,129.021208,0.5739679869,,,
e1_escalabilidad_n,pd,cpp,aleatoria,800,12,400,1,8,130.161167,0.5739679869,,,
e1_escalabilidad_n,pd,cpp,aleatoria,800,12,400,1,9,145.614875,0.5739679869,,,
e1_escalabilidad_n,pd,cpp,aleatoria,800,12,400,1,10,129.310542,0.5739679869,,,
e1_escalabilidad_n,pd,cpp,aleatoria,800,12,400,2,1,129.294834,0.798032255,,,
e1_escalabilidad_n,pd,cpp,aleatoria,800,12,400,2,2,129.187959,0.798032255,,,
e1_escalabilidad_n,pd,cpp,aleatoria,800,12,400,2,3,129.485958,0.798032255,,,
e1_escalabilidad_n,pd,cpp,aleatoria,800,12,400,2,4,129.34325,0.798032255,,,
e1_escalabilidad_n,pd,cpp,aleatoria,800,12,400,2,5,129.157625,0.798032255,,,
e1_escalabilidad_n,pd,cpp,aleatoria,800,12,400,2,6,134.051875,0.798032255,,,
e1_escalabilidad_n,pd,cpp,aleatoria,800,12,400,2,7,133.449042,0.798032255,,,
e1_escalabilidad_n,pd,cpp,aleatoria,800,12,400,2,8,134.262417,0.798032255,,,
e1_escalabilidad_n,pd,cpp,aleatoria,800,12,400,2,9,129.767125,0.798032255,,,
e1_escalabilidad_n,pd,cpp,aleatoria,800,12,400,2,10,133.506083,0.798032255,,,
e1_escalabilidad_n,pd,cpp,aleatoria,1200,12,600,0,1,439.656541,0.7044974876,,,
e1_escalabilidad_n,pd,cpp,aleatoria,1200,12,600,0,2,435.828125,0.7044974876,,,
e1_escalabilidad_n,pd,cpp,aleatoria,1200,12,600,0,3,435.291459,0.7044974876,,,
e1_escalabilidad_n,pd,cpp,aleatoria,1200,12,600,0,4,432.272875,0.7044974876,,,
e1_escalabilidad_n,pd,cpp,aleatoria,1200,12,600,0,5,435.486375,0.7044974876,,,
e1_escalabilidad_n,pd,cpp,aleatoria,1200,12,600,0,6,432.503417,0.7044974876,,,
e1_escalabilidad_n,pd,cpp,aleatoria,1200,12,600,0,7,438.100958,0.7044974876,,,
e1_escalabilidad_n,pd,cpp,aleatoria,1200,12,600,0,8,434.594375,0.7044974876,,,
e1_escalabilidad_n,pd,cpp,aleatoria,1200,12,600,0,9,433.439625,0.7044974876,,,
e1_escalabilidad_n,pd,cpp,aleatoria,1200,12,600,0,10,437.615166,0.7044974876,,,
e1_escalabilidad_n,pd,cpp,aleatoria,1200,12,600,1,1,434.742584,0.5324711823,,,
e1_escalabilidad_n,pd,cpp,aleatoria,1200,12,600,1,2,435.433042,0.5324711823,,,
e1_escalabilidad_n,pd,cpp,aleatoria,1200,12,600,1,3,439.073125,0.5324711823,,,
e1_escalabilidad_n,pd,cpp,aleatoria,1200,12,600,1,4,438.649375,0.5324711823,,,
e1_escalabilidad_n,pd,cpp,aleatoria,1200,12,600,1,5,444.907667,0.5324711823,,,
e1_escalabilidad_n,pd,cpp,aleatoria,1200,12,600,1,6,433.186208,0.5324711823,,,
e1_escalabilidad_n,pd,cpp,aleatoria,1200,12,600,1,7,448.084375,0.5324711823,,,
e1_escalabilidad_n,pd,cpp,aleatoria,1200,12,600,1,8,435.151709,0.5324711823,,,
e1_escalabilidad_n,pd,cpp,aleatoria,1200,12,600,1,9,434.005333,0.5324711823,,,
e1_escalabilidad_n,pd,cpp,aleatoria,1200,12,600,1,10,439.100541,0.5324711823,,,
e1_escalabilidad_n,pd,cpp,aleatoria,1200,12,600,2,1,439.208917,0.6754350968,,,
e1_escalabilidad_n,pd,cpp,aleatoria,1200,12,600,2,2,437.551333,0.6754350968,,,
e1_escalabilidad_n,pd,cpp,aleatoria,1200,12,600,2,3,433.648958,0.6754350968,,,
e1_escalabilidad_n,pd,cpp,aleatoria,1200,12,600,2,4,434.91275,0.6754350968,,,
e1_escalabilidad_n,pd,cpp,aleatoria,1200,12,600,2,5,440.261083,0.6754350968,,,
e1_escalabilidad_n,pd,cpp,aleatoria,1200,12,600,2,6,437.979667,0.6754350968,,,
e1_escalabilidad_n,pd,cpp,aleatoria,1200,12,600,2,7,445.843583,0.6754350968,,,
e1_escalabilidad_n,pd,cpp,aleatoria,1200,12,600,2,8,433.244417,0.6754350968,,,
e1_escalabilidad_n,pd,cpp,aleatoria,1200,12,600,2,9,447.847083,0.6754350968,,,
e1_escalabilidad_n,pd,cpp,aleatoria,1200,12,600,2,10,443.498334,0.6754350968,,,
e1_escalabilidad_n,pd,cpp,aleatoria,1600,12,800,0,1,1041.485166,0.6997453465,,,
e1_escalabilidad_n,pd,cpp,aleatoria,1600,12,800,0,2,1044.142625,0.6997453465,,,
e1_escalabilidad_n,pd,cpp,aleatoria,1600,12,800,0,3,1044.946917,0.6997453465,,,
e1_escalabilidad_n,pd,cpp,aleatoria,1600,12,800,0,4,1075.3805,0.6997453465,,,
e1_escalabilidad_n,pd,cpp,aleatoria,1600,12,800,0,5,1053.584584,0.6997453465,,,
e1_escalabilidad_n,pd,cpp,aleatoria,1600,12,800,0,6,1049.264541,0.6997453465,,,
e1_escalabilidad_n,pd,cpp,aleatoria,1600,12,800,0,7,1048.081625,0.6997453465,,,
e1_escalabilidad_n,pd,cpp,aleatoria,1600,12,800,0,8,1046.417916,0.6997453465,,,
e1_escalabilidad_n,pd,cpp,aleatoria,1600,12,800,0,9,1069.294542,0.6997453465,,,
e1_escalabilidad_n,pd,cpp,aleatoria,1600,12,800,0,10,1046.719583,0.6997453465,,,
e1_escalabilidad_n,pd,cpp,aleatoria,1600,12,800,1,1,1040.71225,0.5703981767,,,
e1_escalabilidad_n,pd,cpp,aleatoria,1600,12,800,1,2,1038.134208,0.5703981767,,,
e1_escalabilidad_n,pd,cpp,aleatoria,1600,12,800,1,3,1053.352,0.5703981767,,,
e1_escalabilidad_n,pd,cpp,aleatoria,1600,12,800,1,4,1041.127666,0.5703981767,,,
e1_escalabilidad_n,pd,cpp,aleatoria,1600,12,800,1,5,1035.598458,0.5703981767,,,
e1_escalabilidad_n,pd,cpp,aleatoria,1600,12,800,1,6,1067.677209,0.5703981767,,,
e1_escalabilidad_n,pd,cpp,aleatoria,1600,12,800,1,7,1049.136875,0.5703981767,,,
e1_escalabilidad_n,pd,cpp,aleatoria,1600,12,800,1,8,1061.589291,0.5703981767,,,
e1_escalabilidad_n,pd,cpp,aleatoria,1600,12,800,1,9,1054.248583,0.5703981767,,,
e1_escalabilidad_n,pd,cpp,aleatoria,1600,12,800,1,10,1044.485917,0.5703981767,,,
e1_escalabilidad_n,pd,cpp,aleatoria,1600,12,800,2,1,1046.5745,0.6484690586,,,
e1_escalabilidad_n,pd,cpp,aleatoria,1600,12,800,2,2,1034.59975,0.6484690586,,,
e1_escalabilidad_n,pd,cpp,aleatoria,1600,12,800,2,3,1037.396333,0.6484690586,,,
e1_escalabilidad_n,pd,cpp,aleatoria,1600,12,800,2,4,1038.347208,0.6484690586,,,
e1_escalabilidad_n,pd,cpp,aleatoria,1600,12,800,2,5,1078.841167,0.6484690586,,,
e1_escalabilidad_n,pd,cpp,aleatoria,1600,12,800,2,6,1032.326458,0.6484690586,,,
e1_escalabilidad_n,pd,cpp,aleatoria,1600,12,800,2,7,1032.268583,0.6484690586,,,
e1_escalabilidad_n,pd,cpp,aleatoria,1600,12,800,2,8,1034.726166,0.6484690586,,,
e1_escalabilidad_n,pd,cpp,aleatoria,1600,12,800,2,9,1041.197209,0.6484690586,,,
e1_escalabilidad_n,pd,cpp,aleatoria,1600,12,800,2,10,1045.575166,0.6484690586,,,
e1_escalabilidad_n,pd,cpp,aleatoria,2000,12,1000,0,1,2461.19875,0.5122639652,,,
e1_escalabilidad_n,pd,cpp,aleatoria,2000,12,1000,0,2,2418.976334,0.5122639652,,,
e1_escalabilidad_n,pd,cpp,aleatoria,2000,12,1000,0,3,2420.291542,0.5122639652,,,
e1_escalabilidad_n,pd,cpp,aleatoria,2000,12,1000,0,4,2439.120084,0.5122639652,,,
e1_escalabilidad_n,pd,cpp,aleatoria,2000,12,1000,0,5,2478.375333,0.5122639652,,,
e1_escalabilidad_n,pd,cpp,aleatoria,2000,12,1000,0,6,2465.939875,0.5122639652,,,
e1_escalabilidad_n,pd,cpp,aleatoria,2000,12,1000,0,7,2431.144417,0.5122639652,,,
e1_escalabilidad_n,pd,cpp,aleatoria,2000,12,1000,0,8,2503.711042,0.5122639652,,,
e1_escalabilidad_n,pd,cpp,aleatoria,2000,12,1000,0,9,2412.589,0.5122639652,,,
e1_escalabilidad_n,pd,cpp,aleatoria,2000,12,1000,0,10,2680.109792,0.5122639652,,,
e1_escalabilidad_n,pd,cpp,aleatoria,2000,12,1000,1,1,2480.869459,0.3539253735,,,
e1_escalabilidad_n,pd,cpp,aleatoria,2000,12,1000,1,2,2465.579875,0.3539253735,,,
e1_escalabilidad_n,pd,cpp,aleatoria,2000,12,1000,1,3,2436.030541,0.3539253735,,,
e1_escalabilidad_n,pd,cpp,aleatoria,2000,12,1000,1,4,2426.308666,0.3539253735,,,
e1_escalabilidad_n,pd,cpp,aleatoria,2000,12,1000,1,5,2419.911708,0.3539253735,,,
e1_escalabilidad_n,pd,cpp,aleatoria,2000,12,1000,1,6,2445.714,0.3539253735,,,
e1_escalabilidad_n,pd,cpp,aleatoria,2000,12,1000,1,7,2471.594917,0.3539253735,,,
e1_escalabilidad_n,pd,cpp,aleatoria,2000,12,1000,1,8,2436.184292,0.3539253735,,,
e1_escalabilidad_n,pd,cpp,aleatoria,2000,12,1000,1,9,2414.405041,0.3539253735,,,
e1_escalabilidad_n,pd,cpp,aleatoria,2000,12,1000,1,10,2411.577708,0.3539253735,,,
e1_escalabilidad_n,pd,cpp,aleatoria,2000,12,1000,2,1,2436.288,0.5432129049,,,
e1_escalabilidad_n,pd,cpp,aleatoria,2000,12,1000,2,2,2442.803959,0.5432129049,,,
e1_escalabilidad_n,pd,cpp,aleatoria,2000,12,1000,2,3,2411.064917,0.5432129049,,,
e1_escalabilidad_n,pd,cpp,aleatoria,2000,12,1000,2,4,2417.934209,0.5432129049,,,
e1_escalabilidad_n,pd,cpp,aleatoria,2000,12,1000,2,5,2412.959917,0.5432129049,,,
e1_escalabilidad_n,pd,cpp,aleatoria,2000,12,1000,2,6,2416.674292,0.5432129049,,,
e1_escalabilidad_n,pd,cpp,aleatoria,2000,12,1000,2,7,2413.326959,0.5432129049,,,
e1_escalabilidad_n,pd,cpp,aleatoria,2000,12,1000,2,8,2431.090416,0.5432129049,,,
e1_escalabilidad_n,pd,cpp,aleatoria,2000,12,1000,2,9,2412.333625,0.5432129049,,,
e1_escalabilidad_n,pd,cpp,aleatoria,2000,12,1000,2,10,2416.277875,0.5432129049,,,
