experimento,algoritmo,implementacion,familia,n,d,k,semilla,repeticion,ms,costo,nodos,poda_fact,poda_opt
e6_ablacion_podas,bt,cpp_ambas,aleatoria,10,12,5,0,1,0.035458,0.9018301836,85,12,10
e6_ablacion_podas,bt,cpp_ambas,aleatoria,10,12,5,0,2,0.029875,0.9018301836,85,12,10
e6_ablacion_podas,bt,cpp_ambas,aleatoria,10,12,5,0,3,0.031708,0.9018301836,85,12,10
e6_ablacion_podas,bt,cpp_ambas,aleatoria,10,12,5,0,4,0.028042,0.9018301836,85,12,10
e6_ablacion_podas,bt,cpp_ambas,aleatoria,10,12,5,0,5,0.026459,0.9018301836,85,12,10
e6_ablacion_podas,bt,cpp_ambas,aleatoria,10,12,5,0,6,0.021166,0.9018301836,85,12,10
e6_ablacion_podas,bt,cpp_ambas,aleatoria,10,12,5,0,7,0.025041,0.9018301836,85,12,10
e6_ablacion_podas,bt,cpp_ambas,aleatoria,10,12,5,0,8,0.023375,0.9018301836,85,12,10
e6_ablacion_podas,bt,cpp_ambas,aleatoria,10,12,5,0,9,0.019959,0.9018301836,85,12,10
e6_ablacion_podas,bt,cpp_ambas,aleatoria,10,12,5,0,10,0.022583,0.9018301836,85,12,10
e6_ablacion_podas,bt,cpp_ambas,aleatoria,10,12,5,1,1,0.014458,1.265981129,55,6,10
e6_ablacion_podas,bt,cpp_ambas,aleatoria,10,12,5,1,2,0.012875,1.265981129,55,6,10
e6_ablacion_podas,bt,cpp_ambas,aleatoria,10,12,5,1,3,0.012417,1.265981129,55,6,10
e6_ablacion_podas,bt,cpp_ambas,aleatoria,10,12,5,1,4,0.012959,1.265981129,55,6,10
e6_ablacion_podas,bt,cpp_ambas,aleatoria,10,12,5,1,5,0.011708,1.265981129,55,6,10
e6_ablacion_podas,bt,cpp_ambas,aleatoria,10,12,5,1,6,0.011917,1.265981129,55,6,10
e6_ablacion_podas,bt,cpp_ambas,aleatoria,10,12,5,1,7,0.011167,1.265981129,55,6,10
e6_ablacion_podas,bt,cpp_ambas,aleatoria,10,12,5,1,8,0.012084,1.265981129,55,6,10
e6_ablacion_podas,bt,cpp_ambas,aleatoria,10,12,5,1,9,0.011208,1.265981129,55,6,10
e6_ablacion_podas,bt,cpp_ambas,aleatoria,10,12,5,1,10,0.01175,1.265981129,55,6,10
e6_ablacion_podas,bt,cpp_ambas,aleatoria,10,12,5,2,1,0.016458,1.341254469,81,12,9
e6_ablacion_podas,bt,cpp_ambas,aleatoria,10,12,5,2,2,0.015292,1.341254469,81,12,9
e6_ablacion_podas,bt,cpp_ambas,aleatoria,10,12,5,2,3,0.016209,1.341254469,81,12,9
e6_ablacion_podas,bt,cpp_ambas,aleatoria,10,12,5,2,4,0.015875,1.341254469,81,12,9
e6_ablacion_podas,bt,cpp_ambas,aleatoria,10,12,5,2,5,0.016291,1.341254469,81,12,9
e6_ablacion_podas,bt,cpp_ambas,aleatoria,10,12,5,2,6,0.014709,1.341254469,81,12,9
e6_ablacion_podas,bt,cpp_ambas,aleatoria,10,12,5,2,7,0.016208,1.341254469,81,12,9
e6_ablacion_podas,bt,cpp_ambas,aleatoria,10,12,5,2,8,0.01625,1.341254469,81,12,9
e6_ablacion_podas,bt,cpp_ambas,aleatoria,10,12,5,2,9,0.014292,1.341254469,81,12,9
e6_ablacion_podas,bt,cpp_ambas,aleatoria,10,12,5,2,10,0.013666,1.341254469,81,12,9
e6_ablacion_podas,bt,cpp_sin_opt,aleatoria,10,12,5,0,1,0.058708,0.9018301836,167,28,0
e6_ablacion_podas,bt,cpp_sin_opt,aleatoria,10,12,5,0,2,0.050625,0.9018301836,167,28,0
e6_ablacion_podas,bt,cpp_sin_opt,aleatoria,10,12,5,0,3,0.056792,0.9018301836,167,28,0
e6_ablacion_podas,bt,cpp_sin_opt,aleatoria,10,12,5,0,4,0.029625,0.9018301836,167,28,0
e6_ablacion_podas,bt,cpp_sin_opt,aleatoria,10,12,5,0,5,0.032625,0.9018301836,167,28,0
e6_ablacion_podas,bt,cpp_sin_opt,aleatoria,10,12,5,0,6,0.043792,0.9018301836,167,28,0
e6_ablacion_podas,bt,cpp_sin_opt,aleatoria,10,12,5,0,7,0.047125,0.9018301836,167,28,0
e6_ablacion_podas,bt,cpp_sin_opt,aleatoria,10,12,5,0,8,0.029375,0.9018301836,167,28,0
e6_ablacion_podas,bt,cpp_sin_opt,aleatoria,10,12,5,0,9,0.037375,0.9018301836,167,28,0
e6_ablacion_podas,bt,cpp_sin_opt,aleatoria,10,12,5,0,10,0.038625,0.9018301836,167,28,0
e6_ablacion_podas,bt,cpp_sin_opt,aleatoria,10,12,5,1,1,0.030417,1.265981129,167,28,0
e6_ablacion_podas,bt,cpp_sin_opt,aleatoria,10,12,5,1,2,0.035709,1.265981129,167,28,0
e6_ablacion_podas,bt,cpp_sin_opt,aleatoria,10,12,5,1,3,0.036708,1.265981129,167,28,0
e6_ablacion_podas,bt,cpp_sin_opt,aleatoria,10,12,5,1,4,0.041292,1.265981129,167,28,0
e6_ablacion_podas,bt,cpp_sin_opt,aleatoria,10,12,5,1,5,0.032041,1.265981129,167,28,0
e6_ablacion_podas,bt,cpp_sin_opt,aleatoria,10,12,5,1,6,0.037667,1.265981129,167,28,0
e6_ablacion_podas,bt,cpp_sin_opt,aleatoria,10,12,5,1,7,0.029708,1.265981129,167,28,0
e6_ablacion_podas,bt,cpp_sin_opt,aleatoria,10,12,5,1,8,0.032833,1.265981129,167,28,0
e6_ablacion_podas,bt,cpp_sin_opt,aleatoria,10,12,5,1,9,0.030458,1.265981129,167,28,0
e6_ablacion_podas,bt,cpp_sin_opt,aleatoria,10,12,5,1,10,0.034458,1.265981129,167,28,0
e6_ablacion_podas,bt,cpp_sin_opt,aleatoria,10,12,5,2,1,0.028417,1.341254469,167,28,0
e6_ablacion_podas,bt,cpp_sin_opt,aleatoria,10,12,5,2,2,0.02875,1.341254469,167,28,0
e6_ablacion_podas,bt,cpp_sin_opt,aleatoria,10,12,5,2,3,0.032125,1.341254469,167,28,0
e6_ablacion_podas,bt,cpp_sin_opt,aleatoria,10,12,5,2,4,0.029625,1.341254469,167,28,0
e6_ablacion_podas,bt,cpp_sin_opt,aleatoria,10,12,5,2,5,0.030167,1.341254469,167,28,0
e6_ablacion_podas,bt,cpp_sin_opt,aleatoria,10,12,5,2,6,0.031667,1.341254469,167,28,0
e6_ablacion_podas,bt,cpp_sin_opt,aleatoria,10,12,5,2,7,0.026792,1.341254469,167,28,0
e6_ablacion_podas,bt,cpp_sin_opt,aleatoria,10,12,5,2,8,0.027542,1.341254469,167,28,0
e6_ablacion_podas,bt,cpp_sin_opt,aleatoria,10,12,5,2,9,0.029625,1.341254469,167,28,0
e6_ablacion_podas,bt,cpp_sin_opt,aleatoria,10,12,5,2,10,0.025875,1.341254469,167,28,0
e6_ablacion_podas,bt,cpp_sin_fact,aleatoria,10,12,5,0,1,0.052917,0.9018301836,95,0,17
e6_ablacion_podas,bt,cpp_sin_fact,aleatoria,10,12,5,0,2,0.04475,0.9018301836,95,0,17
e6_ablacion_podas,bt,cpp_sin_fact,aleatoria,10,12,5,0,3,0.04075,0.9018301836,95,0,17
e6_ablacion_podas,bt,cpp_sin_fact,aleatoria,10,12,5,0,4,0.032375,0.9018301836,95,0,17
e6_ablacion_podas,bt,cpp_sin_fact,aleatoria,10,12,5,0,5,0.038167,0.9018301836,95,0,17
e6_ablacion_podas,bt,cpp_sin_fact,aleatoria,10,12,5,0,6,0.0355,0.9018301836,95,0,17
e6_ablacion_podas,bt,cpp_sin_fact,aleatoria,10,12,5,0,7,0.034,0.9018301836,95,0,17
e6_ablacion_podas,bt,cpp_sin_fact,aleatoria,10,12,5,0,8,0.027542,0.9018301836,95,0,17
e6_ablacion_podas,bt,cpp_sin_fact,aleatoria,10,12,5,0,9,0.027458,0.9018301836,95,0,17
e6_ablacion_podas,bt,cpp_sin_fact,aleatoria,10,12,5,0,10,0.025,0.9018301836,95,0,17
e6_ablacion_podas,bt,cpp_sin_fact,aleatoria,10,12,5,1,1,0.018334,1.265981129,63,0,12
e6_ablacion_podas,bt,cpp_sin_fact,aleatoria,10,12,5,1,2,0.015333,1.265981129,63,0,12
e6_ablacion_podas,bt,cpp_sin_fact,aleatoria,10,12,5,1,3,0.015125,1.265981129,63,0,12
e6_ablacion_podas,bt,cpp_sin_fact,aleatoria,10,12,5,1,4,0.015667,1.265981129,63,0,12
e6_ablacion_podas,bt,cpp_sin_fact,aleatoria,10,12,5,1,5,0.018042,1.265981129,63,0,12
e6_ablacion_podas,bt,cpp_sin_fact,aleatoria,10,12,5,1,6,0.013833,1.265981129,63,0,12
e6_ablacion_podas,bt,cpp_sin_fact,aleatoria,10,12,5,1,7,0.014708,1.265981129,63,0,12
e6_ablacion_podas,bt,cpp_sin_fact,aleatoria,10,12,5,1,8,0.015417,1.265981129,63,0,12
e6_ablacion_podas,bt,cpp_sin_fact,aleatoria,10,12,5,1,9,0.014792,1.265981129,63,0,12
e6_ablacion_podas,bt,cpp_sin_fact,aleatoria,10,12,5,1,10,0.013,1.265981129,63,0,12
e6_ablacion_podas,bt,cpp_sin_fact,aleatoria,10,12,5,2,1,0.018292,1.341254469,91,0,16
e6_ablacion_podas,bt,cpp_sin_fact,aleatoria,10,12,5,2,2,0.017292,1.341254469,91,0,16
e6_ablacion_podas,bt,cpp_sin_fact,aleatoria,10,12,5,2,3,0.020042,1.341254469,91,0,16
e6_ablacion_podas,bt,cpp_sin_fact,aleatoria,10,12,5,2,4,0.018125,1.341254469,91,0,16
e6_ablacion_podas,bt,cpp_sin_fact,aleatoria,10,12,5,2,5,0.018459,1.341254469,91,0,16
e6_ablacion_podas,bt,cpp_sin_fact,aleatoria,10,12,5,2,6,0.0165,1.341254469,91,0,16
e6_ablacion_podas,bt,cpp_sin_fact,aleatoria,10,12,5,2,7,0.017791,1.341254469,91,0,16
e6_ablacion_podas,bt,cpp_sin_fact,aleatoria,10,12,5,2,8,0.017792,1.341254469,91,0,16
e6_ablacion_podas,bt,cpp_sin_fact,aleatoria,10,12,5,2,9,0.01575,1.341254469,91,0,16
e6_ablacion_podas,bt,cpp_sin_fact,aleatoria,10,12,5,2,10,0.0165,1.341254469,91,0,16
e6_ablacion_podas,bt,cpp_sin_podas,aleatoria,10,12,5,0,1,0.078333,0.9018301836,185,0,0
e6_ablacion_podas,bt,cpp_sin_podas,aleatoria,10,12,5,0,2,0.056792,0.9018301836,185,0,0
e6_ablacion_podas,bt,cpp_sin_podas,aleatoria,10,12,5,0,3,0.062125,0.9018301836,185,0,0
e6_ablacion_podas,bt,cpp_sin_podas,aleatoria,10,12,5,0,4,0.062333,0.9018301836,185,0,0
e6_ablacion_podas,bt,cpp_sin_podas,aleatoria,10,12,5,0,5,0.034542,0.9018301836,185,0,0
e6_ablacion_podas,bt,cpp_sin_podas,aleatoria,10,12,5,0,6,0.052542,0.9018301836,185,0,0
e6_ablacion_podas,bt,cpp_sin_podas,aleatoria,10,12,5,0,7,0.034125,0.9018301836,185,0,0
e6_ablacion_podas,bt,cpp_sin_podas,aleatoria,10,12,5,0,8,0.032416,0.9018301836,185,0,0
e6_ablacion_podas,bt,cpp_sin_podas,aleatoria,10,12,5,0,9,0.035958,0.9018301836,185,0,0
e6_ablacion_podas,bt,cpp_sin_podas,aleatoria,10,12,5,0,10,0.048959,0.9018301836,185,0,0
e6_ablacion_podas,bt,cpp_sin_podas,aleatoria,10,12,5,1,1,0.042041,1.265981129,185,0,0
e6_ablacion_podas,bt,cpp_sin_podas,aleatoria,10,12,5,1,2,0.035208,1.265981129,185,0,0
e6_ablacion_podas,bt,cpp_sin_podas,aleatoria,10,12,5,1,3,0.038458,1.265981129,185,0,0
e6_ablacion_podas,bt,cpp_sin_podas,aleatoria,10,12,5,1,4,0.0375,1.265981129,185,0,0
e6_ablacion_podas,bt,cpp_sin_podas,aleatoria,10,12,5,1,5,0.0375,1.265981129,185,0,0
e6_ablacion_podas,bt,cpp_sin_podas,aleatoria,10,12,5,1,6,0.036875,1.265981129,185,0,0
e6_ablacion_podas,bt,cpp_sin_podas,aleatoria,10,12,5,1,7,0.039541,1.265981129,185,0,0
e6_ablacion_podas,bt,cpp_sin_podas,aleatoria,10,12,5,1,8,0.039167,1.265981129,185,0,0
e6_ablacion_podas,bt,cpp_sin_podas,aleatoria,10,12,5,1,9,0.037041,1.265981129,185,0,0
e6_ablacion_podas,bt,cpp_sin_podas,aleatoria,10,12,5,1,10,0.035791,1.265981129,185,0,0
e6_ablacion_podas,bt,cpp_sin_podas,aleatoria,10,12,5,2,1,0.034708,1.341254469,185,0,0
e6_ablacion_podas,bt,cpp_sin_podas,aleatoria,10,12,5,2,2,0.032666,1.341254469,185,0,0
e6_ablacion_podas,bt,cpp_sin_podas,aleatoria,10,12,5,2,3,0.030542,1.341254469,185,0,0
e6_ablacion_podas,bt,cpp_sin_podas,aleatoria,10,12,5,2,4,0.039417,1.341254469,185,0,0
e6_ablacion_podas,bt,cpp_sin_podas,aleatoria,10,12,5,2,5,0.030291,1.341254469,185,0,0
e6_ablacion_podas,bt,cpp_sin_podas,aleatoria,10,12,5,2,6,0.029958,1.341254469,185,0,0
e6_ablacion_podas,bt,cpp_sin_podas,aleatoria,10,12,5,2,7,0.028709,1.341254469,185,0,0
e6_ablacion_podas,bt,cpp_sin_podas,aleatoria,10,12,5,2,8,0.029334,1.341254469,185,0,0
e6_ablacion_podas,bt,cpp_sin_podas,aleatoria,10,12,5,2,9,0.034458,1.341254469,185,0,0
e6_ablacion_podas,bt,cpp_sin_podas,aleatoria,10,12,5,2,10,0.028042,1.341254469,185,0,0
e6_ablacion_podas,fb,cpp,aleatoria,10,12,5,0,1,0.028625,0.9018301836,185,0,0
e6_ablacion_podas,fb,cpp,aleatoria,10,12,5,0,2,0.028834,0.9018301836,185,0,0
e6_ablacion_podas,fb,cpp,aleatoria,10,12,5,0,3,0.028791,0.9018301836,185,0,0
e6_ablacion_podas,fb,cpp,aleatoria,10,12,5,0,4,0.031875,0.9018301836,185,0,0
e6_ablacion_podas,fb,cpp,aleatoria,10,12,5,0,5,0.0295,0.9018301836,185,0,0
e6_ablacion_podas,fb,cpp,aleatoria,10,12,5,0,6,0.027125,0.9018301836,185,0,0
e6_ablacion_podas,fb,cpp,aleatoria,10,12,5,0,7,0.027,0.9018301836,185,0,0
e6_ablacion_podas,fb,cpp,aleatoria,10,12,5,0,8,0.030625,0.9018301836,185,0,0
e6_ablacion_podas,fb,cpp,aleatoria,10,12,5,0,9,0.026333,0.9018301836,185,0,0
e6_ablacion_podas,fb,cpp,aleatoria,10,12,5,0,10,0.025584,0.9018301836,185,0,0
e6_ablacion_podas,fb,cpp,aleatoria,10,12,5,1,1,0.027667,1.265981129,185,0,0
e6_ablacion_podas,fb,cpp,aleatoria,10,12,5,1,2,0.031458,1.265981129,185,0,0
e6_ablacion_podas,fb,cpp,aleatoria,10,12,5,1,3,0.025709,1.265981129,185,0,0
e6_ablacion_podas,fb,cpp,aleatoria,10,12,5,1,4,0.025875,1.265981129,185,0,0
e6_ablacion_podas,fb,cpp,aleatoria,10,12,5,1,5,0.027083,1.265981129,185,0,0
e6_ablacion_podas,fb,cpp,aleatoria,10,12,5,1,6,0.024,1.265981129,185,0,0
e6_ablacion_podas,fb,cpp,aleatoria,10,12,5,1,7,0.023791,1.265981129,185,0,0
e6_ablacion_podas,fb,cpp,aleatoria,10,12,5,1,8,0.023875,1.265981129,185,0,0
e6_ablacion_podas,fb,cpp,aleatoria,10,12,5,1,9,0.024417,1.265981129,185,0,0
e6_ablacion_podas,fb,cpp,aleatoria,10,12,5,1,10,0.023625,1.265981129,185,0,0
e6_ablacion_podas,fb,cpp,aleatoria,10,12,5,2,1,0.028291,1.341254469,185,0,0
e6_ablacion_podas,fb,cpp,aleatoria,10,12,5,2,2,0.027459,1.341254469,185,0,0
e6_ablacion_podas,fb,cpp,aleatoria,10,12,5,2,3,0.028875,1.341254469,185,0,0
e6_ablacion_podas,fb,cpp,aleatoria,10,12,5,2,4,0.028167,1.341254469,185,0,0
e6_ablacion_podas,fb,cpp,aleatoria,10,12,5,2,5,0.02475,1.341254469,185,0,0
e6_ablacion_podas,fb,cpp,aleatoria,10,12,5,2,6,0.026541,1.341254469,185,0,0
e6_ablacion_podas,fb,cpp,aleatoria,10,12,5,2,7,0.028083,1.341254469,185,0,0
e6_ablacion_podas,fb,cpp,aleatoria,10,12,5,2,8,0.027875,1.341254469,185,0,0
e6_ablacion_podas,fb,cpp,aleatoria,10,12,5,2,9,0.027541,1.341254469,185,0,0
e6_ablacion_podas,fb,cpp,aleatoria,10,12,5,2,10,0.027708,1.341254469,185,0,0
e6_ablacion_podas,bt,cpp_ambas,aleatoria,12,12,6,0,1,0.018875,0.9178608337,115,15,15
e6_ablacion_podas,bt,cpp_ambas,aleatoria,12,12,6,0,2,0.018625,0.9178608337,115,15,15
e6_ablacion_podas,bt,cpp_ambas,aleatoria,12,12,6,0,3,0.02075,0.9178608337,115,15,15
e6_ablacion_podas,bt,cpp_ambas,aleatoria,12,12,6,0,4,0.018834,0.9178608337,115,15,15
e6_ablacion_podas,bt,cpp_ambas,aleatoria,12,12,6,0,5,0.020334,0.9178608337,115,15,15
e6_ablacion_podas,bt,cpp_ambas,aleatoria,12,12,6,0,6,0.019625,0.9178608337,115,15,15
e6_ablacion_podas,bt,cpp_ambas,aleatoria,12,12,6,0,7,0.019333,0.9178608337,115,15,15
e6_ablacion_podas,bt,cpp_ambas,aleatoria,12,12,6,0,8,0.017958,0.9178608337,115,15,15
e6_ablacion_podas,bt,cpp_ambas,aleatoria,12,12,6,0,9,0.017958,0.9178608337,115,15,15
e6_ablacion_podas,bt,cpp_ambas,aleatoria,12,12,6,0,10,0.017958,0.9178608337,115,15,15
e6_ablacion_podas,bt,cpp_ambas,aleatoria,12,12,6,1,1,0.008958,0.9831014648,57,4,18
e6_ablacion_podas,bt,cpp_ambas,aleatoria,12,12,6,1,2,0.008458,0.9831014648,57,4,18
e6_ablacion_podas,bt,cpp_ambas,aleatoria,12,12,6,1,3,0.008792,0.9831014648,57,4,18
e6_ablacion_podas,bt,cpp_ambas,aleatoria,12,12,6,1,4,0.00875,0.9831014648,57,4,18
e6_ablacion_podas,bt,cpp_ambas,aleatoria,12,12,6,1,5,0.009542,0.9831014648,57,4,18
e6_ablacion_podas,bt,cpp_ambas,aleatoria,12,12,6,1,6,0.009042,0.9831014648,57,4,18
e6_ablacion_podas,bt,cpp_ambas,aleatoria,12,12,6,1,7,0.00875,0.9831014648,57,4,18
e6_ablacion_podas,bt,cpp_ambas,aleatoria,12,12,6,1,8,0.00875,0.9831014648,57,4,18
e6_ablacion_podas,bt,cpp_ambas,aleatoria,12,12,6,1,9,0.008375,0.9831014648,57,4,18
e6_ablacion_podas,bt,cpp_ambas,aleatoria,12,12,6,1,10,0.008459,0.9831014648,57,4,18
e6_ablacion_podas,bt,cpp_ambas,aleatoria,12,12,6,2,1,0.012583,1.154818574,77,6,16
e6_ablacion_podas,bt,cpp_ambas,aleatoria,12,12,6,2,2,0.012375,1.154818574,77,6,16
e6_ablacion_podas,bt,cpp_ambas,aleatoria,12,12,6,2,3,0.012417,1.154818574,77,6,16
e6_ablacion_podas,bt,cpp_ambas,aleatoria,12,12,6,2,4,0.012791,1.154818574,77,6,16
e6_ablacion_podas,bt,cpp_ambas,aleatoria,12,12,6,2,5,0.012459,1.154818574,77,6,16
e6_ablacion_podas,bt,cpp_ambas,aleatoria,12,12,6,2,6,0.012541,1.154818574,77,6,16
e6_ablacion_podas,bt,cpp_ambas,aleatoria,12,12,6,2,7,0.012792,1.154818574,77,6,16
e6_ablacion_podas,bt,cpp_ambas,aleatoria,12,12,6,2,8,0.01275,1.154818574,77,6,16
e6_ablacion_podas,bt,cpp_ambas,aleatoria,12,12,6,2,9,0.016166,1.154818574,77,6,16
e6_ablacion_podas,bt,cpp_ambas,aleatoria,12,12,6,2,10,0.0145,1.154818574,77,6,16
e6_ablacion_podas,bt,cpp_sin_opt,aleatoria,12,12,6,0,1,0.084917,0.9178608337,659,120,0
e6_ablacion_podas,bt,cpp_sin_opt,aleatoria,12,12,6,0,2,0.088,0.9178608337,659,120,0
e6_ablacion_podas,bt,cpp_sin_opt,aleatoria,12,12,6,0,3,0.086792,0.9178608337,659,120,0
e6_ablacion_podas,bt,cpp_sin_opt,aleatoria,12,12,6,0,4,0.099,0.9178608337,659,120,0
e6_ablacion_podas,bt,cpp_sin_opt,aleatoria,12,12,6,0,5,0.092125,0.9178608337,659,120,0
e6_ablacion_podas,bt,cpp_sin_opt,aleatoria,12,12,6,0,6,0.082208,0.9178608337,659,120,0
e6_ablacion_podas,bt,cpp_sin_opt,aleatoria,12,12,6,0,7,0.083917,0.9178608337,659,120,0
e6_ablacion_podas,bt,cpp_sin_opt,aleatoria,12,12,6,0,8,0.089792,0.9178608337,659,120,0
e6_ablacion_podas,bt,cpp_sin_opt,aleatoria,12,12,6,0,9,0.086959,0.9178608337,659,120,0
e6_ablacion_podas,bt,cpp_sin_opt,aleatoria,12,12,6,0,10,0.090084,0.9178608337,659,120,0
e6_ablacion_podas,bt,cpp_sin_opt,aleatoria,12,12,6,1,1,0.083833,0.9831014648,659,120,0
e6_ablacion_podas,bt,cpp_sin_opt,aleatoria,12,12,6,1,2,0.105917,0.9831014648,659,120,0
e6_ablacion_podas,bt,cpp_sin_opt,aleatoria,12,12,6,1,3,0.090959,0.9831014648,659,120,0
e6_ablacion_podas,bt,cpp_sin_opt,aleatoria,12,12,6,1,4,0.083667,0.9831014648,659,120,0
e6_ablacion_podas,bt,cpp_sin_opt,aleatoria,12,12,6,1,5,0.082916,0.9831014648,659,120,0
e6_ablacion_podas,bt,cpp_sin_opt,aleatoria,12,12,6,1,6,0.08225,0.9831014648,659,120,0
e6_ablacion_podas,bt,cpp_sin_opt,aleatoria,12,12,6,1,7,0.104542,0.9831014648,659,120,0
e6_ablacion_podas,bt,cpp_sin_opt,aleatoria,12,12,6,1,8,0.0825,0.9831014648,659,120,0
e6_ablacion_podas,bt,cpp_sin_opt,aleatoria,12,12,6,1,9,0.083583,0.9831014648,659,120,0
e6_ablacion_podas,bt,cpp_sin_opt,aleatoria,12,12,6,1,10,0.087708,0.9831014648,659,120,0
e6_ablacion_podas,bt,cpp_sin_opt,aleatoria,12,12,6,2,1,0.08675,1.154818574,659,120,0
e6_ablacion_podas,bt,cpp_sin_opt,aleatoria,12,12,6,2,2,0.082417,1.154818574,659,120,0
e6_ablacion_podas,bt,cpp_sin_opt,aleatoria,12,12,6,2,3,0.093667,1.154818574,659,120,0
e6_ablacion_podas,bt,cpp_sin_opt,aleatoria,12,12,6,2,4,0.082792,1.154818574,659,120,0
e6_ablacion_podas,bt,cpp_sin_opt,aleatoria,12,12,6,2,5,0.096125,1.154818574,659,120,0
e6_ablacion_podas,bt,cpp_sin_opt,aleatoria,12,12,6,2,6,0.093917,1.154818574,659,120,0
e6_ablacion_podas,bt,cpp_sin_opt,aleatoria,12,12,6,2,7,0.090542,1.154818574,659,120,0
e6_ablacion_podas,bt,cpp_sin_opt,aleatoria,12,12,6,2,8,0.088,1.154818574,659,120,0
e6_ablacion_podas,bt,cpp_sin_opt,aleatoria,12,12,6,2,9,0.094209,1.154818574,659,120,0
e6_ablacion_podas,bt,cpp_sin_opt,aleatoria,12,12,6,2,10,0.082667,1.154818574,659,120,0
e6_ablacion_podas,bt,cpp_sin_fact,aleatoria,12,12,6,0,1,0.021,0.9178608337,135,0,27
e6_ablacion_podas,bt,cpp_sin_fact,aleatoria,12,12,6,0,2,0.021791,0.9178608337,135,0,27
e6_ablacion_podas,bt,cpp_sin_fact,aleatoria,12,12,6,0,3,0.020833,0.9178608337,135,0,27
e6_ablacion_podas,bt,cpp_sin_fact,aleatoria,12,12,6,0,4,0.021917,0.9178608337,135,0,27
e6_ablacion_podas,bt,cpp_sin_fact,aleatoria,12,12,6,0,5,0.020584,0.9178608337,135,0,27
e6_ablacion_podas,bt,cpp_sin_fact,aleatoria,12,12,6,0,6,0.021459,0.9178608337,135,0,27
e6_ablacion_podas,bt,cpp_sin_fact,aleatoria,12,12,6,0,7,0.02225,0.9178608337,135,0,27
e6_ablacion_podas,bt,cpp_sin_fact,aleatoria,12,12,6,0,8,0.020792,0.9178608337,135,0,27
e6_ablacion_podas,bt,cpp_sin_fact,aleatoria,12,12,6,0,9,0.02375,0.9178608337,135,0,27
e6_ablacion_podas,bt,cpp_sin_fact,aleatoria,12,12,6,0,10,0.021958,0.9178608337,135,0,27
e6_ablacion_podas,bt,cpp_sin_fact,aleatoria,12,12,6,1,1,0.012834,0.9831014648,69,0,24
e6_ablacion_podas,bt,cpp_sin_fact,aleatoria,12,12,6,1,2,0.010083,0.9831014648,69,0,24
e6_ablacion_podas,bt,cpp_sin_fact,aleatoria,12,12,6,1,3,0.01,0.9831014648,69,0,24
e6_ablacion_podas,bt,cpp_sin_fact,aleatoria,12,12,6,1,4,0.009625,0.9831014648,69,0,24
e6_ablacion_podas,bt,cpp_sin_fact,aleatoria,12,12,6,1,5,0.010458,0.9831014648,69,0,24
e6_ablacion_podas,bt,cpp_sin_fact,aleatoria,12,12,6,1,6,0.009625,0.9831014648,69,0,24
e6_ablacion_podas,bt,cpp_sin_fact,aleatoria,12,12,6,1,7,0.009583,0.9831014648,69,0,24
e6_ablacion_podas,bt,cpp_sin_fact,aleatoria,12,12,6,1,8,0.009875,0.9831014648,69,0,24
e6_ablacion_podas,bt,cpp_sin_fact,aleatoria,12,12,6,1,9,0.009791,0.9831014648,69,0,24
e6_ablacion_podas,bt,cpp_sin_fact,aleatoria,12,12,6,1,10,0.009583,0.9831014648,69,0,24
e6_ablacion_podas,bt,cpp_sin_fact,aleatoria,12,12,6,2,1,0.013292,1.154818574,89,0,22
e6_ablacion_podas,bt,cpp_sin_fact,aleatoria,12,12,6,2,2,0.016958,1.154818574,89,0,22
e6_ablacion_podas,bt,cpp_sin_fact,aleatoria,12,12,6,2,3,0.01375,1.154818574,89,0,22
e6_ablacion_podas,bt,cpp_sin_fact,aleatoria,12,12,6,2,4,0.013541,1.154818574,89,0,22
e6_ablacion_podas,bt,cpp_sin_fact,aleatoria,12,12,6,2,5,0.013333,1.154818574,89,0,22
e6_ablacion_podas,bt,cpp_sin_fact,aleatoria,12,12,6,2,6,0.013416,1.154818574,89,0,22
e6_ablacion_podas,bt,cpp_sin_fact,aleatoria,12,12,6,2,7,0.013541,1.154818574,89,0,22
e6_ablacion_podas,bt,cpp_sin_fact,aleatoria,12,12,6,2,8,0.014,1.154818574,89,0,22
e6_ablacion_podas,bt,cpp_sin_fact,aleatoria,12,12,6,2,9,0.015875,1.154818574,89,0,22
e6_ablacion_podas,bt,cpp_sin_fact,aleatoria,12,12,6,2,10,0.013625,1.154818574,89,0,22
e6_ablacion_podas,bt,cpp_sin_podas,aleatoria,12,12,6,0,1,0.111,0.9178608337,771,0,0
e6_ablacion_podas,bt,cpp_sin_podas,aleatoria,12,12,6,0,2,0.094292,0.9178608337,771,0,0
e6_ablacion_podas,bt,cpp_sin_podas,aleatoria,12,12,6,0,3,0.107125,0.9178608337,771,0,0
e6_ablacion_podas,bt,cpp_sin_podas,aleatoria,12,12,6,0,4,0.099917,0.9178608337,771,0,0
e6_ablacion_podas,bt,cpp_sin_podas,aleatoria,12,12,6,0,5,0.106167,0.9178608337,771,0,0
e6_ablacion_podas,bt,cpp_sin_podas,aleatoria,12,12,6,0,6,0.091666,0.9178608337,771,0,0
e6_ablacion_podas,bt,cpp_sin_podas,aleatoria,12,12,6,0,7,0.105625,0.9178608337,771,0,0
e6_ablacion_podas,bt,cpp_sin_podas,aleatoria,12,12,6,0,8,0.118375,0.9178608337,771,0,0
e6_ablacion_podas,bt,cpp_sin_podas,aleatoria,12,12,6,0,9,0.098208,0.9178608337,771,0,0
e6_ablacion_podas,bt,cpp_sin_podas,aleatoria,12,12,6,0,10,0.098209,0.9178608337,771,0,0
e6_ablacion_podas,bt,cpp_sin_podas,aleatoria,12,12,6,1,1,0.091541,0.9831014648,771,0,0
e6_ablacion_podas,bt,cpp_sin_podas,aleatoria,12,12,6,1,2,0.098041,0.9831014648,771,0,0
e6_ablacion_podas,bt,cpp_sin_podas,aleatoria,12,12,6,1,3,0.093042,0.9831014648,771,0,0
e6_ablacion_podas,bt,cpp_sin_podas,aleatoria,12,12,6,1,4,0.098209,0.9831014648,771,0,0
e6_ablacion_podas,bt,cpp_sin_podas,aleatoria,12,12,6,1,5,0.094542,0.9831014648,771,0,0
e6_ablacion_podas,bt,cpp_sin_podas,aleatoria,12,12,6,1,6,0.0975,0.9831014648,771,0,0
e6_ablacion_podas,bt,cpp_sin_podas,aleatoria,12,12,6,1,7,0.125583,0.9831014648,771,0,0
e6_ablacion_podas,bt,cpp_sin_podas,aleatoria,12,12,6,1,8,0.098458,0.9831014648,771,0,0
e6_ablacion_podas,bt,cpp_sin_podas,aleatoria,12,12,6,1,9,0.097291,0.9831014648,771,0,0
e6_ablacion_podas,bt,cpp_sin_podas,aleatoria,12,12,6,1,10,0.098334,0.9831014648,771,0,0
e6_ablacion_podas,bt,cpp_sin_podas,aleatoria,12,12,6,2,1,0.110667,1.154818574,771,0,0
e6_ablacion_podas,bt,cpp_sin_podas,aleatoria,12,12,6,2,2,0.090125,1.154818574,771,0,0
e6_ablacion_podas,bt,cpp_sin_podas,aleatoria,12,12,6,2,3,0.100875,1.154818574,771,0,0
e6_ablacion_podas,bt,cpp_sin_podas,aleatoria,12,12,6,2,4,0.097667,1.154818574,771,0,0
e6_ablacion_podas,bt,cpp_sin_podas,aleatoria,12,12,6,2,5,0.0915,1.154818574,771,0,0
e6_ablacion_podas,bt,cpp_sin_podas,aleatoria,12,12,6,2,6,0.105833,1.154818574,771,0,0
e6_ablacion_podas,bt,cpp_sin_podas,aleatoria,12,12,6,2,7,0.099167,1.154818574,771,0,0
e6_ablacion_podas,bt,cpp_sin_podas,aleatoria,12,12,6,2,8,0.097667,1.154818574,771,0,0
e6_ablacion_podas,bt,cpp_sin_podas,aleatoria,12,12,6,2,9,0.098625,1.154818574,771,0,0
e6_ablacion_podas,bt,cpp_sin_podas,aleatoria,12,12,6,2,10,0.091541,1.154818574,771,0,0
e6_ablacion_podas,fb,cpp,aleatoria,12,12,6,0,1,0.093625,0.9178608337,771,0,0
e6_ablacion_podas,fb,cpp,aleatoria,12,12,6,0,2,0.094334,0.9178608337,771,0,0
e6_ablacion_podas,fb,cpp,aleatoria,12,12,6,0,3,0.092542,0.9178608337,771,0,0
e6_ablacion_podas,fb,cpp,aleatoria,12,12,6,0,4,0.092791,0.9178608337,771,0,0
e6_ablacion_podas,fb,cpp,aleatoria,12,12,6,0,5,0.112708,0.9178608337,771,0,0
e6_ablacion_podas,fb,cpp,aleatoria,12,12,6,0,6,0.098125,0.9178608337,771,0,0
e6_ablacion_podas,fb,cpp,aleatoria,12,12,6,0,7,0.09225,0.9178608337,771,0,0
e6_ablacion_podas,fb,cpp,aleatoria,12,12,6,0,8,0.10175,0.9178608337,771,0,0
e6_ablacion_podas,fb,cpp,aleatoria,12,12,6,0,9,0.10275,0.9178608337,771,0,0
e6_ablacion_podas,fb,cpp,aleatoria,12,12,6,0,10,0.09875,0.9178608337,771,0,0
e6_ablacion_podas,fb,cpp,aleatoria,12,12,6,1,1,0.091584,0.9831014648,771,0,0
e6_ablacion_podas,fb,cpp,aleatoria,12,12,6,1,2,0.092208,0.9831014648,771,0,0
e6_ablacion_podas,fb,cpp,aleatoria,12,12,6,1,3,0.099083,0.9831014648,771,0,0
e6_ablacion_podas,fb,cpp,aleatoria,12,12,6,1,4,0.097667,0.9831014648,771,0,0
e6_ablacion_podas,fb,cpp,aleatoria,12,12,6,1,5,0.098042,0.9831014648,771,0,0
e6_ablacion_podas,fb,cpp,aleatoria,12,12,6,1,6,0.097125,0.9831014648,771,0,0
e6_ablacion_podas,fb,cpp,aleatoria,12,12,6,1,7,0.097,0.9831014648,771,0,0
e6_ablacion_podas,fb,cpp,aleatoria,12,12,6,1,8,0.091292,0.9831014648,771,0,0
e6_ablacion_podas,fb,cpp,aleatoria,12,12,6,1,9,0.096875,0.9831014648,771,0,0
e6_ablacion_podas,fb,cpp,aleatoria,12,12,6,1,10,0.09125,0.9831014648,771,0,0
e6_ablacion_podas,fb,cpp,aleatoria,12,12,6,2,1,0.091708,1.154818574,771,0,0
e6_ablacion_podas,fb,cpp,aleatoria,12,12,6,2,2,0.09125,1.154818574,771,0,0
e6_ablacion_podas,fb,cpp,aleatoria,12,12,6,2,3,0.097167,1.154818574,771,0,0
e6_ablacion_podas,fb,cpp,aleatoria,12,12,6,2,4,0.098875,1.154818574,771,0,0
e6_ablacion_podas,fb,cpp,aleatoria,12,12,6,2,5,0.097041,1.154818574,771,0,0
e6_ablacion_podas,fb,cpp,aleatoria,12,12,6,2,6,0.091625,1.154818574,771,0,0
e6_ablacion_podas,fb,cpp,aleatoria,12,12,6,2,7,0.096792,1.154818574,771,0,0
e6_ablacion_podas,fb,cpp,aleatoria,12,12,6,2,8,0.096875,1.154818574,771,0,0
e6_ablacion_podas,fb,cpp,aleatoria,12,12,6,2,9,0.098542,1.154818574,771,0,0
e6_ablacion_podas,fb,cpp,aleatoria,12,12,6,2,10,0.097084,1.154818574,771,0,0
e6_ablacion_podas,bt,cpp_ambas,aleatoria,14,12,7,0,1,0.034583,1.20518297,237,25,62
e6_ablacion_podas,bt,cpp_ambas,aleatoria,14,12,7,0,2,0.034791,1.20518297,237,25,62
e6_ablacion_podas,bt,cpp_ambas,aleatoria,14,12,7,0,3,0.0325,1.20518297,237,25,62
e6_ablacion_podas,bt,cpp_ambas,aleatoria,14,12,7,0,4,0.034334,1.20518297,237,25,62
e6_ablacion_podas,bt,cpp_ambas,aleatoria,14,12,7,0,5,0.03175,1.20518297,237,25,62
e6_ablacion_podas,bt,cpp_ambas,aleatoria,14,12,7,0,6,0.033833,1.20518297,237,25,62
e6_ablacion_podas,bt,cpp_ambas,aleatoria,14,12,7,0,7,0.031416,1.20518297,237,25,62
e6_ablacion_podas,bt,cpp_ambas,aleatoria,14,12,7,0,8,0.040209,1.20518297,237,25,62
e6_ablacion_podas,bt,cpp_ambas,aleatoria,14,12,7,0,9,0.032583,1.20518297,237,25,62
e6_ablacion_podas,bt,cpp_ambas,aleatoria,14,12,7,0,10,0.03675,1.20518297,237,25,62
e6_ablacion_podas,bt,cpp_ambas,aleatoria,14,12,7,1,1,0.015208,1.015055516,105,8,25
e6_ablacion_podas,bt,cpp_ambas,aleatoria,14,12,7,1,2,0.016,1.015055516,105,8,25
e6_ablacion_podas,bt,cpp_ambas,aleatoria,14,12,7,1,3,0.014667,1.015055516,105,8,25
e6_ablacion_podas,bt,cpp_ambas,aleatoria,14,12,7,1,4,0.015,1.015055516,105,8,25
e6_ablacion_podas,bt,cpp_ambas,aleatoria,14,12,7,1,5,0.014834,1.015055516,105,8,25
e6_ablacion_podas,bt,cpp_ambas,aleatoria,14,12,7,1,6,0.015333,1.015055516,105,8,25
e6_ablacion_podas,bt,cpp_ambas,aleatoria,14,12,7,1,7,0.014666,1.015055516,105,8,25
e6_ablacion_podas,bt,cpp_ambas,aleatoria,14,12,7,1,8,0.014875,1.015055516,105,8,25
e6_ablacion_podas,bt,cpp_ambas,aleatoria,14,12,7,1,9,0.01575,1.015055516,105,8,25
e6_ablacion_podas,bt,cpp_ambas,aleatoria,14,12,7,1,10,0.014667,1.015055516,105,8,25
e6_ablacion_podas,bt,cpp_ambas,aleatoria,14,12,7,2,1,0.025791,1.211750288,157,14,35
e6_ablacion_podas,bt,cpp_ambas,aleatoria,14,12,7,2,2,0.023084,1.211750288,157,14,35
e6_ablacion_podas,bt,cpp_ambas,aleatoria,14,12,7,2,3,0.025375,1.211750288,157,14,35
e6_ablacion_podas,bt,cpp_ambas,aleatoria,14,12,7,2,4,0.022542,1.211750288,157,14,35
e6_ablacion_podas,bt,cpp_ambas,aleatoria,14,12,7,2,5,0.022875,1.211750288,157,14,35
e6_ablacion_podas,bt,cpp_ambas,aleatoria,14,12,7,2,6,0.022167,1.211750288,157,14,35
e6_ablacion_podas,bt,cpp_ambas,aleatoria,14,12,7,2,7,0.024167,1.211750288,157,14,35
e6_ablacion_podas,bt,cpp_ambas,aleatoria,14,12,7,2,8,0.023834,1.211750288,157,14,35
e6_ablacion_podas,bt,cpp_ambas,aleatoria,14,12,7,2,9,0.02375,1.211750288,157,14,35
e6_ablacion_podas,bt,cpp_ambas,aleatoria,14,12,7,2,10,0.029292,1.211750288,157,14,35
e6_ablacion_podas,bt,cpp_sin_opt,aleatoria,14,12,7,0,1,0.30375,1.20518297,2573,495,0
e6_ablacion_podas,bt,cpp_sin_opt,aleatoria,14,12,7,0,2,0.302291,1.20518297,2573,495,0
e6_ablacion_podas,bt,cpp_sin_opt,aleatoria,14,12,7,0,3,0.29975,1.20518297,2573,495,0
e6_ablacion_podas,bt,cpp_sin_opt,aleatoria,14,12,7,0,4,0.304084,1.20518297,2573,495,0
e6_ablacion_podas,bt,cpp_sin_opt,aleatoria,14,12,7,0,5,0.301625,1.20518297,2573,495,0
e6_ablacion_podas,bt,cpp_sin_opt,aleatoria,14,12,7,0,6,0.299583,1.20518297,2573,495,0
e6_ablacion_podas,bt,cpp_sin_opt,aleatoria,14,12,7,0,7,0.321083,1.20518297,2573,495,0
e6_ablacion_podas,bt,cpp_sin_opt,aleatoria,14,12,7,0,8,0.298708,1.20518297,2573,495,0
e6_ablacion_podas,bt,cpp_sin_opt,aleatoria,14,12,7,0,9,0.302209,1.20518297,2573,495,0
e6_ablacion_podas,bt,cpp_sin_opt,aleatoria,14,12,7,0,10,0.320041,1.20518297,2573,495,0
e6_ablacion_podas,bt,cpp_sin_opt,aleatoria,14,12,7,1,1,0.321833,1.015055516,2573,495,0
e6_ablacion_podas,bt,cpp_sin_opt,aleatoria,14,12,7,1,2,0.338042,1.015055516,2573,495,0
e6_ablacion_podas,bt,cpp_sin_opt,aleatoria,14,12,7,1,3,0.334708,1.015055516,2573,495,0
e6_ablacion_podas,bt,cpp_sin_opt,aleatoria,14,12,7,1,4,0.320292,1.015055516,2573,495,0
e6_ablacion_podas,bt,cpp_sin_opt,aleatoria,14,12,7,1,5,0.336417,1.015055516,2573,495,0
e6_ablacion_podas,bt,cpp_sin_opt,aleatoria,14,12,7,1,6,0.321084,1.015055516,2573,495,0
e6_ablacion_podas,bt,cpp_sin_opt,aleatoria,14,12,7,1,7,0.311583,1.015055516,2573,495,0
e6_ablacion_podas,bt,cpp_sin_opt,aleatoria,14,12,7,1,8,0.325125,1.015055516,2573,495,0
e6_ablacion_podas,bt,cpp_sin_opt,aleatoria,14,12,7,1,9,0.301083,1.015055516,2573,495,0
e6_ablacion_podas,bt,cpp_sin_opt,aleatoria,14,12,7,1,10,0.320792,1.015055516,2573,495,0
e6_ablacion_podas,bt,cpp_sin_opt,aleatoria,14,12,7,2,1,0.320209,1.211750288,2573,495,0
e6_ablacion_podas,bt,cpp_sin_opt,aleatoria,14,12,7,2,2,0.3255,1.211750288,2573,495,0
e6_ablacion_podas,bt,cpp_sin_opt,aleatoria,14,12,7,2,3,0.321917,1.211750288,2573,495,0
e6_ablacion_podas,bt,cpp_sin_opt,aleatoria,14,12,7,2,4,0.300041,1.211750288,2573,495,0
e6_ablacion_podas,bt,cpp_sin_opt,aleatoria,14,12,7,2,5,0.379583,1.211750288,2573,495,0
e6_ablacion_podas,bt,cpp_sin_opt,aleatoria,14,12,7,2,6,0.349958,1.211750288,2573,495,0
e6_ablacion_podas,bt,cpp_sin_opt,aleatoria,14,12,7,2,7,0.318167,1.211750288,2573,495,0
e6_ablacion_podas,bt,cpp_sin_opt,aleatoria,14,12,7,2,8,0.303416,1.211750288,2573,495,0
e6_ablacion_podas,bt,cpp_sin_opt,aleatoria,14,12,7,2,9,0.299667,1.211750288,2573,495,0
e6_ablacion_podas,bt,cpp_sin_opt,aleatoria,14,12,7,2,10,0.320166,1.211750288,2573,495,0
e6_ablacion_podas,bt,cpp_sin_fact,aleatoria,14,12,7,0,1,0.042292,1.20518297,307,0,94
e6_ablacion_podas,bt,cpp_sin_fact,aleatoria,14,12,7,0,2,0.043834,1.20518297,307,0,94
e6_ablacion_podas,bt,cpp_sin_fact,aleatoria,14,12,7,0,3,0.048833,1.20518297,307,0,94
e6_ablacion_podas,bt,cpp_sin_fact,aleatoria,14,12,7,0,4,0.043583,1.20518297,307,0,94
e6_ablacion_podas,bt,cpp_sin_fact,aleatoria,14,12,7,0,5,0.043459,1.20518297,307,0,94
e6_ablacion_podas,bt,cpp_sin_fact,aleatoria,14,12,7,0,6,0.045542,1.20518297,307,0,94
e6_ablacion_podas,bt,cpp_sin_fact,aleatoria,14,12,7,0,7,0.043875,1.20518297,307,0,94
e6_ablacion_podas,bt,cpp_sin_fact,aleatoria,14,12,7,0,8,0.045542,1.20518297,307,0,94
e6_ablacion_podas,bt,cpp_sin_fact,aleatoria,14,12,7,0,9,0.04075,1.20518297,307,0,94
e6_ablacion_podas,bt,cpp_sin_fact,aleatoria,14,12,7,0,10,0.041167,1.20518297,307,0,94
e6_ablacion_podas,bt,cpp_sin_fact,aleatoria,14,12,7,1,1,0.017667,1.015055516,127,0,35
e6_ablacion_podas,bt,cpp_sin_fact,aleatoria,14,12,7,1,2,0.017792,1.015055516,127,0,35
e6_ablacion_podas,bt,cpp_sin_fact,aleatoria,14,12,7,1,3,0.017417,1.015055516,127,0,35
e6_ablacion_podas,bt,cpp_sin_fact,aleatoria,14,12,7,1,4,0.020583,1.015055516,127,0,35
e6_ablacion_podas,bt,cpp_sin_fact,aleatoria,14,12,7,1,5,0.017708,1.015055516,127,0,35
e6_ablacion_podas,bt,cpp_sin_fact,aleatoria,14,12,7,1,6,0.020083,1.015055516,127,0,35
e6_ablacion_podas,bt,cpp_sin_fact,aleatoria,14,12,7,1,7,0.017208,1.015055516,127,0,35
e6_ablacion_podas,bt,cpp_sin_fact,aleatoria,14,12,7,1,8,0.017667,1.015055516,127,0,35
e6_ablacion_podas,bt,cpp_sin_fact,aleatoria,14,12,7,1,9,0.020333,1.015055516,127,0,35
e6_ablacion_podas,bt,cpp_sin_fact,aleatoria,14,12,7,1,10,0.019334,1.015055516,127,0,35
e6_ablacion_podas,bt,cpp_sin_fact,aleatoria,14,12,7,2,1,0.028667,1.211750288,189,0,49
e6_ablacion_podas,bt,cpp_sin_fact,aleatoria,14,12,7,2,2,0.028083,1.211750288,189,0,49
e6_ablacion_podas,bt,cpp_sin_fact,aleatoria,14,12,7,2,3,0.026666,1.211750288,189,0,49
e6_ablacion_podas,bt,cpp_sin_fact,aleatoria,14,12,7,2,4,0.026667,1.211750288,189,0,49
e6_ablacion_podas,bt,cpp_sin_fact,aleatoria,14,12,7,2,5,0.03025,1.211750288,189,0,49
e6_ablacion_podas,bt,cpp_sin_fact,aleatoria,14,12,7,2,6,0.026917,1.211750288,189,0,49
e6_ablacion_podas,bt,cpp_sin_fact,aleatoria,14,12,7,2,7,0.029875,1.211750288,189,0,49
e6_ablacion_podas,bt,cpp_sin_fact,aleatoria,14,12,7,2,8,0.029167,1.211750288,189,0,49
e6_ablacion_podas,bt,cpp_sin_fact,aleatoria,14,12,7,2,9,0.02675,1.211750288,189,0,49
e6_ablacion_podas,bt,cpp_sin_fact,aleatoria,14,12,7,2,10,0.026791,1.211750288,189,0,49
e6_ablacion_podas,bt,cpp_sin_podas,aleatoria,14,12,7,0,1,0.353959,1.20518297,3171,0,0
e6_ablacion_podas,bt,cpp_sin_podas,aleatoria,14,12,7,0,2,0.354208,1.20518297,3171,0,0
e6_ablacion_podas,bt,cpp_sin_podas,aleatoria,14,12,7,0,3,0.353375,1.20518297,3171,0,0
e6_ablacion_podas,bt,cpp_sin_podas,aleatoria,14,12,7,0,4,0.376916,1.20518297,3171,0,0
e6_ablacion_podas,bt,cpp_sin_podas,aleatoria,14,12,7,0,5,0.442917,1.20518297,3171,0,0
e6_ablacion_podas,bt,cpp_sin_podas,aleatoria,14,12,7,0,6,0.351542,1.20518297,3171,0,0
e6_ablacion_podas,bt,cpp_sin_podas,aleatoria,14,12,7,0,7,0.37875,1.20518297,3171,0,0
e6_ablacion_podas,bt,cpp_sin_podas,aleatoria,14,12,7,0,8,0.378708,1.20518297,3171,0,0
e6_ablacion_podas,bt,cpp_sin_podas,aleatoria,14,12,7,0,9,0.387875,1.20518297,3171,0,0
e6_ablacion_podas,bt,cpp_sin_podas,aleatoria,14,12,7,0,10,0.376417,1.20518297,3171,0,0
e6_ablacion_podas,bt,cpp_sin_podas,aleatoria,14,12,7,1,1,0.35825,1.015055516,3171,0,0
e6_ablacion_podas,bt,cpp_sin_podas,aleatoria,14,12,7,1,2,0.383958,1.015055516,3171,0,0
e6_ablacion_podas,bt,cpp_sin_podas,aleatoria,14,12,7,1,3,0.352958,1.015055516,3171,0,0
e6_ablacion_podas,bt,cpp_sin_podas,aleatoria,14,12,7,1,4,0.355958,1.015055516,3171,0,0
e6_ablacion_podas,bt,cpp_sin_podas,aleatoria,14,12,7,1,5,0.3755,1.015055516,3171,0,0
e6_ablacion_podas,bt,cpp_sin_podas,aleatoria,14,12,7,1,6,0.350417,1.015055516,3171,0,0
e6_ablacion_podas,bt,cpp_sin_podas,aleatoria,14,12,7,1,7,0.4165,1.015055516,3171,0,0
e6_ablacion_podas,bt,cpp_sin_podas,aleatoria,14,12,7,1,8,0.376708,1.015055516,3171,0,0
e6_ablacion_podas,bt,cpp_sin_podas,aleatoria,14,12,7,1,9,0.352125,1.015055516,3171,0,0
e6_ablacion_podas,bt,cpp_sin_podas,aleatoria,14,12,7,1,10,0.377291,1.015055516,3171,0,0
e6_ablacion_podas,bt,cpp_sin_podas,aleatoria,14,12,7,2,1,0.372833,1.211750288,3171,0,0
e6_ablacion_podas,bt,cpp_sin_podas,aleatoria,14,12,7,2,2,0.353958,1.211750288,3171,0,0
e6_ablacion_podas,bt,cpp_sin_podas,aleatoria,14,12,7,2,3,0.382375,1.211750288,3171,0,0
e6_ablacion_podas,bt,cpp_sin_podas,aleatoria,14,12,7,2,4,0.355584,1.211750288,3171,0,0
e6_ablacion_podas,bt,cpp_sin_podas,aleatoria,14,12,7,2,5,0.3785,1.211750288,3171,0,0
e6_ablacion_podas,bt,cpp_sin_podas,aleatoria,14,12,7,2,6,0.376458,1.211750288,3171,0,0
e6_ablacion_podas,bt,cpp_sin_podas,aleatoria,14,12,7,2,7,0.349084,1.211750288,3171,0,0
e6_ablacion_podas,bt,cpp_sin_podas,aleatoria,14,12,7,2,8,0.352125,1.211750288,3171,0,0
e6_ablacion_podas,bt,cpp_sin_podas,aleatoria,14,12,7,2,9,0.374542,1.211750288,3171,0,0
e6_ablacion_podas,bt,cpp_sin_podas,aleatoria,14,12,7,2,10,0.373417,1.211750288,3171,0,0
e6_ablacion_podas,fb,cpp,aleatoria,14,12,7,0,1,0.386708,1.20518297,3171,0,0
e6_ablacion_podas,fb,cpp,aleatoria,14,12,7,0,2,0.354166,1.20518297,3171,0,0
e6_ablacion_podas,fb,cpp,aleatoria,14,12,7,0,3,0.379167,1.20518297,3171,0,0
e6_ablacion_podas,fb,cpp,aleatoria,14,12,7,0,4,0.374666,1.20518297,3171,0,0
e6_ablacion_podas,fb,cpp,aleatoria,14,12,7,0,5,0.3515,1.20518297,3171,0,0
e6_ablacion_podas,fb,cpp,aleatoria,14,12,7,0,6,0.377291,1.20518297,3171,0,0
e6_ablacion_podas,fb,cpp,aleatoria,14,12,7,0,7,0.354,1.20518297,3171,0,0
e6_ablacion_podas,fb,cpp,aleatoria,14,12,7,0,8,0.373542,1.20518297,3171,0,0
e6_ablacion_podas,fb,cpp,aleatoria,14,12,7,0,9,0.353125,1.20518297,3171,0,0
e6_ablacion_podas,fb,cpp,aleatoria,14,12,7,0,10,0.374875,1.20518297,3171,0,0
e6_ablacion_podas,fb,cpp,aleatoria,14,12,7,1,1,0.426041,1.015055516,3171,0,0
e6_ablacion_podas,fb,cpp,aleatoria,14,12,7,1,2,0.376667,1.015055516,3171,0,0
e6_ablacion_podas,fb,cpp,aleatoria,14,12,7,1,3,0.37975,1.015055516,3171,0,0
e6_ablacion_podas,fb,cpp,aleatoria,14,12,7,1,4,0.382666,1.015055516,3171,0,0
e6_ablacion_podas,fb,cpp,aleatoria,14,12,7,1,5,0.376708,1.015055516,3171,0,0
e6_ablacion_podas,fb,cpp,aleatoria,14,12,7,1,6,0.376458,1.015055516,3171,0,0
e6_ablacion_podas,fb,cpp,aleatoria,14,12,7,1,7,0.3525,1.015055516,3171,0,0
e6_ablacion_podas,fb,cpp,aleatoria,14,12,7,1,8,0.375959,1.015055516,3171,0,0
e6_ablacion_podas,fb,cpp,aleatoria,14,12,7,1,9,0.35225,1.015055516,3171,0,0
e6_ablacion_podas,fb,cpp,aleatoria,14,12,7,1,10,0.377792,1.015055516,3171,0,0
e6_ablacion_podas,fb,cpp,aleatoria,14,12,7,2,1,0.406792,1.211750288,3171,0,0
e6_ablacion_podas,fb,cpp,aleatoria,14,12,7,2,2,0.355208,1.211750288,3171,0,0
e6_ablacion_podas,fb,cpp,aleatoria,14,12,7,2,3,0.376,1.211750288,3171,0,0
e6_ablacion_podas,fb,cpp,aleatoria,14,12,7,2,4,0.375833,1.211750288,3171,0,0
e6_ablacion_podas,fb,cpp,aleatoria,14,12,7,2,5,0.378792,1.211750288,3171,0,0
e6_ablacion_podas,fb,cpp,aleatoria,14,12,7,2,6,0.351583,1.211750288,3171,0,0
e6_ablacion_podas,fb,cpp,aleatoria,14,12,7,2,7,0.419334,1.211750288,3171,0,0
e6_ablacion_podas,fb,cpp,aleatoria,14,12,7,2,8,0.389333,1.211750288,3171,0,0
e6_ablacion_podas,fb,cpp,aleatoria,14,12,7,2,9,0.375917,1.211750288,3171,0,0
e6_ablacion_podas,fb,cpp,aleatoria,14,12,7,2,10,0.358708,1.211750288,3171,0,0
e6_ablacion_podas,bt,cpp_ambas,aleatoria,16,12,8,0,1,0.044417,1.142814801,303,29,68
e6_ablacion_podas,bt,cpp_ambas,aleatoria,16,12,8,0,2,0.043958,1.142814801,303,29,68
e6_ablacion_podas,bt,cpp_ambas,aleatoria,16,12,8,0,3,0.043875,1.142814801,303,29,68
e6_ablacion_podas,bt,cpp_ambas,aleatoria,16,12,8,0,4,0.043375,1.142814801,303,29,68
e6_ablacion_podas,bt,cpp_ambas,aleatoria,16,12,8,0,5,0.049208,1.142814801,303,29,68
e6_ablacion_podas,bt,cpp_ambas,aleatoria,16,12,8,0,6,0.043875,1.142814801,303,29,68
e6_ablacion_podas,bt,cpp_ambas,aleatoria,16,12,8,0,7,0.043292,1.142814801,303,29,68
e6_ablacion_podas,bt,cpp_ambas,aleatoria,16,12,8,0,8,0.043083,1.142814801,303,29,68
e6_ablacion_podas,bt,cpp_ambas,aleatoria,16,12,8,0,9,0.04325,1.142814801,303,29,68
e6_ablacion_podas,bt,cpp_ambas,aleatoria,16,12,8,0,10,0.042791,1.142814801,303,29,68
e6_ablacion_podas,bt,cpp_ambas,aleatoria,16,12,8,1,1,0.029833,1.095167211,207,19,55
e6_ablacion_podas,bt,cpp_ambas,aleatoria,16,12,8,1,2,0.031875,1.095167211,207,19,55
e6_ablacion_podas,bt,cpp_ambas,aleatoria,16,12,8,1,3,0.030667,1.095167211,207,19,55
e6_ablacion_podas,bt,cpp_ambas,aleatoria,16,12,8,1,4,0.029625,1.095167211,207,19,55
e6_ablacion_podas,bt,cpp_ambas,aleatoria,16,12,8,1,5,0.030958,1.095167211,207,19,55
e6_ablacion_podas,bt,cpp_ambas,aleatoria,16,12,8,1,6,0.030625,1.095167211,207,19,55
e6_ablacion_podas,bt,cpp_ambas,aleatoria,16,12,8,1,7,0.044958,1.095167211,207,19,55
e6_ablacion_podas,bt,cpp_ambas,aleatoria,16,12,8,1,8,0.03025,1.095167211,207,19,55
e6_ablacion_podas,bt,cpp_ambas,aleatoria,16,12,8,1,9,0.03,1.095167211,207,19,55
e6_ablacion_podas,bt,cpp_ambas,aleatoria,16,12,8,1,10,0.029958,1.095167211,207,19,55
e6_ablacion_podas,bt,cpp_ambas,aleatoria,16,12,8,2,1,0.066709,1.265130345,489,45,115
e6_ablacion_podas,bt,cpp_ambas,aleatoria,16,12,8,2,2,0.074791,1.265130345,489,45,115
e6_ablacion_podas,bt,cpp_ambas,aleatoria,16,12,8,2,3,0.066541,1.265130345,489,45,115
e6_ablacion_podas,bt,cpp_ambas,aleatoria,16,12,8,2,4,0.075292,1.265130345,489,45,115
e6_ablacion_podas,bt,cpp_ambas,aleatoria,16,12,8,2,5,0.070292,1.265130345,489,45,115
e6_ablacion_podas,bt,cpp_ambas,aleatoria,16,12,8,2,6,0.077208,1.265130345,489,45,115
e6_ablacion_podas,bt,cpp_ambas,aleatoria,16,12,8,2,7,0.072583,1.265130345,489,45,115
e6_ablacion_podas,bt,cpp_ambas,aleatoria,16,12,8,2,8,0.070417,1.265130345,489,45,115
e6_ablacion_podas,bt,cpp_ambas,aleatoria,16,12,8,2,9,0.078541,1.265130345,489,45,115
e6_ablacion_podas,bt,cpp_ambas,aleatoria,16,12,8,2,10,0.070083,1.265130345,489,45,115
e6_ablacion_podas,bt,cpp_sin_opt,aleatoria,16,12,8,0,1,1.125042,1.142814801,10009,2002,0
e6_ablacion_podas,bt,cpp_sin_opt,aleatoria,16,12,8,0,2,1.234875,1.142814801,10009,2002,0
e6_ablacion_podas,bt,cpp_sin_opt,aleatoria,16,12,8,0,3,1.372542,1.142814801,10009,2002,0
e6_ablacion_podas,bt,cpp_sin_opt,aleatoria,16,12,8,0,4,1.285667,1.142814801,10009,2002,0
e6_ablacion_podas,bt,cpp_sin_opt,aleatoria,16,12,8,0,5,1.247458,1.142814801,10009,2002,0
e6_ablacion_podas,bt,cpp_sin_opt,aleatoria,16,12,8,0,6,1.121541,1.142814801,10009,2002,0
e6_ablacion_podas,bt,cpp_sin_opt,aleatoria,16,12,8,0,7,1.232417,1.142814801,10009,2002,0
e6_ablacion_podas,bt,cpp_sin_opt,aleatoria,16,12,8,0,8,1.217791,1.142814801,10009,2002,0
e6_ablacion_podas,bt,cpp_sin_opt,aleatoria,16,12,8,0,9,1.367125,1.142814801,10009,2002,0
e6_ablacion_podas,bt,cpp_sin_opt,aleatoria,16,12,8,0,10,1.149209,1.142814801,10009,2002,0
e6_ablacion_podas,bt,cpp_sin_opt,aleatoria,16,12,8,1,1,1.217791,1.095167211,10009,2002,0
e6_ablacion_podas,bt,cpp_sin_opt,aleatoria,16,12,8,1,2,1.26025,1.095167211,10009,2002,0
e6_ablacion_podas,bt,cpp_sin_opt,aleatoria,16,12,8,1,3,1.133125,1.095167211,10009,2002,0
e6_ablacion_podas,bt,cpp_sin_opt,aleatoria,16,12,8,1,4,1.217209,1.095167211,10009,2002,0
e6_ablacion_podas,bt,cpp_sin_opt,aleatoria,16,12,8,1,5,1.160416,1.095167211,10009,2002,0
e6_ablacion_podas,bt,cpp_sin_opt,aleatoria,16,12,8,1,6,1.134042,1.095167211,10009,2002,0
e6_ablacion_podas,bt,cpp_sin_opt,aleatoria,16,12,8,1,7,1.215542,1.095167211,10009,2002,0
e6_ablacion_podas,bt,cpp_sin_opt,aleatoria,16,12,8,1,8,1.261041,1.095167211,10009,2002,0
e6_ablacion_podas,bt,cpp_sin_opt,aleatoria,16,12,8,1,9,1.139,1.095167211,10009,2002,0
e6_ablacion_podas,bt,cpp_sin_opt,aleatoria,16,12,8,1,10,1.223,1.095167211,10009,2002,0
e6_ablacion_podas,bt,cpp_sin_opt,aleatoria,16,12,8,2,1,1.419333,1.265130345,10009,2002,0
e6_ablacion_podas,bt,cpp_sin_opt,aleatoria,16,12,8,2,2,1.136167,1.265130345,10009,2002,0
e6_ablacion_podas,bt,cpp_sin_opt,aleatoria,16,12,8,2,3,1.183208,1.265130345,10009,2002,0
e6_ablacion_podas,bt,cpp_sin_opt,aleatoria,16,12,8,2,4,1.200458,1.265130345,10009,2002,0
e6_ablacion_podas,bt,cpp_sin_opt,aleatoria,16,12,8,2,5,1.132209,1.265130345,10009,2002,0
e6_ablacion_podas,bt,cpp_sin_opt,aleatoria,16,12,8,2,6,1.136333,1.265130345,10009,2002,0
e6_ablacion_podas,bt,cpp_sin_opt,aleatoria,16,12,8,2,7,1.162667,1.265130345,10009,2002,0
e6_ablacion_podas,bt,cpp_sin_opt,aleatoria,16,12,8,2,8,1.28975,1.265130345,10009,2002,0
e6_ablacion_podas,bt,cpp_sin_opt,aleatoria,16,12,8,2,9,1.138959,1.265130345,10009,2002,0
e6_ablacion_podas,bt,cpp_sin_opt,aleatoria,16,12,8,2,10,1.33025,1.265130345,10009,2002,0
e6_ablacion_podas,bt,cpp_sin_fact,aleatoria,16,12,8,0,1,0.055833,1.142814801,401,0,111
e6_ablacion_podas,bt,cpp_sin_fact,aleatoria,16,12,8,0,2,0.062625,1.142814801,401,0,111
e6_ablacion_podas,bt,cpp_sin_fact,aleatoria,16,12,8,0,3,0.062792,1.142814801,401,0,111
e6_ablacion_podas,bt,cpp_sin_fact,aleatoria,16,12,8,0,4,0.058291,1.142814801,401,0,111
e6_ablacion_podas,bt,cpp_sin_fact,aleatoria,16,12,8,0,5,0.058458,1.142814801,401,0,111
e6_ablacion_podas,bt,cpp_sin_fact,aleatoria,16,12,8,0,6,0.070375,1.142814801,401,0,111
e6_ablacion_podas,bt,cpp_sin_fact,aleatoria,16,12,8,0,7,0.055208,1.142814801,401,0,111
e6_ablacion_podas,bt,cpp_sin_fact,aleatoria,16,12,8,0,8,0.062042,1.142814801,401,0,111
e6_ablacion_podas,bt,cpp_sin_fact,aleatoria,16,12,8,0,9,0.058125,1.142814801,401,0,111
e6_ablacion_podas,bt,cpp_sin_fact,aleatoria,16,12,8,0,10,0.066459,1.142814801,401,0,111
e6_ablacion_podas,bt,cpp_sin_fact,aleatoria,16,12,8,1,1,0.043875,1.095167211,285,0,87
e6_ablacion_podas,bt,cpp_sin_fact,aleatoria,16,12,8,1,2,0.042167,1.095167211,285,0,87
e6_ablacion_podas,bt,cpp_sin_fact,aleatoria,16,12,8,1,3,0.041833,1.095167211,285,0,87
e6_ablacion_podas,bt,cpp_sin_fact,aleatoria,16,12,8,1,4,0.039417,1.095167211,285,0,87
e6_ablacion_podas,bt,cpp_sin_fact,aleatoria,16,12,8,1,5,0.039,1.095167211,285,0,87
e6_ablacion_podas,bt,cpp_sin_fact,aleatoria,16,12,8,1,6,0.047208,1.095167211,285,0,87
e6_ablacion_podas,bt,cpp_sin_fact,aleatoria,16,12,8,1,7,0.039292,1.095167211,285,0,87
e6_ablacion_podas,bt,cpp_sin_fact,aleatoria,16,12,8,1,8,0.041708,1.095167211,285,0,87
e6_ablacion_podas,bt,cpp_sin_fact,aleatoria,16,12,8,1,9,0.041125,1.095167211,285,0,87
e6_ablacion_podas,bt,cpp_sin_fact,aleatoria,16,12,8,1,10,0.04825,1.095167211,285,0,87
e6_ablacion_podas,bt,cpp_sin_fact,aleatoria,16,12,8,2,1,0.086209,1.265130345,605,0,166
e6_ablacion_podas,bt,cpp_sin_fact,aleatoria,16,12,8,2,2,0.102041,1.265130345,605,0,166
e6_ablacion_podas,bt,cpp_sin_fact,aleatoria,16,12,8,2,3,0.100083,1.265130345,605,0,166
e6_ablacion_podas,bt,cpp_sin_fact,aleatoria,16,12,8,2,4,0.085959,1.265130345,605,0,166
e6_ablacion_podas,bt,cpp_sin_fact,aleatoria,16,12,8,2,5,0.087042,1.265130345,605,0,166
e6_ablacion_podas,bt,cpp_sin_fact,aleatoria,16,12,8,2,6,0.089458,1.265130345,605,0,166
e6_ablacion_podas,bt,cpp_sin_fact,aleatoria,16,12,8,2,7,0.086166,1.265130345,605,0,166
e6_ablacion_podas,bt,cpp_sin_fact,aleatoria,16,12,8,2,8,0.091875,1.265130345,605,0,166
e6_ablacion_podas,bt,cpp_sin_fact,aleatoria,16,12,8,2,9,0.085792,1.265130345,605,0,166
e6_ablacion_podas,bt,cpp_sin_fact,aleatoria,16,12,8,2,10,0.085417,1.265130345,605,0,166
e6_ablacion_podas,bt,cpp_sin_podas,aleatoria,16,12,8,0,1,1.514583,1.142814801,12951,0,0
e6_ablacion_podas,bt,cpp_sin_podas,aleatoria,16,12,8,0,2,1.494541,1.142814801,12951,0,0
e6_ablacion_podas,bt,cpp_sin_podas,aleatoria,16,12,8,0,3,1.372792,1.142814801,12951,0,0
e6_ablacion_podas,bt,cpp_sin_podas,aleatoria,16,12,8,0,4,1.621083,1.142814801,12951,0,0
e6_ablacion_podas,bt,cpp_sin_podas,aleatoria,16,12,8,0,5,1.5935,1.142814801,12951,0,0
e6_ablacion_podas,bt,cpp_sin_podas,aleatoria,16,12,8,0,6,1.480417,1.142814801,12951,0,0
e6_ablacion_podas,bt,cpp_sin_podas,aleatoria,16,12,8,0,7,1.508792,1.142814801,12951,0,0
e6_ablacion_podas,bt,cpp_sin_podas,aleatoria,16,12,8,0,8,1.495541,1.142814801,12951,0,0
e6_ablacion_podas,bt,cpp_sin_podas,aleatoria,16,12,8,0,9,1.379458,1.142814801,12951,0,0
e6_ablacion_podas,bt,cpp_sin_podas,aleatoria,16,12,8,0,10,1.498584,1.142814801,12951,0,0
e6_ablacion_podas,bt,cpp_sin_podas,aleatoria,16,12,8,1,1,1.470209,1.095167211,12951,0,0
e6_ablacion_podas,bt,cpp_sin_podas,aleatoria,16,12,8,1,2,1.368625,1.095167211,12951,0,0
e6_ablacion_podas,bt,cpp_sin_podas,aleatoria,16,12,8,1,3,1.493208,1.095167211,12951,0,0
e6_ablacion_podas,bt,cpp_sin_podas,aleatoria,16,12,8,1,4,1.536917,1.095167211,12951,0,0
e6_ablacion_podas,bt,cpp_sin_podas,aleatoria,16,12,8,1,5,1.490334,1.095167211,12951,0,0
e6_ablacion_podas,bt,cpp_sin_podas,aleatoria,16,12,8,1,6,1.398583,1.095167211,12951,0,0
e6_ablacion_podas,bt,cpp_sin_podas,aleatoria,16,12,8,1,7,1.506375,1.095167211,12951,0,0
e6_ablacion_podas,bt,cpp_sin_podas,aleatoria,16,12,8,1,8,1.429334,1.095167211,12951,0,0
e6_ablacion_podas,bt,cpp_sin_podas,aleatoria,16,12,8,1,9,1.404292,1.095167211,12951,0,0
e6_ablacion_podas,bt,cpp_sin_podas,aleatoria,16,12,8,1,10,1.399292,1.095167211,12951,0,0
e6_ablacion_podas,bt,cpp_sin_podas,aleatoria,16,12,8,2,1,1.392167,1.265130345,12951,0,0
e6_ablacion_podas,bt,cpp_sin_podas,aleatoria,16,12,8,2,2,1.538,1.265130345,12951,0,0
e6_ablacion_podas,bt,cpp_sin_podas,aleatoria,16,12,8,2,3,1.426417,1.265130345,12951,0,0
e6_ablacion_podas,bt,cpp_sin_podas,aleatoria,16,12,8,2,4,1.397375,1.265130345,12951,0,0
e6_ablacion_podas,bt,cpp_sin_podas,aleatoria,16,12,8,2,5,1.373292,1.265130345,12951,0,0
e6_ablacion_podas,bt,cpp_sin_podas,aleatoria,16,12,8,2,6,1.413833,1.265130345,12951,0,0
e6_ablacion_podas,bt,cpp_sin_podas,aleatoria,16,12,8,2,7,1.406958,1.265130345,12951,0,0
e6_ablacion_podas,bt,cpp_sin_podas,aleatoria,16,12,8,2,8,1.702333,1.265130345,12951,0,0
e6_ablacion_podas,bt,cpp_sin_podas,aleatoria,16,12,8,2,9,1.486625,1.265130345,12951,0,0
e6_ablacion_podas,bt,cpp_sin_podas,aleatoria,16,12,8,2,10,1.569125,1.265130345,12951,0,0
e6_ablacion_podas,fb,cpp,aleatoria,16,12,8,0,1,1.58075,1.142814801,12951,0,0
e6_ablacion_podas,fb,cpp,aleatoria,16,12,8,0,2,1.636125,1.142814801,12951,0,0
e6_ablacion_podas,fb,cpp,aleatoria,16,12,8,0,3,1.570125,1.142814801,12951,0,0
e6_ablacion_podas,fb,cpp,aleatoria,16,12,8,0,4,1.628666,1.142814801,12951,0,0
e6_ablacion_podas,fb,cpp,aleatoria,16,12,8,0,5,1.454958,1.142814801,12951,0,0
e6_ablacion_podas,fb,cpp,aleatoria,16,12,8,0,6,1.481208,1.142814801,12951,0,0
e6_ablacion_podas,fb,cpp,aleatoria,16,12,8,0,7,1.388958,1.142814801,12951,0,0
e6_ablacion_podas,fb,cpp,aleatoria,16,12,8,0,8,1.43475,1.142814801,12951,0,0
e6_ablacion_podas,fb,cpp,aleatoria,16,12,8,0,9,1.50975,1.142814801,12951,0,0
e6_ablacion_podas,fb,cpp,aleatoria,16,12,8,0,10,1.398041,1.142814801,12951,0,0
e6_ablacion_podas,fb,cpp,aleatoria,16,12,8,1,1,1.533083,1.095167211,12951,0,0
e6_ablacion_podas,fb,cpp,aleatoria,16,12,8,1,2,1.397584,1.095167211,12951,0,0
e6_ablacion_podas,fb,cpp,aleatoria,16,12,8,1,3,1.43025,1.095167211,12951,0,0
e6_ablacion_podas,fb,cpp,aleatoria,16,12,8,1,4,1.397,1.095167211,12951,0,0
e6_ablacion_podas,fb,cpp,aleatoria,16,12,8,1,5,1.38225,1.095167211,12951,0,0
e6_ablacion_podas,fb,cpp,aleatoria,16,12,8,1,6,1.404958,1.095167211,12951,0,0
e6_ablacion_podas,fb,cpp,aleatoria,16,12,8,1,7,1.495083,1.095167211,12951,0,0
e6_ablacion_podas,fb,cpp,aleatoria,16,12,8,1,8,1.408125,1.095167211,12951,0,0
e6_ablacion_podas,fb,cpp,aleatoria,16,12,8,1,9,1.386333,1.095167211,12951,0,0
e6_ablacion_podas,fb,cpp,aleatoria,16,12,8,1,10,1.387666,1.095167211,12951,0,0
e6_ablacion_podas,fb,cpp,aleatoria,16,12,8,2,1,1.40925,1.265130345,12951,0,0
e6_ablacion_podas,fb,cpp,aleatoria,16,12,8,2,2,1.511667,1.265130345,12951,0,0
e6_ablacion_podas,fb,cpp,aleatoria,16,12,8,2,3,1.439875,1.265130345,12951,0,0
e6_ablacion_podas,fb,cpp,aleatoria,16,12,8,2,4,1.479667,1.265130345,12951,0,0
e6_ablacion_podas,fb,cpp,aleatoria,16,12,8,2,5,1.418042,1.265130345,12951,0,0
e6_ablacion_podas,fb,cpp,aleatoria,16,12,8,2,6,1.403375,1.265130345,12951,0,0
e6_ablacion_podas,fb,cpp,aleatoria,16,12,8,2,7,1.556417,1.265130345,12951,0,0
e6_ablacion_podas,fb,cpp,aleatoria,16,12,8,2,8,1.469459,1.265130345,12951,0,0
e6_ablacion_podas,fb,cpp,aleatoria,16,12,8,2,9,1.695959,1.265130345,12951,0,0
e6_ablacion_podas,fb,cpp,aleatoria,16,12,8,2,10,1.504375,1.265130345,12951,0,0
e6_ablacion_podas,bt,cpp_ambas,aleatoria,18,12,9,0,1,0.063917,0.9332438427,469,41,118
e6_ablacion_podas,bt,cpp_ambas,aleatoria,18,12,9,0,2,0.0675,0.9332438427,469,41,118
e6_ablacion_podas,bt,cpp_ambas,aleatoria,18,12,9,0,3,0.070667,0.9332438427,469,41,118
e6_ablacion_podas,bt,cpp_ambas,aleatoria,18,12,9,0,4,0.063791,0.9332438427,469,41,118
e6_ablacion_podas,bt,cpp_ambas,aleatoria,18,12,9,0,5,0.073042,0.9332438427,469,41,118
e6_ablacion_podas,bt,cpp_ambas,aleatoria,18,12,9,0,6,0.068792,0.9332438427,469,41,118
e6_ablacion_podas,bt,cpp_ambas,aleatoria,18,12,9,0,7,0.066791,0.9332438427,469,41,118
e6_ablacion_podas,bt,cpp_ambas,aleatoria,18,12,9,0,8,0.064417,0.9332438427,469,41,118
e6_ablacion_podas,bt,cpp_ambas,aleatoria,18,12,9,0,9,0.066625,0.9332438427,469,41,118
e6_ablacion_podas,bt,cpp_ambas,aleatoria,18,12,9,0,10,0.064208,0.9332438427,469,41,118
e6_ablacion_podas,bt,cpp_ambas,aleatoria,18,12,9,1,1,0.049041,0.5178352634,307,29,70
e6_ablacion_podas,bt,cpp_ambas,aleatoria,18,12,9,1,2,0.045667,0.5178352634,307,29,70
e6_ablacion_podas,bt,cpp_ambas,aleatoria,18,12,9,1,3,0.051292,0.5178352634,307,29,70
e6_ablacion_podas,bt,cpp_ambas,aleatoria,18,12,9,1,4,0.043083,0.5178352634,307,29,70
e6_ablacion_podas,bt,cpp_ambas,aleatoria,18,12,9,1,5,0.044542,0.5178352634,307,29,70
e6_ablacion_podas,bt,cpp_ambas,aleatoria,18,12,9,1,6,0.042791,0.5178352634,307,29,70
e6_ablacion_podas,bt,cpp_ambas,aleatoria,18,12,9,1,7,0.042625,0.5178352634,307,29,70
e6_ablacion_podas,bt,cpp_ambas,aleatoria,18,12,9,1,8,0.04225,0.5178352634,307,29,70
e6_ablacion_podas,bt,cpp_ambas,aleatoria,18,12,9,1,9,0.044875,0.5178352634,307,29,70
e6_ablacion_podas,bt,cpp_ambas,aleatoria,18,12,9,1,10,0.042917,0.5178352634,307,29,70
e6_ablacion_podas,bt,cpp_ambas,aleatoria,18,12,9,2,1,0.046083,1.063160642,337,20,110
e6_ablacion_podas,bt,cpp_ambas,aleatoria,18,12,9,2,2,0.045916,1.063160642,337,20,110
e6_ablacion_podas,bt,cpp_ambas,aleatoria,18,12,9,2,3,0.046666,1.063160642,337,20,110
e6_ablacion_podas,bt,cpp_ambas,aleatoria,18,12,9,2,4,0.046208,1.063160642,337,20,110
e6_ablacion_podas,bt,cpp_ambas,aleatoria,18,12,9,2,5,0.04625,1.063160642,337,20,110
e6_ablacion_podas,bt,cpp_ambas,aleatoria,18,12,9,2,6,0.054,1.063160642,337,20,110
e6_ablacion_podas,bt,cpp_ambas,aleatoria,18,12,9,2,7,0.048417,1.063160642,337,20,110
e6_ablacion_podas,bt,cpp_ambas,aleatoria,18,12,9,2,8,0.048583,1.063160642,337,20,110
e6_ablacion_podas,bt,cpp_ambas,aleatoria,18,12,9,2,9,0.048166,1.063160642,337,20,110
e6_ablacion_podas,bt,cpp_ambas,aleatoria,18,12,9,2,10,0.048125,1.063160642,337,20,110
e6_ablacion_podas,bt,cpp_sin_opt,aleatoria,18,12,9,0,1,4.895291,0.9332438427,38895,8008,0
e6_ablacion_podas,bt,cpp_sin_opt,aleatoria,18,12,9,0,2,4.457625,0.9332438427,38895,8008,0
e6_ablacion_podas,bt,cpp_sin_opt,aleatoria,18,12,9,0,3,4.347875,0.9332438427,38895,8008,0
e6_ablacion_podas,bt,cpp_sin_opt,aleatoria,18,12,9,0,4,4.306042,0.9332438427,38895,8008,0
e6_ablacion_podas,bt,cpp_sin_opt,aleatoria,18,12,9,0,5,4.608292,0.9332438427,38895,8008,0
e6_ablacion_podas,bt,cpp_sin_opt,aleatoria,18,12,9,0,6,4.215667,0.9332438427,38895,8008,0
e6_ablacion_podas,bt,cpp_sin_opt,aleatoria,18,12,9,0,7,4.265417,0.9332438427,38895,8008,0
e6_ablacion_podas,bt,cpp_sin_opt,aleatoria,18,12,9,0,8,4.307958,0.9332438427,38895,8008,0
e6_ablacion_podas,bt,cpp_sin_opt,aleatoria,18,12,9,0,9,4.3065,0.9332438427,38895,8008,0
e6_ablacion_podas,bt,cpp_sin_opt,aleatoria,18,12,9,0,10,4.310875,0.9332438427,38895,8008,0
e6_ablacion_podas,bt,cpp_sin_opt,aleatoria,18,12,9,1,1,4.351417,0.5178352634,38895,8008,0
e6_ablacion_podas,bt,cpp_sin_opt,aleatoria,18,12,9,1,2,4.248833,0.5178352634,38895,8008,0
e6_ablacion_podas,bt,cpp_sin_opt,aleatoria,18,12,9,1,3,4.610625,0.5178352634,38895,8008,0
e6_ablacion_podas,bt,cpp_sin_opt,aleatoria,18,12,9,1,4,4.535833,0.5178352634,38895,8008,0
e6_ablacion_podas,bt,cpp_sin_opt,aleatoria,18,12,9,1,5,4.191375,0.5178352634,38895,8008,0
e6_ablacion_podas,bt,cpp_sin_opt,aleatoria,18,12,9,1,6,4.617625,0.5178352634,38895,8008,0
e6_ablacion_podas,bt,cpp_sin_opt,aleatoria,18,12,9,1,7,4.210292,0.5178352634,38895,8008,0
e6_ablacion_podas,bt,cpp_sin_opt,aleatoria,18,12,9,1,8,4.575417,0.5178352634,38895,8008,0
e6_ablacion_podas,bt,cpp_sin_opt,aleatoria,18,12,9,1,9,4.431959,0.5178352634,38895,8008,0
e6_ablacion_podas,bt,cpp_sin_opt,aleatoria,18,12,9,1,10,4.250208,0.5178352634,38895,8008,0
e6_ablacion_podas,bt,cpp_sin_opt,aleatoria,18,12,9,2,1,4.542791,1.063160642,38895,8008,0
e6_ablacion_podas,bt,cpp_sin_opt,aleatoria,18,12,9,2,2,4.412792,1.063160642,38895,8008,0
e6_ablacion_podas,bt,cpp_sin_opt,aleatoria,18,12,9,2,3,4.378291,1.063160642,38895,8008,0
e6_ablacion_podas,bt,cpp_sin_opt,aleatoria,18,12,9,2,4,4.284916,1.063160642,38895,8008,0
e6_ablacion_podas,bt,cpp_sin_opt,aleatoria,18,12,9,2,5,4.266125,1.063160642,38895,8008,0
e6_ablacion_podas,bt,cpp_sin_opt,aleatoria,18,12,9,2,6,4.226083,1.063160642,38895,8008,0
e6_ablacion_podas,bt,cpp_sin_opt,aleatoria,18,12,9,2,7,4.476333,1.063160642,38895,8008,0
e6_ablacion_podas,bt,cpp_sin_opt,aleatoria,18,12,9,2,8,4.233166,1.063160642,38895,8008,0
e6_ablacion_podas,bt,cpp_sin_opt,aleatoria,18,12,9,2,9,4.616833,1.063160642,38895,8008,0
e6_ablacion_podas,bt,cpp_sin_opt,aleatoria,18,12,9,2,10,4.216458,1.063160642,38895,8008,0
e6_ablacion_podas,bt,cpp_sin_fact,aleatoria,18,12,9,0,1,0.084,0.9332438427,585,0,177
e6_ablacion_podas,bt,cpp_sin_fact,aleatoria,18,12,9,0,2,0.090709,0.9332438427,585,0,177
e6_ablacion_podas,bt,cpp_sin_fact,aleatoria,18,12,9,0,3,0.0775,0.9332438427,585,0,177
e6_ablacion_podas,bt,cpp_sin_fact,aleatoria,18,12,9,0,4,0.085166,0.9332438427,585,0,177
e6_ablacion_podas,bt,cpp_sin_fact,aleatoria,18,12,9,0,5,0.078166,0.9332438427,585,0,177
e6_ablacion_podas,bt,cpp_sin_fact,aleatoria,18,12,9,0,6,0.083666,0.9332438427,585,0,177
e6_ablacion_podas,bt,cpp_sin_fact,aleatoria,18,12,9,0,7,0.08175,0.9332438427,585,0,177
e6_ablacion_podas,bt,cpp_sin_fact,aleatoria,18,12,9,0,8,0.078667,0.9332438427,585,0,177
e6_ablacion_podas,bt,cpp_sin_fact,aleatoria,18,12,9,0,9,0.077208,0.9332438427,585,0,177
e6_ablacion_podas,bt,cpp_sin_fact,aleatoria,18,12,9,0,10,0.086125,0.9332438427,585,0,177
e6_ablacion_podas,bt,cpp_sin_fact,aleatoria,18,12,9,1,1,0.049166,0.5178352634,361,0,104
e6_ablacion_podas,bt,cpp_sin_fact,aleatoria,18,12,9,1,2,0.053,0.5178352634,361,0,104
e6_ablacion_podas,bt,cpp_sin_fact,aleatoria,18,12,9,1,3,0.052833,0.5178352634,361,0,104
e6_ablacion_podas,bt,cpp_sin_fact,aleatoria,18,12,9,1,4,0.053708,0.5178352634,361,0,104
e6_ablacion_podas,bt,cpp_sin_fact,aleatoria,18,12,9,1,5,0.049292,0.5178352634,361,0,104
e6_ablacion_podas,bt,cpp_sin_fact,aleatoria,18,12,9,1,6,0.049417,0.5178352634,361,0,104
e6_ablacion_podas,bt,cpp_sin_fact,aleatoria,18,12,9,1,7,0.054916,0.5178352634,361,0,104
e6_ablacion_podas,bt,cpp_sin_fact,aleatoria,18,12,9,1,8,0.049084,0.5178352634,361,0,104
e6_ablacion_podas,bt,cpp_sin_fact,aleatoria,18,12,9,1,9,0.049292,0.5178352634,361,0,104
e6_ablacion_podas,bt,cpp_sin_fact,aleatoria,18,12,9,1,10,0.052667,0.5178352634,361,0,104
e6_ablacion_podas,bt,cpp_sin_fact,aleatoria,18,12,9,2,1,0.056708,1.063160642,423,0,147
e6_ablacion_podas,bt,cpp_sin_fact,aleatoria,18,12,9,2,2,0.06125,1.063160642,423,0,147
e6_ablacion_podas,bt,cpp_sin_fact,aleatoria,18,12,9,2,3,0.056083,1.063160642,423,0,147
e6_ablacion_podas,bt,cpp_sin_fact,aleatoria,18,12,9,2,4,0.060291,1.063160642,423,0,147
e6_ablacion_podas,bt,cpp_sin_fact,aleatoria,18,12,9,2,5,0.056917,1.063160642,423,0,147
e6_ablacion_podas,bt,cpp_sin_fact,aleatoria,18,12,9,2,6,0.060417,1.063160642,423,0,147
e6_ablacion_podas,bt,cpp_sin_fact,aleatoria,18,12,9,2,7,0.057,1.063160642,423,0,147
e6_ablacion_podas,bt,cpp_sin_fact,aleatoria,18,12,9,2,8,0.057666,1.063160642,423,0,147
e6_ablacion_podas,bt,cpp_sin_fact,aleatoria,18,12,9,2,9,0.058333,1.063160642,423,0,147
e6_ablacion_podas,bt,cpp_sin_fact,aleatoria,18,12,9,2,10,0.0565,1.063160642,423,0,147
e6_ablacion_podas,bt,cpp_sin_podas,aleatoria,18,12,9,0,1,6.115375,0.9332438427,52665,0,0
e6_ablacion_podas,bt,cpp_sin_podas,aleatoria,18,12,9,0,2,5.462959,0.9332438427,52665,0,0
e6_ablacion_podas,bt,cpp_sin_podas,aleatoria,18,12,9,0,3,5.638542,0.9332438427,52665,0,0
e6_ablacion_podas,bt,cpp_sin_podas,aleatoria,18,12,9,0,4,5.541958,0.9332438427,52665,0,0
e6_ablacion_podas,bt,cpp_sin_podas,aleatoria,18,12,9,0,5,5.463625,0.9332438427,52665,0,0
e6_ablacion_podas,bt,cpp_sin_podas,aleatoria,18,12,9,0,6,5.543917,0.9332438427,52665,0,0
e6_ablacion_podas,bt,cpp_sin_podas,aleatoria,18,12,9,0,7,5.733625,0.9332438427,52665,0,0
e6_ablacion_podas,bt,cpp_sin_podas,aleatoria,18,12,9,0,8,5.465625,0.9332438427,52665,0,0
e6_ablacion_podas,bt,cpp_sin_podas,aleatoria,18,12,9,0,9,5.455083,0.9332438427,52665,0,0
e6_ablacion_podas,bt,cpp_sin_podas,aleatoria,18,12,9,0,10,5.816458,0.9332438427,52665,0,0
e6_ablacion_podas,bt,cpp_sin_podas,aleatoria,18,12,9,1,1,5.625833,0.5178352634,52665,0,0
e6_ablacion_podas,bt,cpp_sin_podas,aleatoria,18,12,9,1,2,5.47425,0.5178352634,52665,0,0
e6_ablacion_podas,bt,cpp_sin_podas,aleatoria,18,12,9,1,3,5.420417,0.5178352634,52665,0,0
e6_ablacion_podas,bt,cpp_sin_podas,aleatoria,18,12,9,1,4,5.527708,0.5178352634,52665,0,0
e6_ablacion_podas,bt,cpp_sin_podas,aleatoria,18,12,9,1,5,5.505625,0.5178352634,52665,0,0
e6_ablacion_podas,bt,cpp_sin_podas,aleatoria,18,12,9,1,6,5.947459,0.5178352634,52665,0,0
e6_ablacion_podas,bt,cpp_sin_podas,aleatoria,18,12,9,1,7,5.534334,0.5178352634,52665,0,0
e6_ablacion_podas,bt,cpp_sin_podas,aleatoria,18,12,9,1,8,5.542208,0.5178352634,52665,0,0
e6_ablacion_podas,bt,cpp_sin_podas,aleatoria,18,12,9,1,9,5.480167,0.5178352634,52665,0,0
e6_ablacion_podas,bt,cpp_sin_podas,aleatoria,18,12,9,1,10,5.518125,0.5178352634,52665,0,0
e6_ablacion_podas,bt,cpp_sin_podas,aleatoria,18,12,9,2,1,5.529166,1.063160642,52665,0,0
e6_ablacion_podas,bt,cpp_sin_podas,aleatoria,18,12,9,2,2,5.5045,1.063160642,52665,0,0
e6_ablacion_podas,bt,cpp_sin_podas,aleatoria,18,12,9,2,3,5.79125,1.063160642,52665,0,0
e6_ablacion_podas,bt,cpp_sin_podas,aleatoria,18,12,9,2,4,5.465334,1.063160642,52665,0,0
e6_ablacion_podas,bt,cpp_sin_podas,aleatoria,18,12,9,2,5,5.691125,1.063160642,52665,0,0
e6_ablacion_podas,bt,cpp_sin_podas,aleatoria,18,12,9,2,6,5.492417,1.063160642,52665,0,0
e6_ablacion_podas,bt,cpp_sin_podas,aleatoria,18,12,9,2,7,5.582958,1.063160642,52665,0,0
e6_ablacion_podas,bt,cpp_sin_podas,aleatoria,18,12,9,2,8,5.541416,1.063160642,52665,0,0
e6_ablacion_podas,bt,cpp_sin_podas,aleatoria,18,12,9,2,9,5.55825,1.063160642,52665,0,0
e6_ablacion_podas,bt,cpp_sin_podas,aleatoria,18,12,9,2,10,5.489834,1.063160642,52665,0,0
e6_ablacion_podas,fb,cpp,aleatoria,18,12,9,0,1,5.548709,0.9332438427,52665,0,0
e6_ablacion_podas,fb,cpp,aleatoria,18,12,9,0,2,5.603292,0.9332438427,52665,0,0
e6_ablacion_podas,fb,cpp,aleatoria,18,12,9,0,3,5.525125,0.9332438427,52665,0,0
e6_ablacion_podas,fb,cpp,aleatoria,18,12,9,0,4,5.892,0.9332438427,52665,0,0
e6_ablacion_podas,fb,cpp,aleatoria,18,12,9,0,5,5.774291,0.9332438427,52665,0,0
e6_ablacion_podas,fb,cpp,aleatoria,18,12,9,0,6,5.4795,0.9332438427,52665,0,0
e6_ablacion_podas,fb,cpp,aleatoria,18,12,9,0,7,5.9305,0.9332438427,52665,0,0
e6_ablacion_podas,fb,cpp,aleatoria,18,12,9,0,8,5.7335,0.9332438427,52665,0,0
e6_ablacion_podas,fb,cpp,aleatoria,18,12,9,0,9,5.88,0.9332438427,52665,0,0
e6_ablacion_podas,fb,cpp,aleatoria,18,12,9,0,10,5.617459,0.9332438427,52665,0,0
e6_ablacion_podas,fb,cpp,aleatoria,18,12,9,1,1,5.615875,0.5178352634,52665,0,0
e6_ablacion_podas,fb,cpp,aleatoria,18,12,9,1,2,5.575458,0.5178352634,52665,0,0
e6_ablacion_podas,fb,cpp,aleatoria,18,12,9,1,3,5.552292,0.5178352634,52665,0,0
e6_ablacion_podas,fb,cpp,aleatoria,18,12,9,1,4,5.629292,0.5178352634,52665,0,0
e6_ablacion_podas,fb,cpp,aleatoria,18,12,9,1,5,5.828292,0.5178352634,52665,0,0
e6_ablacion_podas,fb,cpp,aleatoria,18,12,9,1,6,5.583833,0.5178352634,52665,0,0
e6_ablacion_podas,fb,cpp,aleatoria,18,12,9,1,7,5.573625,0.5178352634,52665,0,0
e6_ablacion_podas,fb,cpp,aleatoria,18,12,9,1,8,6.457167,0.5178352634,52665,0,0
e6_ablacion_podas,fb,cpp,aleatoria,18,12,9,1,9,5.529291,0.5178352634,52665,0,0
e6_ablacion_podas,fb,cpp,aleatoria,18,12,9,1,10,5.843333,0.5178352634,52665,0,0
e6_ablacion_podas,fb,cpp,aleatoria,18,12,9,2,1,5.694292,1.063160642,52665,0,0
e6_ablacion_podas,fb,cpp,aleatoria,18,12,9,2,2,5.721958,1.063160642,52665,0,0
e6_ablacion_podas,fb,cpp,aleatoria,18,12,9,2,3,5.579542,1.063160642,52665,0,0
e6_ablacion_podas,fb,cpp,aleatoria,18,12,9,2,4,5.447375,1.063160642,52665,0,0
e6_ablacion_podas,fb,cpp,aleatoria,18,12,9,2,5,5.570584,1.063160642,52665,0,0
e6_ablacion_podas,fb,cpp,aleatoria,18,12,9,2,6,5.832166,1.063160642,52665,0,0
e6_ablacion_podas,fb,cpp,aleatoria,18,12,9,2,7,5.603042,1.063160642,52665,0,0
e6_ablacion_podas,fb,cpp,aleatoria,18,12,9,2,8,5.636417,1.063160642,52665,0,0
e6_ablacion_podas,fb,cpp,aleatoria,18,12,9,2,9,5.489541,1.063160642,52665,0,0
e6_ablacion_podas,fb,cpp,aleatoria,18,12,9,2,10,5.632833,1.063160642,52665,0,0
e6_ablacion_podas,bt,cpp_ambas,aleatoria,20,12,10,0,1,0.048208,0.953263526,343,28,119
e6_ablacion_podas,bt,cpp_ambas,aleatoria,20,12,10,0,2,0.051375,0.953263526,343,28,119
e6_ablacion_podas,bt,cpp_ambas,aleatoria,20,12,10,0,3,0.05225,0.953263526,343,28,119
e6_ablacion_podas,bt,cpp_ambas,aleatoria,20,12,10,0,4,0.048209,0.953263526,343,28,119
e6_ablacion_podas,bt,cpp_ambas,aleatoria,20,12,10,0,5,0.051708,0.953263526,343,28,119
e6_ablacion_podas,bt,cpp_ambas,aleatoria,20,12,10,0,6,0.048459,0.953263526,343,28,119
e6_ablacion_podas,bt,cpp_ambas,aleatoria,20,12,10,0,7,0.051875,0.953263526,343,28,119
e6_ablacion_podas,bt,cpp_ambas,aleatoria,20,12,10,0,8,0.048167,0.953263526,343,28,119
e6_ablacion_podas,bt,cpp_ambas,aleatoria,20,12,10,0,9,0.052209,0.953263526,343,28,119
e6_ablacion_podas,bt,cpp_ambas,aleatoria,20,12,10,0,10,0.050375,0.953263526,343,28,119
e6_ablacion_podas,bt,cpp_ambas,aleatoria,20,12,10,1,1,0.122292,1.117587053,865,79,242
e6_ablacion_podas,bt,cpp_ambas,aleatoria,20,12,10,1,2,0.119958,1.117587053,865,79,242
e6_ablacion_podas,bt,cpp_ambas,aleatoria,20,12,10,1,3,0.126417,1.117587053,865,79,242
e6_ablacion_podas,bt,cpp_ambas,aleatoria,20,12,10,1,4,0.140125,1.117587053,865,79,242
e6_ablacion_podas,bt,cpp_ambas,aleatoria,20,12,10,1,5,0.120792,1.117587053,865,79,242
e6_ablacion_podas,bt,cpp_ambas,aleatoria,20,12,10,1,6,0.119584,1.117587053,865,79,242
e6_ablacion_podas,bt,cpp_ambas,aleatoria,20,12,10,1,7,0.120166,1.117587053,865,79,242
e6_ablacion_podas,bt,cpp_ambas,aleatoria,20,12,10,1,8,0.119833,1.117587053,865,79,242
e6_ablacion_podas,bt,cpp_ambas,aleatoria,20,12,10,1,9,0.130042,1.117587053,865,79,242
e6_ablacion_podas,bt,cpp_ambas,aleatoria,20,12,10,1,10,0.120542,1.117587053,865,79,242
e6_ablacion_podas,bt,cpp_ambas,aleatoria,20,12,10,2,1,0.061833,0.9678567973,441,26,141
e6_ablacion_podas,bt,cpp_ambas,aleatoria,20,12,10,2,2,0.062333,0.9678567973,441,26,141
e6_ablacion_podas,bt,cpp_ambas,aleatoria,20,12,10,2,3,0.061792,0.9678567973,441,26,141
e6_ablacion_podas,bt,cpp_ambas,aleatoria,20,12,10,2,4,0.081292,0.9678567973,441,26,141
e6_ablacion_podas,bt,cpp_ambas,aleatoria,20,12,10,2,5,0.066625,0.9678567973,441,26,141
e6_ablacion_podas,bt,cpp_ambas,aleatoria,20,12,10,2,6,0.063125,0.9678567973,441,26,141
e6_ablacion_podas,bt,cpp_ambas,aleatoria,20,12,10,2,7,0.065292,0.9678567973,441,26,141
e6_ablacion_podas,bt,cpp_ambas,aleatoria,20,12,10,2,8,0.06675,0.9678567973,441,26,141
e6_ablacion_podas,bt,cpp_ambas,aleatoria,20,12,10,2,9,0.062458,0.9678567973,441,26,141
e6_ablacion_podas,bt,cpp_ambas,aleatoria,20,12,10,2,10,0.06425,0.9678567973,441,26,141
e6_ablacion_podas,bt,cpp_sin_opt,aleatoria,20,12,10,0,1,20.169333,0.953263526,151163,31824,0
e6_ablacion_podas,bt,cpp_sin_opt,aleatoria,20,12,10,0,2,20.313791,0.953263526,151163,31824,0
e6_ablacion_podas,bt,cpp_sin_opt,aleatoria,20,12,10,0,3,18.741166,0.953263526,151163,31824,0
e6_ablacion_podas,bt,cpp_sin_opt,aleatoria,20,12,10,0,4,20.310125,0.953263526,151163,31824,0
e6_ablacion_podas,bt,cpp_sin_opt,aleatoria,20,12,10,0,5,18.95175,0.953263526,151163,31824,0
e6_ablacion_podas,bt,cpp_sin_opt,aleatoria,20,12,10,0,6,23.766583,0.953263526,151163,31824,0
e6_ablacion_podas,bt,cpp_sin_opt,aleatoria,20,12,10,0,7,20.2155,0.953263526,151163,31824,0
e6_ablacion_podas,bt,cpp_sin_opt,aleatoria,20,12,10,0,8,18.7005,0.953263526,151163,31824,0
e6_ablacion_podas,bt,cpp_sin_opt,aleatoria,20,12,10,0,9,18.986709,0.953263526,151163,31824,0
e6_ablacion_podas,bt,cpp_sin_opt,aleatoria,20,12,10,0,10,19.453416,0.953263526,151163,31824,0
e6_ablacion_podas,bt,cpp_sin_opt,aleatoria,20,12,10,1,1,20.399333,1.117587053,151163,31824,0
e6_ablacion_podas,bt,cpp_sin_opt,aleatoria,20,12,10,1,2,19.302458,1.117587053,151163,31824,0
e6_ablacion_podas,bt,cpp_sin_opt,aleatoria,20,12,10,1,3,18.986125,1.117587053,151163,31824,0
e6_ablacion_podas,bt,cpp_sin_opt,aleatoria,20,12,10,1,4,18.870458,1.117587053,151163,31824,0
e6_ablacion_podas,bt,cpp_sin_opt,aleatoria,20,12,10,1,5,19.297125,1.117587053,151163,31824,0
e6_ablacion_podas,bt,cpp_sin_opt,aleatoria,20,12,10,1,6,18.969,1.117587053,151163,31824,0
e6_ablacion_podas,bt,cpp_sin_opt,aleatoria,20,12,10,1,7,19.458209,1.117587053,151163,31824,0
e6_ablacion_podas,bt,cpp_sin_opt,aleatoria,20,12,10,1,8,19.584625,1.117587053,151163,31824,0
e6_ablacion_podas,bt,cpp_sin_opt,aleatoria,20,12,10,1,9,21.589584,1.117587053,151163,31824,0
e6_ablacion_podas,bt,cpp_sin_opt,aleatoria,20,12,10,1,10,20.673333,1.117587053,151163,31824,0
e6_ablacion_podas,bt,cpp_sin_opt,aleatoria,20,12,10,2,1,18.618333,0.9678567973,151163,31824,0
e6_ablacion_podas,bt,cpp_sin_opt,aleatoria,20,12,10,2,2,19.738959,0.9678567973,151163,31824,0
e6_ablacion_podas,bt,cpp_sin_opt,aleatoria,20,12,10,2,3,20.450959,0.9678567973,151163,31824,0
e6_ablacion_podas,bt,cpp_sin_opt,aleatoria,20,12,10,2,4,19.670208,0.9678567973,151163,31824,0
e6_ablacion_podas,bt,cpp_sin_opt,aleatoria,20,12,10,2,5,18.734541,0.9678567973,151163,31824,0
e6_ablacion_podas,bt,cpp_sin_opt,aleatoria,20,12,10,2,6,19.987791,0.9678567973,151163,31824,0
e6_ablacion_podas,bt,cpp_sin_opt,aleatoria,20,12,10,2,7,19.005375,0.9678567973,151163,31824,0
e6_ablacion_podas,bt,cpp_sin_opt,aleatoria,20,12,10,2,8,20.016916,0.9678567973,151163,31824,0
e6_ablacion_podas,bt,cpp_sin_opt,aleatoria,20,12,10,2,9,19.049167,0.9678567973,151163,31824,0
e6_ablacion_podas,bt,cpp_sin_opt,aleatoria,20,12,10,2,10,18.517541,0.9678567973,151163,31824,0
e6_ablacion_podas,bt,cpp_sin_fact,aleatoria,20,12,10,0,1,0.067375,0.953263526,489,0,192
e6_ablacion_podas,bt,cpp_sin_fact,aleatoria,20,12,10,0,2,0.066791,0.953263526,489,0,192
e6_ablacion_podas,bt,cpp_sin_fact,aleatoria,20,12,10,0,3,0.07475,0.953263526,489,0,192
e6_ablacion_podas,bt,cpp_sin_fact,aleatoria,20,12,10,0,4,0.068709,0.953263526,489,0,192
e6_ablacion_podas,bt,cpp_sin_fact,aleatoria,20,12,10,0,5,0.067834,0.953263526,489,0,192
e6_ablacion_podas,bt,cpp_sin_fact,aleatoria,20,12,10,0,6,0.066791,0.953263526,489,0,192
e6_ablacion_podas,bt,cpp_sin_fact,aleatoria,20,12,10,0,7,0.074708,0.953263526,489,0,192
e6_ablacion_podas,bt,cpp_sin_fact,aleatoria,20,12,10,0,8,0.067583,0.953263526,489,0,192
e6_ablacion_podas,bt,cpp_sin_fact,aleatoria,20,12,10,0,9,0.067,0.953263526,489,0,192
e6_ablacion_podas,bt,cpp_sin_fact,aleatoria,20,12,10,0,10,0.066708,0.953263526,489,0,192
e6_ablacion_podas,bt,cpp_sin_fact,aleatoria,20,12,10,1,1,0.157084,1.117587053,1153,0,384
e6_ablacion_podas,bt,cpp_sin_fact,aleatoria,20,12,10,1,2,0.157417,1.117587053,1153,0,384
e6_ablacion_podas,bt,cpp_sin_fact,aleatoria,20,12,10,1,3,0.181458,1.117587053,1153,0,384
e6_ablacion_podas,bt,cpp_sin_fact,aleatoria,20,12,10,1,4,0.156292,1.117587053,1153,0,384
e6_ablacion_podas,bt,cpp_sin_fact,aleatoria,20,12,10,1,5,0.17175,1.117587053,1153,0,384
e6_ablacion_podas,bt,cpp_sin_fact,aleatoria,20,12,10,1,6,0.162458,1.117587053,1153,0,384
e6_ablacion_podas,bt,cpp_sin_fact,aleatoria,20,12,10,1,7,0.1585,1.117587053,1153,0,384
e6_ablacion_podas,bt,cpp_sin_fact,aleatoria,20,12,10,1,8,0.157125,1.117587053,1153,0,384
e6_ablacion_podas,bt,cpp_sin_fact,aleatoria,20,12,10,1,9,0.158625,1.117587053,1153,0,384
e6_ablacion_podas,bt,cpp_sin_fact,aleatoria,20,12,10,1,10,0.1575,1.117587053,1153,0,384
e6_ablacion_podas,bt,cpp_sin_fact,aleatoria,20,12,10,2,1,0.085292,0.9678567973,565,0,199
e6_ablacion_podas,bt,cpp_sin_fact,aleatoria,20,12,10,2,2,0.078667,0.9678567973,565,0,199
e6_ablacion_podas,bt,cpp_sin_fact,aleatoria,20,12,10,2,3,0.08275,0.9678567973,565,0,199
e6_ablacion_podas,bt,cpp_sin_fact,aleatoria,20,12,10,2,4,0.077667,0.9678567973,565,0,199
e6_ablacion_podas,bt,cpp_sin_fact,aleatoria,20,12,10,2,5,0.082667,0.9678567973,565,0,199
e6_ablacion_podas,bt,cpp_sin_fact,aleatoria,20,12,10,2,6,0.0925,0.9678567973,565,0,199
e6_ablacion_podas,bt,cpp_sin_fact,aleatoria,20,12,10,2,7,0.078792,0.9678567973,565,0,199
e6_ablacion_podas,bt,cpp_sin_fact,aleatoria,20,12,10,2,8,0.078916,0.9678567973,565,0,199
e6_ablacion_podas,bt,cpp_sin_fact,aleatoria,20,12,10,2,9,0.082041,0.9678567973,565,0,199
e6_ablacion_podas,bt,cpp_sin_fact,aleatoria,20,12,10,2,10,0.078041,0.9678567973,565,0,199
e6_ablacion_podas,bt,cpp_sin_podas,aleatoria,20,12,10,0,1,24.844458,0.953263526,213523,0,0
e6_ablacion_podas,bt,cpp_sin_podas,aleatoria,20,12,10,0,2,27.280458,0.953263526,213523,0,0
e6_ablacion_podas,bt,cpp_sin_podas,aleatoria,20,12,10,0,3,24.850416,0.953263526,213523,0,0
e6_ablacion_podas,bt,cpp_sin_podas,aleatoria,20,12,10,0,4,24.801916,0.953263526,213523,0,0
e6_ablacion_podas,bt,cpp_sin_podas,aleatoria,20,12,10,0,5,24.785,0.953263526,213523,0,0
e6_ablacion_podas,bt,cpp_sin_podas,aleatoria,20,12,10,0,6,24.833459,0.953263526,213523,0,0
e6_ablacion_podas,bt,cpp_sin_podas,aleatoria,20,12,10,0,7,24.7815,0.953263526,213523,0,0
e6_ablacion_podas,bt,cpp_sin_podas,aleatoria,20,12,10,0,8,26.353166,0.953263526,213523,0,0
e6_ablacion_podas,bt,cpp_sin_podas,aleatoria,20,12,10,0,9,24.6775,0.953263526,213523,0,0
e6_ablacion_podas,bt,cpp_sin_podas,aleatoria,20,12,10,0,10,24.715083,0.953263526,213523,0,0
e6_ablacion_podas,bt,cpp_sin_podas,aleatoria,20,12,10,1,1,24.925,1.117587053,213523,0,0
e6_ablacion_podas,bt,cpp_sin_podas,aleatoria,20,12,10,1,2,25.0835,1.117587053,213523,0,0
e6_ablacion_podas,bt,cpp_sin_podas,aleatoria,20,12,10,1,3,26.056958,1.117587053,213523,0,0
e6_ablacion_podas,bt,cpp_sin_podas,aleatoria,20,12,10,1,4,25.720916,1.117587053,213523,0,0
e6_ablacion_podas,bt,cpp_sin_podas,aleatoria,20,12,10,1,5,24.835541,1.117587053,213523,0,0
e6_ablacion_podas,bt,cpp_sin_podas,aleatoria,20,12,10,1,6,24.741958,1.117587053,213523,0,0
e6_ablacion_podas,bt,cpp_sin_podas,aleatoria,20,12,10,1,7,27.865709,1.117587053,213523,0,0
e6_ablacion_podas,bt,cpp_sin_podas,aleatoria,20,12,10,1,8,26.244917,1.117587053,213523,0,0
e6_ablacion_podas,bt,cpp_sin_podas,aleatoria,20,12,10,1,9,27.120084,1.117587053,213523,0,0
e6_ablacion_podas,bt,cpp_sin_podas,aleatoria,20,12,10,1,10,25.300291,1.117587053,213523,0,0
e6_ablacion_podas,bt,cpp_sin_podas,aleatoria,20,12,10,2,1,24.465583,0.9678567973,213523,0,0
e6_ablacion_podas,bt,cpp_sin_podas,aleatoria,20,12,10,2,2,26.285542,0.9678567973,213523,0,0
e6_ablacion_podas,bt,cpp_sin_podas,aleatoria,20,12,10,2,3,26.351417,0.9678567973,213523,0,0
e6_ablacion_podas,bt,cpp_sin_podas,aleatoria,20,12,10,2,4,24.395416,0.9678567973,213523,0,0
e6_ablacion_podas,bt,cpp_sin_podas,aleatoria,20,12,10,2,5,24.988792,0.9678567973,213523,0,0
e6_ablacion_podas,bt,cpp_sin_podas,aleatoria,20,12,10,2,6,25.966667,0.9678567973,213523,0,0
e6_ablacion_podas,bt,cpp_sin_podas,aleatoria,20,12,10,2,7,24.228625,0.9678567973,213523,0,0
e6_ablacion_podas,bt,cpp_sin_podas,aleatoria,20,12,10,2,8,24.653208,0.9678567973,213523,0,0
e6_ablacion_podas,bt,cpp_sin_podas,aleatoria,20,12,10,2,9,27.443958,0.9678567973,213523,0,0
e6_ablacion_podas,bt,cpp_sin_podas,aleatoria,20,12,10,2,10,24.992333,0.9678567973,213523,0,0
e6_ablacion_podas,fb,cpp,aleatoria,20,12,10,0,1,25.011583,0.953263526,213523,0,0
e6_ablacion_podas,fb,cpp,aleatoria,20,12,10,0,2,25.322458,0.953263526,213523,0,0
e6_ablacion_podas,fb,cpp,aleatoria,20,12,10,0,3,25.080167,0.953263526,213523,0,0
e6_ablacion_podas,fb,cpp,aleatoria,20,12,10,0,4,24.946334,0.953263526,213523,0,0
e6_ablacion_podas,fb,cpp,aleatoria,20,12,10,0,5,24.767334,0.953263526,213523,0,0
e6_ablacion_podas,fb,cpp,aleatoria,20,12,10,0,6,25.33175,0.953263526,213523,0,0
e6_ablacion_podas,fb,cpp,aleatoria,20,12,10,0,7,24.840833,0.953263526,213523,0,0
e6_ablacion_podas,fb,cpp,aleatoria,20,12,10,0,8,25.203542,0.953263526,213523,0,0
e6_ablacion_podas,fb,cpp,aleatoria,20,12,10,0,9,28.572292,0.953263526,213523,0,0
e6_ablacion_podas,fb,cpp,aleatoria,20,12,10,0,10,24.318167,0.953263526,213523,0,0
e6_ablacion_podas,fb,cpp,aleatoria,20,12,10,1,1,24.352875,1.117587053,213523,0,0
e6_ablacion_podas,fb,cpp,aleatoria,20,12,10,1,2,28.980541,1.117587053,213523,0,0
e6_ablacion_podas,fb,cpp,aleatoria,20,12,10,1,3,24.563875,1.117587053,213523,0,0
e6_ablacion_podas,fb,cpp,aleatoria,20,12,10,1,4,25.311375,1.117587053,213523,0,0
e6_ablacion_podas,fb,cpp,aleatoria,20,12,10,1,5,24.423375,1.117587053,213523,0,0
e6_ablacion_podas,fb,cpp,aleatoria,20,12,10,1,6,27.312542,1.117587053,213523,0,0
e6_ablacion_podas,fb,cpp,aleatoria,20,12,10,1,7,24.580875,1.117587053,213523,0,0
e6_ablacion_podas,fb,cpp,aleatoria,20,12,10,1,8,24.39375,1.117587053,213523,0,0
e6_ablacion_podas,fb,cpp,aleatoria,20,12,10,1,9,25.506375,1.117587053,213523,0,0
e6_ablacion_podas,fb,cpp,aleatoria,20,12,10,1,10,32.087708,1.117587053,213523,0,0
e6_ablacion_podas,fb,cpp,aleatoria,20,12,10,2,1,26.346083,0.9678567973,213523,0,0
e6_ablacion_podas,fb,cpp,aleatoria,20,12,10,2,2,24.552084,0.9678567973,213523,0,0
e6_ablacion_podas,fb,cpp,aleatoria,20,12,10,2,3,27.907584,0.9678567973,213523,0,0
e6_ablacion_podas,fb,cpp,aleatoria,20,12,10,2,4,24.791209,0.9678567973,213523,0,0
e6_ablacion_podas,fb,cpp,aleatoria,20,12,10,2,5,24.952375,0.9678567973,213523,0,0
e6_ablacion_podas,fb,cpp,aleatoria,20,12,10,2,6,24.386458,0.9678567973,213523,0,0
e6_ablacion_podas,fb,cpp,aleatoria,20,12,10,2,7,27.222709,0.9678567973,213523,0,0
e6_ablacion_podas,fb,cpp,aleatoria,20,12,10,2,8,26.839959,0.9678567973,213523,0,0
e6_ablacion_podas,fb,cpp,aleatoria,20,12,10,2,9,25.977459,0.9678567973,213523,0,0
e6_ablacion_podas,fb,cpp,aleatoria,20,12,10,2,10,26.484208,0.9678567973,213523,0,0
e6_ablacion_podas,bt,cpp_ambas,aleatoria,22,12,11,0,1,0.046208,0.7837510383,311,24,89
e6_ablacion_podas,bt,cpp_ambas,aleatoria,22,12,11,0,2,0.045958,0.7837510383,311,24,89
e6_ablacion_podas,bt,cpp_ambas,aleatoria,22,12,11,0,3,0.045834,0.7837510383,311,24,89
e6_ablacion_podas,bt,cpp_ambas,aleatoria,22,12,11,0,4,0.052208,0.7837510383,311,24,89
e6_ablacion_podas,bt,cpp_ambas,aleatoria,22,12,11,0,5,0.047,0.7837510383,311,24,89
e6_ablacion_podas,bt,cpp_ambas,aleatoria,22,12,11,0,6,0.050791,0.7837510383,311,24,89
e6_ablacion_podas,bt,cpp_ambas,aleatoria,22,12,11,0,7,0.046458,0.7837510383,311,24,89
e6_ablacion_podas,bt,cpp_ambas,aleatoria,22,12,11,0,8,0.047375,0.7837510383,311,24,89
e6_ablacion_podas,bt,cpp_ambas,aleatoria,22,12,11,0,9,0.045625,0.7837510383,311,24,89
e6_ablacion_podas,bt,cpp_ambas,aleatoria,22,12,11,0,10,0.051,0.7837510383,311,24,89
e6_ablacion_podas,bt,cpp_ambas,aleatoria,22,12,11,1,1,0.098666,0.7273850975,611,43,143
e6_ablacion_podas,bt,cpp_ambas,aleatoria,22,12,11,1,2,0.09625,0.7273850975,611,43,143
e6_ablacion_podas,bt,cpp_ambas,aleatoria,22,12,11,1,3,0.103667,0.7273850975,611,43,143
e6_ablacion_podas,bt,cpp_ambas,aleatoria,22,12,11,1,4,0.090125,0.7273850975,611,43,143
e6_ablacion_podas,bt,cpp_ambas,aleatoria,22,12,11,1,5,0.090875,0.7273850975,611,43,143
e6_ablacion_podas,bt,cpp_ambas,aleatoria,22,12,11,1,6,0.103375,0.7273850975,611,43,143
e6_ablacion_podas,bt,cpp_ambas,aleatoria,22,12,11,1,7,0.092625,0.7273850975,611,43,143
e6_ablacion_podas,bt,cpp_ambas,aleatoria,22,12,11,1,8,0.090834,0.7273850975,611,43,143
e6_ablacion_podas,bt,cpp_ambas,aleatoria,22,12,11,1,9,0.09025,0.7273850975,611,43,143
e6_ablacion_podas,bt,cpp_ambas,aleatoria,22,12,11,1,10,0.0905,0.7273850975,611,43,143
e6_ablacion_podas,bt,cpp_ambas,aleatoria,22,12,11,2,1,0.132958,0.9101259803,915,66,282
e6_ablacion_podas,bt,cpp_ambas,aleatoria,22,12,11,2,2,0.15975,0.9101259803,915,66,282
e6_ablacion_podas,bt,cpp_ambas,aleatoria,22,12,11,2,3,0.130458,0.9101259803,915,66,282
e6_ablacion_podas,bt,cpp_ambas,aleatoria,22,12,11,2,4,0.136167,0.9101259803,915,66,282
e6_ablacion_podas,bt,cpp_ambas,aleatoria,22,12,11,2,5,0.132042,0.9101259803,915,66,282
e6_ablacion_podas,bt,cpp_ambas,aleatoria,22,12,11,2,6,0.154541,0.9101259803,915,66,282
e6_ablacion_podas,bt,cpp_ambas,aleatoria,22,12,11,2,7,0.129458,0.9101259803,915,66,282
e6_ablacion_podas,bt,cpp_ambas,aleatoria,22,12,11,2,8,0.131833,0.9101259803,915,66,282
e6_ablacion_podas,bt,cpp_ambas,aleatoria,22,12,11,2,9,0.136917,0.9101259803,915,66,282
e6_ablacion_podas,bt,cpp_ambas,aleatoria,22,12,11,2,10,0.131958,0.9101259803,915,66,282
e6_ablacion_podas,bt,cpp_sin_opt,aleatoria,22,12,11,0,1,73.379375,0.7837510383,587859,125970,0
e6_ablacion_podas,bt,cpp_sin_opt,aleatoria,22,12,11,0,2,74.017916,0.7837510383,587859,125970,0
e6_ablacion_podas,bt,cpp_sin_opt,aleatoria,22,12,11,0,3,74.071042,0.7837510383,587859,125970,0
e6_ablacion_podas,bt,cpp_sin_opt,aleatoria,22,12,11,0,4,73.438375,0.7837510383,587859,125970,0
e6_ablacion_podas,bt,cpp_sin_opt,aleatoria,22,12,11,0,5,72.764833,0.7837510383,587859,125970,0
e6_ablacion_podas,bt,cpp_sin_opt,aleatoria,22,12,11,0,6,73.802541,0.7837510383,587859,125970,0
e6_ablacion_podas,bt,cpp_sin_opt,aleatoria,22,12,11,0,7,72.895708,0.7837510383,587859,125970,0
e6_ablacion_podas,bt,cpp_sin_opt,aleatoria,22,12,11,0,8,74.725459,0.7837510383,587859,125970,0
e6_ablacion_podas,bt,cpp_sin_opt,aleatoria,22,12,11,0,9,75.922834,0.7837510383,587859,125970,0
e6_ablacion_podas,bt,cpp_sin_opt,aleatoria,22,12,11,0,10,74.257125,0.7837510383,587859,125970,0
e6_ablacion_podas,bt,cpp_sin_opt,aleatoria,22,12,11,1,1,78.27125,0.7273850975,587859,125970,0
e6_ablacion_podas,bt,cpp_sin_opt,aleatoria,22,12,11,1,2,73.121042,0.7273850975,587859,125970,0
e6_ablacion_podas,bt,cpp_sin_opt,aleatoria,22,12,11,1,3,73.992959,0.7273850975,587859,125970,0
e6_ablacion_podas,bt,cpp_sin_opt,aleatoria,22,12,11,1,4,76.480375,0.7273850975,587859,125970,0
e6_ablacion_podas,bt,cpp_sin_opt,aleatoria,22,12,11,1,5,75.469834,0.7273850975,587859,125970,0
e6_ablacion_podas,bt,cpp_sin_opt,aleatoria,22,12,11,1,6,78.376667,0.7273850975,587859,125970,0
e6_ablacion_podas,bt,cpp_sin_opt,aleatoria,22,12,11,1,7,72.891042,0.7273850975,587859,125970,0
e6_ablacion_podas,bt,cpp_sin_opt,aleatoria,22,12,11,1,8,77.73275,0.7273850975,587859,125970,0
e6_ablacion_podas,bt,cpp_sin_opt,aleatoria,22,12,11,1,9,72.906791,0.7273850975,587859,125970,0
e6_ablacion_podas,bt,cpp_sin_opt,aleatoria,22,12,11,1,10,87.402375,0.7273850975,587859,125970,0
e6_ablacion_podas,bt,cpp_sin_opt,aleatoria,22,12,11,2,1,74.70875,0.9101259803,587859,125970,0
e6_ablacion_podas,bt,cpp_sin_opt,aleatoria,22,12,11,2,2,73.19025,0.9101259803,587859,125970,0
e6_ablacion_podas,bt,cpp_sin_opt,aleatoria,22,12,11,2,3,74.139583,0.9101259803,587859,125970,0
e6_ablacion_podas,bt,cpp_sin_opt,aleatoria,22,12,11,2,4,74.405292,0.9101259803,587859,125970,0
e6_ablacion_podas,bt,cpp_sin_opt,aleatoria,22,12,11,2,5,75.199833,0.9101259803,587859,125970,0
e6_ablacion_podas,bt,cpp_sin_opt,aleatoria,22,12,11,2,6,74.641875,0.9101259803,587859,125970,0
e6_ablacion_podas,bt,cpp_sin_opt,aleatoria,22,12,11,2,7,74.466333,0.9101259803,587859,125970,0
e6_ablacion_podas,bt,cpp_sin_opt,aleatoria,22,12,11,2,8,74.102209,0.9101259803,587859,125970,0
e6_ablacion_podas,bt,cpp_sin_opt,aleatoria,22,12,11,2,9,74.937,0.9101259803,587859,125970,0
e6_ablacion_podas,bt,cpp_sin_opt,aleatoria,22,12,11,2,10,79.245583,0.9101259803,587859,125970,0
e6_ablacion_podas,bt,cpp_sin_fact,aleatoria,22,12,11,0,1,0.057084,0.7837510383,397,0,137
e6_ablacion_podas,bt,cpp_sin_fact,aleatoria,22,12,11,0,2,0.064958,0.7837510383,397,0,137
e6_ablacion_podas,bt,cpp_sin_fact,aleatoria,22,12,11,0,3,0.065167,0.7837510383,397,0,137
e6_ablacion_podas,bt,cpp_sin_fact,aleatoria,22,12,11,0,4,0.056917,0.7837510383,397,0,137
e6_ablacion_podas,bt,cpp_sin_fact,aleatoria,22,12,11,0,5,0.065042,0.7837510383,397,0,137
e6_ablacion_podas,bt,cpp_sin_fact,aleatoria,22,12,11,0,6,0.056708,0.7837510383,397,0,137
e6_ablacion_podas,bt,cpp_sin_fact,aleatoria,22,12,11,0,7,0.057917,0.7837510383,397,0,137
e6_ablacion_podas,bt,cpp_sin_fact,aleatoria,22,12,11,0,8,0.056708,0.7837510383,397,0,137
e6_ablacion_podas,bt,cpp_sin_fact,aleatoria,22,12,11,0,9,0.0575,0.7837510383,397,0,137
e6_ablacion_podas,bt,cpp_sin_fact,aleatoria,22,12,11,0,10,0.056583,0.7837510383,397,0,137
e6_ablacion_podas,bt,cpp_sin_fact,aleatoria,22,12,11,1,1,0.108417,0.7273850975,747,0,214
e6_ablacion_podas,bt,cpp_sin_fact,aleatoria,22,12,11,1,2,0.110625,0.7273850975,747,0,214
e6_ablacion_podas,bt,cpp_sin_fact,aleatoria,22,12,11,1,3,0.123167,0.7273850975,747,0,214
e6_ablacion_podas,bt,cpp_sin_fact,aleatoria,22,12,11,1,4,0.113459,0.7273850975,747,0,214
e6_ablacion_podas,bt,cpp_sin_fact,aleatoria,22,12,11,1,5,0.108375,0.7273850975,747,0,214
e6_ablacion_podas,bt,cpp_sin_fact,aleatoria,22,12,11,1,6,0.111208,0.7273850975,747,0,214
e6_ablacion_podas,bt,cpp_sin_fact,aleatoria,22,12,11,1,7,0.109,0.7273850975,747,0,214
e6_ablacion_podas,bt,cpp_sin_fact,aleatoria,22,12,11,1,8,0.108,0.7273850975,747,0,214
e6_ablacion_podas,bt,cpp_sin_fact,aleatoria,22,12,11,1,9,0.108459,0.7273850975,747,0,214
e6_ablacion_podas,bt,cpp_sin_fact,aleatoria,22,12,11,1,10,0.109,0.7273850975,747,0,214
e6_ablacion_podas,bt,cpp_sin_fact,aleatoria,22,12,11,2,1,0.167459,0.9101259803,1117,0,390
e6_ablacion_podas,bt,cpp_sin_fact,aleatoria,22,12,11,2,2,0.159667,0.9101259803,1117,0,390
e6_ablacion_podas,bt,cpp_sin_fact,aleatoria,22,12,11,2,3,0.159042,0.9101259803,1117,0,390
e6_ablacion_podas,bt,cpp_sin_fact,aleatoria,22,12,11,2,4,0.15875,0.9101259803,1117,0,390
e6_ablacion_podas,bt,cpp_sin_fact,aleatoria,22,12,11,2,5,0.157125,0.9101259803,1117,0,390
e6_ablacion_podas,bt,cpp_sin_fact,aleatoria,22,12,11,2,6,0.182708,0.9101259803,1117,0,390
e6_ablacion_podas,bt,cpp_sin_fact,aleatoria,22,12,11,2,7,0.158709,0.9101259803,1117,0,390
e6_ablacion_podas,bt,cpp_sin_fact,aleatoria,22,12,11,2,8,0.159666,0.9101259803,1117,0,390
e6_ablacion_podas,bt,cpp_sin_fact,aleatoria,22,12,11,2,9,0.161625,0.9101259803,1117,0,390
e6_ablacion_podas,bt,cpp_sin_fact,aleatoria,22,12,11,2,10,0.156041,0.9101259803,1117,0,390
e6_ablacion_podas,bt,cpp_sin_podas,aleatoria,22,12,11,0,1,99.3815,0.7837510383,863819,0,0
e6_ablacion_podas,bt,cpp_sin_podas,aleatoria,22,12,11,0,2,100.397666,0.7837510383,863819,0,0
e6_ablacion_podas,bt,cpp_sin_podas,aleatoria,22,12,11,0,3,99.336916,0.7837510383,863819,0,0
e6_ablacion_podas,bt,cpp_sin_podas,aleatoria,22,12,11,0,4,99.960792,0.7837510383,863819,0,0
e6_ablacion_podas,bt,cpp_sin_podas,aleatoria,22,12,11,0,5,99.472292,0.7837510383,863819,0,0
e6_ablacion_podas,bt,cpp_sin_podas,aleatoria,22,12,11,0,6,104.852958,0.7837510383,863819,0,0
e6_ablacion_podas,bt,cpp_sin_podas,aleatoria,22,12,11,0,7,99.596916,0.7837510383,863819,0,0
e6_ablacion_podas,bt,cpp_sin_podas,aleatoria,22,12,11,0,8,101.742292,0.7837510383,863819,0,0
e6_ablacion_podas,bt,cpp_sin_podas,aleatoria,22,12,11,0,9,100.092833,0.7837510383,863819,0,0
e6_ablacion_podas,bt,cpp_sin_podas,aleatoria,22,12,11,0,10,98.909875,0.7837510383,863819,0,0
e6_ablacion_podas,bt,cpp_sin_podas,aleatoria,22,12,11,1,1,106.925458,0.7273850975,863819,0,0
e6_ablacion_podas,bt,cpp_sin_podas,aleatoria,22,12,11,1,2,106.331542,0.7273850975,863819,0,0
e6_ablacion_podas,bt,cpp_sin_podas,aleatoria,22,12,11,1,3,99.505,0.7273850975,863819,0,0
e6_ablacion_podas,bt,cpp_sin_podas,aleatoria,22,12,11,1,4,100.294333,0.7273850975,863819,0,0
e6_ablacion_podas,bt,cpp_sin_podas,aleatoria,22,12,11,1,5,99.663292,0.7273850975,863819,0,0
e6_ablacion_podas,bt,cpp_sin_podas,aleatoria,22,12,11,1,6,99.32675,0.7273850975,863819,0,0
e6_ablacion_podas,bt,cpp_sin_podas,aleatoria,22,12,11,1,7,101.620208,0.7273850975,863819,0,0
e6_ablacion_podas,bt,cpp_sin_podas,aleatoria,22,12,11,1,8,104.452,0.7273850975,863819,0,0
e6_ablacion_podas,bt,cpp_sin_podas,aleatoria,22,12,11,1,9,98.959584,0.7273850975,863819,0,0
e6_ablacion_podas,bt,cpp_sin_podas,aleatoria,22,12,11,1,10,99.525292,0.7273850975,863819,0,0
e6_ablacion_podas,bt,cpp_sin_podas,aleatoria,22,12,11,2,1,103.737833,0.9101259803,863819,0,0
e6_ablacion_podas,bt,cpp_sin_podas,aleatoria,22,12,11,2,2,99.609125,0.9101259803,863819,0,0
e6_ablacion_podas,bt,cpp_sin_podas,aleatoria,22,12,11,2,3,99.6545,0.9101259803,863819,0,0
e6_ablacion_podas,bt,cpp_sin_podas,aleatoria,22,12,11,2,4,117.603709,0.9101259803,863819,0,0
e6_ablacion_podas,bt,cpp_sin_podas,aleatoria,22,12,11,2,5,99.498042,0.9101259803,863819,0,0
e6_ablacion_podas,bt,cpp_sin_podas,aleatoria,22,12,11,2,6,100.913834,0.9101259803,863819,0,0
e6_ablacion_podas,bt,cpp_sin_podas,aleatoria,22,12,11,2,7,101.133834,0.9101259803,863819,0,0
e6_ablacion_podas,bt,cpp_sin_podas,aleatoria,22,12,11,2,8,100.523125,0.9101259803,863819,0,0
e6_ablacion_podas,bt,cpp_sin_podas,aleatoria,22,12,11,2,9,100.728375,0.9101259803,863819,0,0
e6_ablacion_podas,bt,cpp_sin_podas,aleatoria,22,12,11,2,10,107.379875,0.9101259803,863819,0,0
e6_ablacion_podas,fb,cpp,aleatoria,22,12,11,0,1,104.565916,0.7837510383,863819,0,0
e6_ablacion_podas,fb,cpp,aleatoria,22,12,11,0,2,99.792833,0.7837510383,863819,0,0
e6_ablacion_podas,fb,cpp,aleatoria,22,12,11,0,3,100.633,0.7837510383,863819,0,0
e6_ablacion_podas,fb,cpp,aleatoria,22,12,11,0,4,100.652667,0.7837510383,863819,0,0
e6_ablacion_podas,fb,cpp,aleatoria,22,12,11,0,5,100.242792,0.7837510383,863819,0,0
e6_ablacion_podas,fb,cpp,aleatoria,22,12,11,0,6,102.794833,0.7837510383,863819,0,0
e6_ablacion_podas,fb,cpp,aleatoria,22,12,11,0,7,103.999041,0.7837510383,863819,0,0
e6_ablacion_podas,fb,cpp,aleatoria,22,12,11,0,8,100.058,0.7837510383,863819,0,0
e6_ablacion_podas,fb,cpp,aleatoria,22,12,11,0,9,99.773708,0.7837510383,863819,0,0
e6_ablacion_podas,fb,cpp,aleatoria,22,12,11,0,10,100.034917,0.7837510383,863819,0,0
e6_ablacion_podas,fb,cpp,aleatoria,22,12,11,1,1,99.849292,0.7273850975,863819,0,0
e6_ablacion_podas,fb,cpp,aleatoria,22,12,11,1,2,105.06575,0.7273850975,863819,0,0
e6_ablacion_podas,fb,cpp,aleatoria,22,12,11,1,3,101.509292,0.7273850975,863819,0,0
e6_ablacion_podas,fb,cpp,aleatoria,22,12,11,1,4,100.920333,0.7273850975,863819,0,0
e6_ablacion_podas,fb,cpp,aleatoria,22,12,11,1,5,99.688625,0.7273850975,863819,0,0
e6_ablacion_podas,fb,cpp,aleatoria,22,12,11,1,6,104.724583,0.7273850975,863819,0,0
e6_ablacion_podas,fb,cpp,aleatoria,22,12,11,1,7,100.238667,0.7273850975,863819,0,0
e6_ablacion_podas,fb,cpp,aleatoria,22,12,11,1,8,100.336292,0.7273850975,863819,0,0
e6_ablacion_podas,fb,cpp,aleatoria,22,12,11,1,9,100.807208,0.7273850975,863819,0,0
e6_ablacion_podas,fb,cpp,aleatoria,22,12,11,1,10,103.436,0.7273850975,863819,0,0
e6_ablacion_podas,fb,cpp,aleatoria,22,12,11,2,1,106.315291,0.9101259803,863819,0,0
e6_ablacion_podas,fb,cpp,aleatoria,22,12,11,2,2,104.1675,0.9101259803,863819,0,0
e6_ablacion_podas,fb,cpp,aleatoria,22,12,11,2,3,113.850292,0.9101259803,863819,0,0
e6_ablacion_podas,fb,cpp,aleatoria,22,12,11,2,4,102.4015,0.9101259803,863819,0,0
e6_ablacion_podas,fb,cpp,aleatoria,22,12,11,2,5,100.125333,0.9101259803,863819,0,0
e6_ablacion_podas,fb,cpp,aleatoria,22,12,11,2,6,102.777709,0.9101259803,863819,0,0
e6_ablacion_podas,fb,cpp,aleatoria,22,12,11,2,7,100.780333,0.9101259803,863819,0,0
e6_ablacion_podas,fb,cpp,aleatoria,22,12,11,2,8,101.280291,0.9101259803,863819,0,0
e6_ablacion_podas,fb,cpp,aleatoria,22,12,11,2,9,101.792958,0.9101259803,863819,0,0
e6_ablacion_podas,fb,cpp,aleatoria,22,12,11,2,10,101.082708,0.9101259803,863819,0,0
e6_ablacion_podas,bt,cpp_ambas,aleatoria,24,12,12,0,1,0.123541,1.060278397,845,57,297
e6_ablacion_podas,bt,cpp_ambas,aleatoria,24,12,12,0,2,0.147458,1.060278397,845,57,297
e6_ablacion_podas,bt,cpp_ambas,aleatoria,24,12,12,0,3,0.123209,1.060278397,845,57,297
e6_ablacion_podas,bt,cpp_ambas,aleatoria,24,12,12,0,4,0.124125,1.060278397,845,57,297
e6_ablacion_podas,bt,cpp_ambas,aleatoria,24,12,12,0,5,0.123583,1.060278397,845,57,297
e6_ablacion_podas,bt,cpp_ambas,aleatoria,24,12,12,0,6,0.127041,1.060278397,845,57,297
e6_ablacion_podas,bt,cpp_ambas,aleatoria,24,12,12,0,7,0.13525,1.060278397,845,57,297
e6_ablacion_podas,bt,cpp_ambas,aleatoria,24,12,12,0,8,0.123458,1.060278397,845,57,297
e6_ablacion_podas,bt,cpp_ambas,aleatoria,24,12,12,0,9,0.121875,1.060278397,845,57,297
e6_ablacion_podas,bt,cpp_ambas,aleatoria,24,12,12,0,10,0.123542,1.060278397,845,57,297
e6_ablacion_podas,bt,cpp_ambas,aleatoria,24,12,12,1,1,0.226958,0.9917728571,1523,116,454
e6_ablacion_podas,bt,cpp_ambas,aleatoria,24,12,12,1,2,0.2575,0.9917728571,1523,116,454
e6_ablacion_podas,bt,cpp_ambas,aleatoria,24,12,12,1,3,0.228292,0.9917728571,1523,116,454
e6_ablacion_podas,bt,cpp_ambas,aleatoria,24,12,12,1,4,0.226875,0.9917728571,1523,116,454
e6_ablacion_podas,bt,cpp_ambas,aleatoria,24,12,12,1,5,0.248583,0.9917728571,1523,116,454
e6_ablacion_podas,bt,cpp_ambas,aleatoria,24,12,12,1,6,0.226542,0.9917728571,1523,116,454
e6_ablacion_podas,bt,cpp_ambas,aleatoria,24,12,12,1,7,0.240083,0.9917728571,1523,116,454
e6_ablacion_podas,bt,cpp_ambas,aleatoria,24,12,12,1,8,0.226584,0.9917728571,1523,116,454
e6_ablacion_podas,bt,cpp_ambas,aleatoria,24,12,12,1,9,0.237583,0.9917728571,1523,116,454
e6_ablacion_podas,bt,cpp_ambas,aleatoria,24,12,12,1,10,0.227333,0.9917728571,1523,116,454
e6_ablacion_podas,bt,cpp_ambas,aleatoria,24,12,12,2,1,0.066083,0.8702192712,429,17,173
e6_ablacion_podas,bt,cpp_ambas,aleatoria,24,12,12,2,2,0.063,0.8702192712,429,17,173
e6_ablacion_podas,bt,cpp_ambas,aleatoria,24,12,12,2,3,0.070958,0.8702192712,429,17,173
e6_ablacion_podas,bt,cpp_ambas,aleatoria,24,12,12,2,4,0.0655,0.8702192712,429,17,173
e6_ablacion_podas,bt,cpp_ambas,aleatoria,24,12,12,2,5,0.062166,0.8702192712,429,17,173
e6_ablacion_podas,bt,cpp_ambas,aleatoria,24,12,12,2,6,0.06325,0.8702192712,429,17,173
e6_ablacion_podas,bt,cpp_ambas,aleatoria,24,12,12,2,7,0.071709,0.8702192712,429,17,173
e6_ablacion_podas,bt,cpp_ambas,aleatoria,24,12,12,2,8,0.064542,0.8702192712,429,17,173
e6_ablacion_podas,bt,cpp_ambas,aleatoria,24,12,12,2,9,0.063209,0.8702192712,429,17,173
e6_ablacion_podas,bt,cpp_ambas,aleatoria,24,12,12,2,10,0.061,0.8702192712,429,17,173
e6_ablacion_podas,bt,cpp_sin_opt,aleatoria,24,12,12,0,1,294.832708,1.060278397,2288131,497420,0
e6_ablacion_podas,bt,cpp_sin_opt,aleatoria,24,12,12,0,2,294.407625,1.060278397,2288131,497420,0
e6_ablacion_podas,bt,cpp_sin_opt,aleatoria,24,12,12,0,3,293.017916,1.060278397,2288131,497420,0
e6_ablacion_podas,bt,cpp_sin_opt,aleatoria,24,12,12,0,4,293.389625,1.060278397,2288131,497420,0
e6_ablacion_podas,bt,cpp_sin_opt,aleatoria,24,12,12,0,5,295.143792,1.060278397,2288131,497420,0
e6_ablacion_podas,bt,cpp_sin_opt,aleatoria,24,12,12,0,6,293.341666,1.060278397,2288131,497420,0
e6_ablacion_podas,bt,cpp_sin_opt,aleatoria,24,12,12,0,7,295.508583,1.060278397,2288131,497420,0
e6_ablacion_podas,bt,cpp_sin_opt,aleatoria,24,12,12,0,8,298.528625,1.060278397,2288131,497420,0
e6_ablacion_podas,bt,cpp_sin_opt,aleatoria,24,12,12,0,9,293.271542,1.060278397,2288131,497420,0
e6_ablacion_podas,bt,cpp_sin_opt,aleatoria,24,12,12,0,10,291.160791,1.060278397,2288131,497420,0
e6_ablacion_podas,bt,cpp_sin_opt,aleatoria,24,12,12,1,1,292.939292,0.9917728571,2288131,497420,0
e6_ablacion_podas,bt,cpp_sin_opt,aleatoria,24,12,12,1,2,295.146,0.9917728571,2288131,497420,0
e6_ablacion_podas,bt,cpp_sin_opt,aleatoria,24,12,12,1,3,294.233959,0.9917728571,2288131,497420,0
e6_ablacion_podas,bt,cpp_sin_opt,aleatoria,24,12,12,1,4,300.185667,0.9917728571,2288131,497420,0
e6_ablacion_podas,bt,cpp_sin_opt,aleatoria,24,12,12,1,5,294.730292,0.9917728571,2288131,497420,0
e6_ablacion_podas,bt,cpp_sin_opt,aleatoria,24,12,12,1,6,295.607708,0.9917728571,2288131,497420,0
e6_ablacion_podas,bt,cpp_sin_opt,aleatoria,24,12,12,1,7,297.729125,0.9917728571,2288131,497420,0
e6_ablacion_podas,bt,cpp_sin_opt,aleatoria,24,12,12,1,8,296.033833,0.9917728571,2288131,497420,0
e6_ablacion_podas,bt,cpp_sin_opt,aleatoria,24,12,12,1,9,296.104625,0.9917728571,2288131,497420,0
e6_ablacion_podas,bt,cpp_sin_opt,aleatoria,24,12,12,1,10,296.770333,0.9917728571,2288131,497420,0
e6_ablacion_podas,bt,cpp_sin_opt,aleatoria,24,12,12,2,1,300.31625,0.8702192712,2288131,497420,0
e6_ablacion_podas,bt,cpp_sin_opt,aleatoria,24,12,12,2,2,295.521666,0.8702192712,2288131,497420,0
e6_ablacion_podas,bt,cpp_sin_opt,aleatoria,24,12,12,2,3,309.843916,0.8702192712,2288131,497420,0
e6_ablacion_podas,bt,cpp_sin_opt,aleatoria,24,12,12,2,4,293.752584,0.8702192712,2288131,497420,0
e6_ablacion_podas,bt,cpp_sin_opt,aleatoria,24,12,12,2,5,296.26725,0.8702192712,2288131,497420,0
e6_ablacion_podas,bt,cpp_sin_opt,aleatoria,24,12,12,2,6,302.231584,0.8702192712,2288131,497420,0
e6_ablacion_podas,bt,cpp_sin_opt,aleatoria,24,12,12,2,7,310.212625,0.8702192712,2288131,497420,0
e6_ablacion_podas,bt,cpp_sin_opt,aleatoria,24,12,12,2,8,308.069667,0.8702192712,2288131,497420,0
e6_ablacion_podas,bt,cpp_sin_opt,aleatoria,24,12,12,2,9,299.260334,0.8702192712,2288131,497420,0
e6_ablacion_podas,bt,cpp_sin_opt,aleatoria,24,12,12,2,10,296.797041,0.8702192712,2288131,497420,0
e6_ablacion_podas,bt,cpp_sin_fact,aleatoria,24,12,12,0,1,0.173083,1.060278397,1185,0,463
e6_ablacion_podas,bt,cpp_sin_fact,aleatoria,24,12,12,0,2,0.169375,1.060278397,1185,0,463
e6_ablacion_podas,bt,cpp_sin_fact,aleatoria,24,12,12,0,3,0.173209,1.060278397,1185,0,463
e6_ablacion_podas,bt,cpp_sin_fact,aleatoria,24,12,12,0,4,0.169042,1.060278397,1185,0,463
e6_ablacion_podas,bt,cpp_sin_fact,aleatoria,24,12,12,0,5,0.1765,1.060278397,1185,0,463
e6_ablacion_podas,bt,cpp_sin_fact,aleatoria,24,12,12,0,6,0.1695,1.060278397,1185,0,463
e6_ablacion_podas,bt,cpp_sin_fact,aleatoria,24,12,12,0,7,0.183333,1.060278397,1185,0,463
e6_ablacion_podas,bt,cpp_sin_fact,aleatoria,24,12,12,0,8,0.1695,1.060278397,1185,0,463
e6_ablacion_podas,bt,cpp_sin_fact,aleatoria,24,12,12,0,9,0.176584,1.060278397,1185,0,463
e6_ablacion_podas,bt,cpp_sin_fact,aleatoria,24,12,12,0,10,0.182917,1.060278397,1185,0,463
e6_ablacion_podas,bt,cpp_sin_fact,aleatoria,24,12,12,1,1,0.370083,0.9917728571,1969,0,677
e6_ablacion_podas,bt,cpp_sin_fact,aleatoria,24,12,12,1,2,0.29075,0.9917728571,1969,0,677
e6_ablacion_podas,bt,cpp_sin_fact,aleatoria,24,12,12,1,3,0.296667,0.9917728571,1969,0,677
e6_ablacion_podas,bt,cpp_sin_fact,aleatoria,24,12,12,1,4,0.303042,0.9917728571,1969,0,677
e6_ablacion_podas,bt,cpp_sin_fact,aleatoria,24,12,12,1,5,0.292,0.9917728571,1969,0,677
e6_ablacion_podas,bt,cpp_sin_fact,aleatoria,24,12,12,1,6,0.288875,0.9917728571,1969,0,677
e6_ablacion_podas,bt,cpp_sin_fact,aleatoria,24,12,12,1,7,0.32125,0.9917728571,1969,0,677
e6_ablacion_podas,bt,cpp_sin_fact,aleatoria,24,12,12,1,8,0.28875,0.9917728571,1969,0,677
e6_ablacion_podas,bt,cpp_sin_fact,aleatoria,24,12,12,1,9,0.289625,0.9917728571,1969,0,677
e6_ablacion_podas,bt,cpp_sin_fact,aleatoria,24,12,12,1,10,0.318792,0.9917728571,1969,0,677
e6_ablacion_podas,bt,cpp_sin_fact,aleatoria,24,12,12,2,1,0.077584,0.8702192712,561,0,239
e6_ablacion_podas,bt,cpp_sin_fact,aleatoria,24,12,12,2,2,0.082083,0.8702192712,561,0,239
e6_ablacion_podas,bt,cpp_sin_fact,aleatoria,24,12,12,2,3,0.088666,0.8702192712,561,0,239
e6_ablacion_podas,bt,cpp_sin_fact,aleatoria,24,12,12,2,4,0.078042,0.8702192712,561,0,239
e6_ablacion_podas,bt,cpp_sin_fact,aleatoria,24,12,12,2,5,0.07875,0.8702192712,561,0,239
e6_ablacion_podas,bt,cpp_sin_fact,aleatoria,24,12,12,2,6,0.07825,0.8702192712,561,0,239
e6_ablacion_podas,bt,cpp_sin_fact,aleatoria,24,12,12,2,7,0.078375,0.8702192712,561,0,239
e6_ablacion_podas,bt,cpp_sin_fact,aleatoria,24,12,12,2,8,0.079583,0.8702192712,561,0,239
e6_ablacion_podas,bt,cpp_sin_fact,aleatoria,24,12,12,2,9,0.07925,0.8702192712,561,0,239
e6_ablacion_podas,bt,cpp_sin_fact,aleatoria,24,12,12,2,10,0.079625,0.8702192712,561,0,239
e6_ablacion_podas,bt,cpp_sin_podas,aleatoria,24,12,12,0,1,418.56275,1.060278397,3488871,0,0
e6_ablacion_podas,bt,cpp_sin_podas,aleatoria,24,12,12,0,2,411.212458,1.060278397,3488871,0,0
e6_ablacion_podas,bt,cpp_sin_podas,aleatoria,24,12,12,0,3,407.270834,1.060278397,3488871,0,0
e6_ablacion_podas,bt,cpp_sin_podas,aleatoria,24,12,12,0,4,407.669917,1.060278397,3488871,0,0
e6_ablacion_podas,bt,cpp_sin_podas,aleatoria,24,12,12,0,5,415.109333,1.060278397,3488871,0,0
e6_ablacion_podas,bt,cpp_sin_podas,aleatoria,24,12,12,0,6,410.506958,1.060278397,3488871,0,0
e6_ablacion_podas,bt,cpp_sin_podas,aleatoria,24,12,12,0,7,417.656917,1.060278397,3488871,0,0
e6_ablacion_podas,bt,cpp_sin_podas,aleatoria,24,12,12,0,8,413.060625,1.060278397,3488871,0,0
e6_ablacion_podas,bt,cpp_sin_podas,aleatoria,24,12,12,0,9,415.314291,1.060278397,3488871,0,0
e6_ablacion_podas,bt,cpp_sin_podas,aleatoria,24,12,12,0,10,411.522041,1.060278397,3488871,0,0
e6_ablacion_podas,bt,cpp_sin_podas,aleatoria,24,12,12,1,1,425.726667,0.9917728571,3488871,0,0
e6_ablacion_podas,bt,cpp_sin_podas,aleatoria,24,12,12,1,2,409.454709,0.9917728571,3488871,0,0
e6_ablacion_podas,bt,cpp_sin_podas,aleatoria,24,12,12,1,3,420.759625,0.9917728571,3488871,0,0
e6_ablacion_podas,bt,cpp_sin_podas,aleatoria,24,12,12,1,4,418.301208,0.9917728571,3488871,0,0
e6_ablacion_podas,bt,cpp_sin_podas,aleatoria,24,12,12,1,5,409.373542,0.9917728571,3488871,0,0
e6_ablacion_podas,bt,cpp_sin_podas,aleatoria,24,12,12,1,6,410.067458,0.9917728571,3488871,0,0
e6_ablacion_podas,bt,cpp_sin_podas,aleatoria,24,12,12,1,7,417.554833,0.9917728571,3488871,0,0
e6_ablacion_podas,bt,cpp_sin_podas,aleatoria,24,12,12,1,8,409.685917,0.9917728571,3488871,0,0
e6_ablacion_podas,bt,cpp_sin_podas,aleatoria,24,12,12,1,9,412.185709,0.9917728571,3488871,0,0
e6_ablacion_podas,bt,cpp_sin_podas,aleatoria,24,12,12,1,10,410.487125,0.9917728571,3488871,0,0
e6_ablacion_podas,bt,cpp_sin_podas,aleatoria,24,12,12,2,1,411.711583,0.8702192712,3488871,0,0
e6_ablacion_podas,bt,cpp_sin_podas,aleatoria,24,12,12,2,2,412.054792,0.8702192712,3488871,0,0
e6_ablacion_podas,bt,cpp_sin_podas,aleatoria,24,12,12,2,3,413.218416,0.8702192712,3488871,0,0
e6_ablacion_podas,bt,cpp_sin_podas,aleatoria,24,12,12,2,4,413.388291,0.8702192712,3488871,0,0
e6_ablacion_podas,bt,cpp_sin_podas,aleatoria,24,12,12,2,5,416.604875,0.8702192712,3488871,0,0
e6_ablacion_podas,bt,cpp_sin_podas,aleatoria,24,12,12,2,6,409.458833,0.8702192712,3488871,0,0
e6_ablacion_podas,bt,cpp_sin_podas,aleatoria,24,12,12,2,7,413.2235,0.8702192712,3488871,0,0
e6_ablacion_podas,bt,cpp_sin_podas,aleatoria,24,12,12,2,8,410.689,0.8702192712,3488871,0,0
e6_ablacion_podas,bt,cpp_sin_podas,aleatoria,24,12,12,2,9,410.668375,0.8702192712,3488871,0,0
e6_ablacion_podas,bt,cpp_sin_podas,aleatoria,24,12,12,2,10,410.317833,0.8702192712,3488871,0,0
e6_ablacion_podas,fb,cpp,aleatoria,24,12,12,0,1,418.312,1.060278397,3488871,0,0
e6_ablacion_podas,fb,cpp,aleatoria,24,12,12,0,2,414.326917,1.060278397,3488871,0,0
e6_ablacion_podas,fb,cpp,aleatoria,24,12,12,0,3,411.169042,1.060278397,3488871,0,0
e6_ablacion_podas,fb,cpp,aleatoria,24,12,12,0,4,411.526959,1.060278397,3488871,0,0
e6_ablacion_podas,fb,cpp,aleatoria,24,12,12,0,5,411.161958,1.060278397,3488871,0,0
e6_ablacion_podas,fb,cpp,aleatoria,24,12,12,0,6,413.211375,1.060278397,3488871,0,0
e6_ablacion_podas,fb,cpp,aleatoria,24,12,12,0,7,411.529417,1.060278397,3488871,0,0
e6_ablacion_podas,fb,cpp,aleatoria,24,12,12,0,8,432.672959,1.060278397,3488871,0,0
e6_ablacion_podas,fb,cpp,aleatoria,24,12,12,0,9,416.4555,1.060278397,3488871,0,0
e6_ablacion_podas,fb,cpp,aleatoria,24,12,12,0,10,424.340292,1.060278397,3488871,0,0
e6_ablacion_podas,fb,cpp,aleatoria,24,12,12,1,1,414.966042,0.9917728571,3488871,0,0
e6_ablacion_podas,fb,cpp,aleatoria,24,12,12,1,2,413.704166,0.9917728571,3488871,0,0
e6_ablacion_podas,fb,cpp,aleatoria,24,12,12,1,3,417.907,0.9917728571,3488871,0,0
e6_ablacion_podas,fb,cpp,aleatoria,24,12,12,1,4,416.142708,0.9917728571,3488871,0,0
e6_ablacion_podas,fb,cpp,aleatoria,24,12,12,1,5,414.822084,0.9917728571,3488871,0,0
e6_ablacion_podas,fb,cpp,aleatoria,24,12,12,1,6,426.631,0.9917728571,3488871,0,0
e6_ablacion_podas,fb,cpp,aleatoria,24,12,12,1,7,414.352875,0.9917728571,3488871,0,0
e6_ablacion_podas,fb,cpp,aleatoria,24,12,12,1,8,422.904583,0.9917728571,3488871,0,0
e6_ablacion_podas,fb,cpp,aleatoria,24,12,12,1,9,422.631709,0.9917728571,3488871,0,0
e6_ablacion_podas,fb,cpp,aleatoria,24,12,12,1,10,412.262,0.9917728571,3488871,0,0
e6_ablacion_podas,fb,cpp,aleatoria,24,12,12,2,1,413.980666,0.8702192712,3488871,0,0
e6_ablacion_podas,fb,cpp,aleatoria,24,12,12,2,2,419.297708,0.8702192712,3488871,0,0
e6_ablacion_podas,fb,cpp,aleatoria,24,12,12,2,3,412.810667,0.8702192712,3488871,0,0
e6_ablacion_podas,fb,cpp,aleatoria,24,12,12,2,4,422.738,0.8702192712,3488871,0,0
e6_ablacion_podas,fb,cpp,aleatoria,24,12,12,2,5,414.334125,0.8702192712,3488871,0,0
e6_ablacion_podas,fb,cpp,aleatoria,24,12,12,2,6,414.6575,0.8702192712,3488871,0,0
e6_ablacion_podas,fb,cpp,aleatoria,24,12,12,2,7,411.833375,0.8702192712,3488871,0,0
e6_ablacion_podas,fb,cpp,aleatoria,24,12,12,2,8,417.873541,0.8702192712,3488871,0,0
e6_ablacion_podas,fb,cpp,aleatoria,24,12,12,2,9,417.529834,0.8702192712,3488871,0,0
e6_ablacion_podas,fb,cpp,aleatoria,24,12,12,2,10,424.847167,0.8702192712,3488871,0,0
e6_ablacion_podas,bt,cpp_ambas,estructurada,12,12,6,0,1,0.003042,0.0,9,0,4
e6_ablacion_podas,bt,cpp_ambas,estructurada,12,12,6,0,2,0.00275,0.0,9,0,4
e6_ablacion_podas,bt,cpp_ambas,estructurada,12,12,6,0,3,0.002708,0.0,9,0,4
e6_ablacion_podas,bt,cpp_ambas,estructurada,12,12,6,0,4,0.002667,0.0,9,0,4
e6_ablacion_podas,bt,cpp_ambas,estructurada,12,12,6,0,5,0.00275,0.0,9,0,4
e6_ablacion_podas,bt,cpp_ambas,estructurada,12,12,6,0,6,0.002542,0.0,9,0,4
e6_ablacion_podas,bt,cpp_ambas,estructurada,12,12,6,0,7,0.002792,0.0,9,0,4
e6_ablacion_podas,bt,cpp_ambas,estructurada,12,12,6,0,8,0.0025,0.0,9,0,4
e6_ablacion_podas,bt,cpp_ambas,estructurada,12,12,6,0,9,0.002541,0.0,9,0,4
e6_ablacion_podas,bt,cpp_ambas,estructurada,12,12,6,0,10,0.002541,0.0,9,0,4
e6_ablacion_podas,bt,cpp_ambas,estructurada,12,12,6,1,1,0.002209,0.0,9,0,4
e6_ablacion_podas,bt,cpp_ambas,estructurada,12,12,6,1,2,0.002334,0.0,9,0,4
e6_ablacion_podas,bt,cpp_ambas,estructurada,12,12,6,1,3,0.002625,0.0,9,0,4
e6_ablacion_podas,bt,cpp_ambas,estructurada,12,12,6,1,4,0.002417,0.0,9,0,4
e6_ablacion_podas,bt,cpp_ambas,estructurada,12,12,6,1,5,0.002417,0.0,9,0,4
e6_ablacion_podas,bt,cpp_ambas,estructurada,12,12,6,1,6,0.002166,0.0,9,0,4
e6_ablacion_podas,bt,cpp_ambas,estructurada,12,12,6,1,7,0.002292,0.0,9,0,4
e6_ablacion_podas,bt,cpp_ambas,estructurada,12,12,6,1,8,0.002459,0.0,9,0,4
e6_ablacion_podas,bt,cpp_ambas,estructurada,12,12,6,1,9,0.002417,0.0,9,0,4
e6_ablacion_podas,bt,cpp_ambas,estructurada,12,12,6,1,10,0.002208,0.0,9,0,4
e6_ablacion_podas,bt,cpp_ambas,estructurada,12,12,6,2,1,0.002208,0.0,9,0,4
e6_ablacion_podas,bt,cpp_ambas,estructurada,12,12,6,2,2,0.002125,0.0,9,0,4
e6_ablacion_podas,bt,cpp_ambas,estructurada,12,12,6,2,3,0.002125,0.0,9,0,4
e6_ablacion_podas,bt,cpp_ambas,estructurada,12,12,6,2,4,0.00225,0.0,9,0,4
e6_ablacion_podas,bt,cpp_ambas,estructurada,12,12,6,2,5,0.002333,0.0,9,0,4
e6_ablacion_podas,bt,cpp_ambas,estructurada,12,12,6,2,6,0.003167,0.0,9,0,4
e6_ablacion_podas,bt,cpp_ambas,estructurada,12,12,6,2,7,0.002583,0.0,9,0,4
e6_ablacion_podas,bt,cpp_ambas,estructurada,12,12,6,2,8,0.002291,0.0,9,0,4
e6_ablacion_podas,bt,cpp_ambas,estructurada,12,12,6,2,9,0.002458,0.0,9,0,4
e6_ablacion_podas,bt,cpp_ambas,estructurada,12,12,6,2,10,0.00225,0.0,9,0,4
e6_ablacion_podas,bt,cpp_sin_opt,estructurada,12,12,6,0,1,0.096167,0.0,659,120,0
e6_ablacion_podas,bt,cpp_sin_opt,estructurada,12,12,6,0,2,0.08975,0.0,659,120,0
e6_ablacion_podas,bt,cpp_sin_opt,estructurada,12,12,6,0,3,0.09875,0.0,659,120,0
e6_ablacion_podas,bt,cpp_sin_opt,estructurada,12,12,6,0,4,0.084625,0.0,659,120,0
e6_ablacion_podas,bt,cpp_sin_opt,estructurada,12,12,6,0,5,0.089292,0.0,659,120,0
e6_ablacion_podas,bt,cpp_sin_opt,estructurada,12,12,6,0,6,0.085625,0.0,659,120,0
e6_ablacion_podas,bt,cpp_sin_opt,estructurada,12,12,6,0,7,0.087959,0.0,659,120,0
e6_ablacion_podas,bt,cpp_sin_opt,estructurada,12,12,6,0,8,0.083833,0.0,659,120,0
e6_ablacion_podas,bt,cpp_sin_opt,estructurada,12,12,6,0,9,0.083375,0.0,659,120,0
e6_ablacion_podas,bt,cpp_sin_opt,estructurada,12,12,6,0,10,0.084209,0.0,659,120,0
e6_ablacion_podas,bt,cpp_sin_opt,estructurada,12,12,6,1,1,0.093792,0.0,659,120,0
e6_ablacion_podas,bt,cpp_sin_opt,estructurada,12,12,6,1,2,0.082417,0.0,659,120,0
e6_ablacion_podas,bt,cpp_sin_opt,estructurada,12,12,6,1,3,0.082875,0.0,659,120,0
e6_ablacion_podas,bt,cpp_sin_opt,estructurada,12,12,6,1,4,0.082708,0.0,659,120,0
e6_ablacion_podas,bt,cpp_sin_opt,estructurada,12,12,6,1,5,0.083167,0.0,659,120,0
e6_ablacion_podas,bt,cpp_sin_opt,estructurada,12,12,6,1,6,0.09925,0.0,659,120,0
e6_ablacion_podas,bt,cpp_sin_opt,estructurada,12,12,6,1,7,0.082333,0.0,659,120,0
e6_ablacion_podas,bt,cpp_sin_opt,estructurada,12,12,6,1,8,0.082,0.0,659,120,0
e6_ablacion_podas,bt,cpp_sin_opt,estructurada,12,12,6,1,9,0.089583,0.0,659,120,0
e6_ablacion_podas,bt,cpp_sin_opt,estructurada,12,12,6,1,10,0.0825,0.0,659,120,0
e6_ablacion_podas,bt,cpp_sin_opt,estructurada,12,12,6,2,1,0.082291,0.0,659,120,0
e6_ablacion_podas,bt,cpp_sin_opt,estructurada,12,12,6,2,2,0.09325,0.0,659,120,0
e6_ablacion_podas,bt,cpp_sin_opt,estructurada,12,12,6,2,3,0.081542,0.0,659,120,0
e6_ablacion_podas,bt,cpp_sin_opt,estructurada,12,12,6,2,4,0.082042,0.0,659,120,0
e6_ablacion_podas,bt,cpp_sin_opt,estructurada,12,12,6,2,5,0.081584,0.0,659,120,0
e6_ablacion_podas,bt,cpp_sin_opt,estructurada,12,12,6,2,6,0.082209,0.0,659,120,0
e6_ablacion_podas,bt,cpp_sin_opt,estructurada,12,12,6,2,7,0.081917,0.0,659,120,0
e6_ablacion_podas,bt,cpp_sin_opt,estructurada,12,12,6,2,8,0.08175,0.0,659,120,0
e6_ablacion_podas,bt,cpp_sin_opt,estructurada,12,12,6,2,9,0.090084,0.0,659,120,0
e6_ablacion_podas,bt,cpp_sin_opt,estructurada,12,12,6,2,10,0.082583,0.0,659,120,0
e6_ablacion_podas,bt,cpp_sin_fact,estructurada,12,12,6,0,1,0.002292,0.0,9,0,4
e6_ablacion_podas,bt,cpp_sin_fact,estructurada,12,12,6,0,2,0.00225,0.0,9,0,4
e6_ablacion_podas,bt,cpp_sin_fact,estructurada,12,12,6,0,3,0.0025,0.0,9,0,4
e6_ablacion_podas,bt,cpp_sin_fact,estructurada,12,12,6,0,4,0.002458,0.0,9,0,4
e6_ablacion_podas,bt,cpp_sin_fact,estructurada,12,12,6,0,5,0.002542,0.0,9,0,4
e6_ablacion_podas,bt,cpp_sin_fact,estructurada,12,12,6,0,6,0.002375,0.0,9,0,4
e6_ablacion_podas,bt,cpp_sin_fact,estructurada,12,12,6,0,7,0.00225,0.0,9,0,4
e6_ablacion_podas,bt,cpp_sin_fact,estructurada,12,12,6,0,8,0.002291,0.0,9,0,4
e6_ablacion_podas,bt,cpp_sin_fact,estructurada,12,12,6,0,9,0.002333,0.0,9,0,4
e6_ablacion_podas,bt,cpp_sin_fact,estructurada,12,12,6,0,10,0.005458,0.0,9,0,4
e6_ablacion_podas,bt,cpp_sin_fact,estructurada,12,12,6,1,1,0.00275,0.0,9,0,4
e6_ablacion_podas,bt,cpp_sin_fact,estructurada,12,12,6,1,2,0.002917,0.0,9,0,4
e6_ablacion_podas,bt,cpp_sin_fact,estructurada,12,12,6,1,3,0.002416,0.0,9,0,4
e6_ablacion_podas,bt,cpp_sin_fact,estructurada,12,12,6,1,4,0.002541,0.0,9,0,4
e6_ablacion_podas,bt,cpp_sin_fact,estructurada,12,12,6,1,5,0.002292,0.0,9,0,4
e6_ablacion_podas,bt,cpp_sin_fact,estructurada,12,12,6,1,6,0.002333,0.0,9,0,4
e6_ablacion_podas,bt,cpp_sin_fact,estructurada,12,12,6,1,7,0.002333,0.0,9,0,4
e6_ablacion_podas,bt,cpp_sin_fact,estructurada,12,12,6,1,8,0.002459,0.0,9,0,4
e6_ablacion_podas,bt,cpp_sin_fact,estructurada,12,12,6,1,9,0.002291,0.0,9,0,4
e6_ablacion_podas,bt,cpp_sin_fact,estructurada,12,12,6,1,10,0.002208,0.0,9,0,4
e6_ablacion_podas,bt,cpp_sin_fact,estructurada,12,12,6,2,1,0.002334,0.0,9,0,4
e6_ablacion_podas,bt,cpp_sin_fact,estructurada,12,12,6,2,2,0.002334,0.0,9,0,4
e6_ablacion_podas,bt,cpp_sin_fact,estructurada,12,12,6,2,3,0.002209,0.0,9,0,4
e6_ablacion_podas,bt,cpp_sin_fact,estructurada,12,12,6,2,4,0.002041,0.0,9,0,4
e6_ablacion_podas,bt,cpp_sin_fact,estructurada,12,12,6,2,5,0.00225,0.0,9,0,4
e6_ablacion_podas,bt,cpp_sin_fact,estructurada,12,12,6,2,6,0.0035,0.0,9,0,4
e6_ablacion_podas,bt,cpp_sin_fact,estructurada,12,12,6,2,7,0.002625,0.0,9,0,4
e6_ablacion_podas,bt,cpp_sin_fact,estructurada,12,12,6,2,8,0.0025,0.0,9,0,4
e6_ablacion_podas,bt,cpp_sin_fact,estructurada,12,12,6,2,9,0.002209,0.0,9,0,4
e6_ablacion_podas,bt,cpp_sin_fact,estructurada,12,12,6,2,10,0.002083,0.0,9,0,4
e6_ablacion_podas,bt,cpp_sin_podas,estructurada,12,12,6,0,1,0.093292,0.0,771,0,0
e6_ablacion_podas,bt,cpp_sin_podas,estructurada,12,12,6,0,2,0.100583,0.0,771,0,0
e6_ablacion_podas,bt,cpp_sin_podas,estructurada,12,12,6,0,3,0.109625,0.0,771,0,0
e6_ablacion_podas,bt,cpp_sin_podas,estructurada,12,12,6,0,4,0.092209,0.0,771,0,0
e6_ablacion_podas,bt,cpp_sin_podas,estructurada,12,12,6,0,5,0.098417,0.0,771,0,0
e6_ablacion_podas,bt,cpp_sin_podas,estructurada,12,12,6,0,6,0.091875,0.0,771,0,0
e6_ablacion_podas,bt,cpp_sin_podas,estructurada,12,12,6,0,7,0.088958,0.0,771,0,0
e6_ablacion_podas,bt,cpp_sin_podas,estructurada,12,12,6,0,8,0.091208,0.0,771,0,0
e6_ablacion_podas,bt,cpp_sin_podas,estructurada,12,12,6,0,9,0.097292,0.0,771,0,0
e6_ablacion_podas,bt,cpp_sin_podas,estructurada,12,12,6,0,10,0.098291,0.0,771,0,0
e6_ablacion_podas,bt,cpp_sin_podas,estructurada,12,12,6,1,1,0.091625,0.0,771,0,0
e6_ablacion_podas,bt,cpp_sin_podas,estructurada,12,12,6,1,2,0.091459,0.0,771,0,0
e6_ablacion_podas,bt,cpp_sin_podas,estructurada,12,12,6,1,3,0.098792,0.0,771,0,0
e6_ablacion_podas,bt,cpp_sin_podas,estructurada,12,12,6,1,4,0.091459,0.0,771,0,0
e6_ablacion_podas,bt,cpp_sin_podas,estructurada,12,12,6,1,5,0.103208,0.0,771,0,0
e6_ablacion_podas,bt,cpp_sin_podas,estructurada,12,12,6,1,6,0.107584,0.0,771,0,0
e6_ablacion_podas,bt,cpp_sin_podas,estructurada,12,12,6,1,7,0.091875,0.0,771,0,0
e6_ablacion_podas,bt,cpp_sin_podas,estructurada,12,12,6,1,8,0.101625,0.0,771,0,0
e6_ablacion_podas,bt,cpp_sin_podas,estructurada,12,12,6,1,9,0.092833,0.0,771,0,0
e6_ablacion_podas,bt,cpp_sin_podas,estructurada,12,12,6,1,10,0.105583,0.0,771,0,0
e6_ablacion_podas,bt,cpp_sin_podas,estructurada,12,12,6,2,1,0.099416,0.0,771,0,0
e6_ablacion_podas,bt,cpp_sin_podas,estructurada,12,12,6,2,2,0.113083,0.0,771,0,0
e6_ablacion_podas,bt,cpp_sin_podas,estructurada,12,12,6,2,3,0.091959,0.0,771,0,0
e6_ablacion_podas,bt,cpp_sin_podas,estructurada,12,12,6,2,4,0.092583,0.0,771,0,0
e6_ablacion_podas,bt,cpp_sin_podas,estructurada,12,12,6,2,5,0.098541,0.0,771,0,0
e6_ablacion_podas,bt,cpp_sin_podas,estructurada,12,12,6,2,6,0.097959,0.0,771,0,0
e6_ablacion_podas,bt,cpp_sin_podas,estructurada,12,12,6,2,7,0.097042,0.0,771,0,0
e6_ablacion_podas,bt,cpp_sin_podas,estructurada,12,12,6,2,8,0.098333,0.0,771,0,0
e6_ablacion_podas,bt,cpp_sin_podas,estructurada,12,12,6,2,9,0.099458,0.0,771,0,0
e6_ablacion_podas,bt,cpp_sin_podas,estructurada,12,12,6,2,10,0.098833,0.0,771,0,0
e6_ablacion_podas,fb,cpp,estructurada,12,12,6,0,1,0.099166,0.0,771,0,0
e6_ablacion_podas,fb,cpp,estructurada,12,12,6,0,2,0.099292,0.0,771,0,0
e6_ablacion_podas,fb,cpp,estructurada,12,12,6,0,3,0.092333,0.0,771,0,0
e6_ablacion_podas,fb,cpp,estructurada,12,12,6,0,4,0.098625,0.0,771,0,0
e6_ablacion_podas,fb,cpp,estructurada,12,12,6,0,5,0.097709,0.0,771,0,0
e6_ablacion_podas,fb,cpp,estructurada,12,12,6,0,6,0.113958,0.0,771,0,0
e6_ablacion_podas,fb,cpp,estructurada,12,12,6,0,7,0.09275,0.0,771,0,0
e6_ablacion_podas,fb,cpp,estructurada,12,12,6,0,8,0.091917,0.0,771,0,0
e6_ablacion_podas,fb,cpp,estructurada,12,12,6,0,9,0.109542,0.0,771,0,0
e6_ablacion_podas,fb,cpp,estructurada,12,12,6,0,10,0.097875,0.0,771,0,0
e6_ablacion_podas,fb,cpp,estructurada,12,12,6,1,1,0.0915,0.0,771,0,0
e6_ablacion_podas,fb,cpp,estructurada,12,12,6,1,2,0.115375,0.0,771,0,0
e6_ablacion_podas,fb,cpp,estructurada,12,12,6,1,3,0.092,0.0,771,0,0
e6_ablacion_podas,fb,cpp,estructurada,12,12,6,1,4,0.098875,0.0,771,0,0
e6_ablacion_podas,fb,cpp,estructurada,12,12,6,1,5,0.091917,0.0,771,0,0
e6_ablacion_podas,fb,cpp,estructurada,12,12,6,1,6,0.097916,0.0,771,0,0
e6_ablacion_podas,fb,cpp,estructurada,12,12,6,1,7,0.092042,0.0,771,0,0
e6_ablacion_podas,fb,cpp,estructurada,12,12,6,1,8,0.116458,0.0,771,0,0
e6_ablacion_podas,fb,cpp,estructurada,12,12,6,1,9,0.093625,0.0,771,0,0
e6_ablacion_podas,fb,cpp,estructurada,12,12,6,1,10,0.137042,0.0,771,0,0
e6_ablacion_podas,fb,cpp,estructurada,12,12,6,2,1,0.112375,0.0,771,0,0
e6_ablacion_podas,fb,cpp,estructurada,12,12,6,2,2,0.11125,0.0,771,0,0
e6_ablacion_podas,fb,cpp,estructurada,12,12,6,2,3,0.09275,0.0,771,0,0
e6_ablacion_podas,fb,cpp,estructurada,12,12,6,2,4,0.100375,0.0,771,0,0
e6_ablacion_podas,fb,cpp,estructurada,12,12,6,2,5,0.092,0.0,771,0,0
e6_ablacion_podas,fb,cpp,estructurada,12,12,6,2,6,0.094792,0.0,771,0,0
e6_ablacion_podas,fb,cpp,estructurada,12,12,6,2,7,0.104209,0.0,771,0,0
e6_ablacion_podas,fb,cpp,estructurada,12,12,6,2,8,0.092208,0.0,771,0,0
e6_ablacion_podas,fb,cpp,estructurada,12,12,6,2,9,0.09125,0.0,771,0,0
e6_ablacion_podas,fb,cpp,estructurada,12,12,6,2,10,0.09725,0.0,771,0,0
e6_ablacion_podas,bt,cpp_ambas,estructurada,18,12,9,0,1,0.003333,0.0,15,0,7
e6_ablacion_podas,bt,cpp_ambas,estructurada,18,12,9,0,2,0.004667,0.0,15,0,7
e6_ablacion_podas,bt,cpp_ambas,estructurada,18,12,9,0,3,0.003292,0.0,15,0,7
e6_ablacion_podas,bt,cpp_ambas,estructurada,18,12,9,0,4,0.003041,0.0,15,0,7
e6_ablacion_podas,bt,cpp_ambas,estructurada,18,12,9,0,5,0.003375,0.0,15,0,7
e6_ablacion_podas,bt,cpp_ambas,estructurada,18,12,9,0,6,0.003791,0.0,15,0,7
e6_ablacion_podas,bt,cpp_ambas,estructurada,18,12,9,0,7,0.003208,0.0,15,0,7
e6_ablacion_podas,bt,cpp_ambas,estructurada,18,12,9,0,8,0.003125,0.0,15,0,7
e6_ablacion_podas,bt,cpp_ambas,estructurada,18,12,9,0,9,0.003208,0.0,15,0,7
e6_ablacion_podas,bt,cpp_ambas,estructurada,18,12,9,0,10,0.004792,0.0,15,0,7
e6_ablacion_podas,bt,cpp_ambas,estructurada,18,12,9,1,1,0.003125,0.0,15,0,7
e6_ablacion_podas,bt,cpp_ambas,estructurada,18,12,9,1,2,0.003083,0.0,15,0,7
e6_ablacion_podas,bt,cpp_ambas,estructurada,18,12,9,1,3,0.003292,0.0,15,0,7
e6_ablacion_podas,bt,cpp_ambas,estructurada,18,12,9,1,4,0.003333,0.0,15,0,7
e6_ablacion_podas,bt,cpp_ambas,estructurada,18,12,9,1,5,0.003084,0.0,15,0,7
e6_ablacion_podas,bt,cpp_ambas,estructurada,18,12,9,1,6,0.003583,0.0,15,0,7
e6_ablacion_podas,bt,cpp_ambas,estructurada,18,12,9,1,7,0.002958,0.0,15,0,7
e6_ablacion_podas,bt,cpp_ambas,estructurada,18,12,9,1,8,0.003042,0.0,15,0,7
e6_ablacion_podas,bt,cpp_ambas,estructurada,18,12,9,1,9,0.003166,0.0,15,0,7
e6_ablacion_podas,bt,cpp_ambas,estructurada,18,12,9,1,10,0.003,0.0,15,0,7
e6_ablacion_podas,bt,cpp_ambas,estructurada,18,12,9,2,1,0.003166,0.0,15,0,7
e6_ablacion_podas,bt,cpp_ambas,estructurada,18,12,9,2,2,0.004292,0.0,15,0,7
e6_ablacion_podas,bt,cpp_ambas,estructurada,18,12,9,2,3,0.003583,0.0,15,0,7
e6_ablacion_podas,bt,cpp_ambas,estructurada,18,12,9,2,4,0.003083,0.0,15,0,7
e6_ablacion_podas,bt,cpp_ambas,estructurada,18,12,9,2,5,0.002917,0.0,15,0,7
e6_ablacion_podas,bt,cpp_ambas,estructurada,18,12,9,2,6,0.003042,0.0,15,0,7
e6_ablacion_podas,bt,cpp_ambas,estructurada,18,12,9,2,7,0.003292,0.0,15,0,7
e6_ablacion_podas,bt,cpp_ambas,estructurada,18,12,9,2,8,0.003042,0.0,15,0,7
e6_ablacion_podas,bt,cpp_ambas,estructurada,18,12,9,2,9,0.003042,0.0,15,0,7
e6_ablacion_podas,bt,cpp_ambas,estructurada,18,12,9,2,10,0.003125,0.0,15,0,7
e6_ablacion_podas,bt,cpp_sin_opt,estructurada,18,12,9,0,1,4.703708,0.0,38895,8008,0
e6_ablacion_podas,bt,cpp_sin_opt,estructurada,18,12,9,0,2,4.456,0.0,38895,8008,0
e6_ablacion_podas,bt,cpp_sin_opt,estructurada,18,12,9,0,3,4.485708,0.0,38895,8008,0
e6_ablacion_podas,bt,cpp_sin_opt,estructurada,18,12,9,0,4,4.51675,0.0,38895,8008,0
e6_ablacion_podas,bt,cpp_sin_opt,estructurada,18,12,9,0,5,4.696209,0.0,38895,8008,0
e6_ablacion_podas,bt,cpp_sin_opt,estructurada,18,12,9,0,6,4.451833,0.0,38895,8008,0
e6_ablacion_podas,bt,cpp_sin_opt,estructurada,18,12,9,0,7,4.548208,0.0,38895,8008,0
e6_ablacion_podas,bt,cpp_sin_opt,estructurada,18,12,9,0,8,4.529959,0.0,38895,8008,0
e6_ablacion_podas,bt,cpp_sin_opt,estructurada,18,12,9,0,9,4.603041,0.0,38895,8008,0
e6_ablacion_podas,bt,cpp_sin_opt,estructurada,18,12,9,0,10,4.492917,0.0,38895,8008,0
e6_ablacion_podas,bt,cpp_sin_opt,estructurada,18,12,9,1,1,4.424208,0.0,38895,8008,0
e6_ablacion_podas,bt,cpp_sin_opt,estructurada,18,12,9,1,2,5.238458,0.0,38895,8008,0
e6_ablacion_podas,bt,cpp_sin_opt,estructurada,18,12,9,1,3,4.825625,0.0,38895,8008,0
e6_ablacion_podas,bt,cpp_sin_opt,estructurada,18,12,9,1,4,4.749542,0.0,38895,8008,0
e6_ablacion_podas,bt,cpp_sin_opt,estructurada,18,12,9,1,5,4.511708,0.0,38895,8008,0
e6_ablacion_podas,bt,cpp_sin_opt,estructurada,18,12,9,1,6,4.511958,0.0,38895,8008,0
e6_ablacion_podas,bt,cpp_sin_opt,estructurada,18,12,9,1,7,4.401875,0.0,38895,8008,0
e6_ablacion_podas,bt,cpp_sin_opt,estructurada,18,12,9,1,8,4.556041,0.0,38895,8008,0
e6_ablacion_podas,bt,cpp_sin_opt,estructurada,18,12,9,1,9,4.40675,0.0,38895,8008,0
e6_ablacion_podas,bt,cpp_sin_opt,estructurada,18,12,9,1,10,4.874542,0.0,38895,8008,0
e6_ablacion_podas,bt,cpp_sin_opt,estructurada,18,12,9,2,1,4.559292,0.0,38895,8008,0
e6_ablacion_podas,bt,cpp_sin_opt,estructurada,18,12,9,2,2,4.856458,0.0,38895,8008,0
e6_ablacion_podas,bt,cpp_sin_opt,estructurada,18,12,9,2,3,4.458875,0.0,38895,8008,0
e6_ablacion_podas,bt,cpp_sin_opt,estructurada,18,12,9,2,4,5.072083,0.0,38895,8008,0
e6_ablacion_podas,bt,cpp_sin_opt,estructurada,18,12,9,2,5,4.484583,0.0,38895,8008,0
e6_ablacion_podas,bt,cpp_sin_opt,estructurada,18,12,9,2,6,4.486375,0.0,38895,8008,0
e6_ablacion_podas,bt,cpp_sin_opt,estructurada,18,12,9,2,7,4.50075,0.0,38895,8008,0
e6_ablacion_podas,bt,cpp_sin_opt,estructurada,18,12,9,2,8,4.4995,0.0,38895,8008,0
e6_ablacion_podas,bt,cpp_sin_opt,estructurada,18,12,9,2,9,4.399958,0.0,38895,8008,0
e6_ablacion_podas,bt,cpp_sin_opt,estructurada,18,12,9,2,10,4.785583,0.0,38895,8008,0
e6_ablacion_podas,bt,cpp_sin_fact,estructurada,18,12,9,0,1,0.003375,0.0,15,0,7
e6_ablacion_podas,bt,cpp_sin_fact,estructurada,18,12,9,0,2,0.003208,0.0,15,0,7
e6_ablacion_podas,bt,cpp_sin_fact,estructurada,18,12,9,0,3,0.003292,0.0,15,0,7
e6_ablacion_podas,bt,cpp_sin_fact,estructurada,18,12,9,0,4,0.003375,0.0,15,0,7
e6_ablacion_podas,bt,cpp_sin_fact,estructurada,18,12,9,0,5,0.003458,0.0,15,0,7
e6_ablacion_podas,bt,cpp_sin_fact,estructurada,18,12,9,0,6,0.003083,0.0,15,0,7
e6_ablacion_podas,bt,cpp_sin_fact,estructurada,18,12,9,0,7,0.003083,0.0,15,0,7
e6_ablacion_podas,bt,cpp_sin_fact,estructurada,18,12,9,0,8,0.003041,0.0,15,0,7
e6_ablacion_podas,bt,cpp_sin_fact,estructurada,18,12,9,0,9,0.003583,0.0,15,0,7
e6_ablacion_podas,bt,cpp_sin_fact,estructurada,18,12,9,0,10,0.003,0.0,15,0,7
e6_ablacion_podas,bt,cpp_sin_fact,estructurada,18,12,9,1,1,0.003458,0.0,15,0,7
e6_ablacion_podas,bt,cpp_sin_fact,estructurada,18,12,9,1,2,0.002958,0.0,15,0,7
e6_ablacion_podas,bt,cpp_sin_fact,estructurada,18,12,9,1,3,0.003042,0.0,15,0,7
e6_ablacion_podas,bt,cpp_sin_fact,estructurada,18,12,9,1,4,0.003333,0.0,15,0,7
e6_ablacion_podas,bt,cpp_sin_fact,estructurada,18,12,9,1,5,0.0035,0.0,15,0,7
e6_ablacion_podas,bt,cpp_sin_fact,estructurada,18,12,9,1,6,0.003041,0.0,15,0,7
e6_ablacion_podas,bt,cpp_sin_fact,estructurada,18,12,9,1,7,0.00325,0.0,15,0,7
e6_ablacion_podas,bt,cpp_sin_fact,estructurada,18,12,9,1,8,0.002958,0.0,15,0,7
e6_ablacion_podas,bt,cpp_sin_fact,estructurada,18,12,9,1,9,0.003041,0.0,15,0,7
e6_ablacion_podas,bt,cpp_sin_fact,estructurada,18,12,9,1,10,0.003,0.0,15,0,7
e6_ablacion_podas,bt,cpp_sin_fact,estructurada,18,12,9,2,1,0.003042,0.0,15,0,7
e6_ablacion_podas,bt,cpp_sin_fact,estructurada,18,12,9,2,2,0.003208,0.0,15,0,7
e6_ablacion_podas,bt,cpp_sin_fact,estructurada,18,12,9,2,3,0.00375,0.0,15,0,7
e6_ablacion_podas,bt,cpp_sin_fact,estructurada,18,12,9,2,4,0.002958,0.0,15,0,7
e6_ablacion_podas,bt,cpp_sin_fact,estructurada,18,12,9,2,5,0.002958,0.0,15,0,7
e6_ablacion_podas,bt,cpp_sin_fact,estructurada,18,12,9,2,6,0.003584,0.0,15,0,7
e6_ablacion_podas,bt,cpp_sin_fact,estructurada,18,12,9,2,7,0.003333,0.0,15,0,7
e6_ablacion_podas,bt,cpp_sin_fact,estructurada,18,12,9,2,8,0.003084,0.0,15,0,7
e6_ablacion_podas,bt,cpp_sin_fact,estructurada,18,12,9,2,9,0.003125,0.0,15,0,7
e6_ablacion_podas,bt,cpp_sin_fact,estructurada,18,12,9,2,10,0.003,0.0,15,0,7
e6_ablacion_podas,bt,cpp_sin_podas,estructurada,18,12,9,0,1,5.865917,0.0,52665,0,0
e6_ablacion_podas,bt,cpp_sin_podas,estructurada,18,12,9,0,2,5.674541,0.0,52665,0,0
e6_ablacion_podas,bt,cpp_sin_podas,estructurada,18,12,9,0,3,6.006417,0.0,52665,0,0
e6_ablacion_podas,bt,cpp_sin_podas,estructurada,18,12,9,0,4,5.793833,0.0,52665,0,0
e6_ablacion_podas,bt,cpp_sin_podas,estructurada,18,12,9,0,5,6.472709,0.0,52665,0,0
e6_ablacion_podas,bt,cpp_sin_podas,estructurada,18,12,9,0,6,5.690667,0.0,52665,0,0
e6_ablacion_podas,bt,cpp_sin_podas,estructurada,18,12,9,0,7,5.765833,0.0,52665,0,0
e6_ablacion_podas,bt,cpp_sin_podas,estructurada,18,12,9,0,8,5.632166,0.0,52665,0,0
e6_ablacion_podas,bt,cpp_sin_podas,estructurada,18,12,9,0,9,5.749375,0.0,52665,0,0
e6_ablacion_podas,bt,cpp_sin_podas,estructurada,18,12,9,0,10,6.130792,0.0,52665,0,0
e6_ablacion_podas,bt,cpp_sin_podas,estructurada,18,12,9,1,1,5.670333,0.0,52665,0,0
e6_ablacion_podas,bt,cpp_sin_podas,estructurada,18,12,9,1,2,6.587584,0.0,52665,0,0
e6_ablacion_podas,bt,cpp_sin_podas,estructurada,18,12,9,1,3,5.766583,0.0,52665,0,0
e6_ablacion_podas,bt,cpp_sin_podas,estructurada,18,12,9,1,4,5.970375,0.0,52665,0,0
e6_ablacion_podas,bt,cpp_sin_podas,estructurada,18,12,9,1,5,6.395834,0.0,52665,0,0
e6_ablacion_podas,bt,cpp_sin_podas,estructurada,18,12,9,1,6,5.781167,0.0,52665,0,0
e6_ablacion_podas,bt,cpp_sin_podas,estructurada,18,12,9,1,7,6.780833,0.0,52665,0,0
e6_ablacion_podas,bt,cpp_sin_podas,estructurada,18,12,9,1,8,6.711083,0.0,52665,0,0
e6_ablacion_podas,bt,cpp_sin_podas,estructurada,18,12,9,1,9,6.011084,0.0,52665,0,0
e6_ablacion_podas,bt,cpp_sin_podas,estructurada,18,12,9,1,10,5.817541,0.0,52665,0,0
e6_ablacion_podas,bt,cpp_sin_podas,estructurada,18,12,9,2,1,6.195292,0.0,52665,0,0
e6_ablacion_podas,bt,cpp_sin_podas,estructurada,18,12,9,2,2,5.709292,0.0,52665,0,0
e6_ablacion_podas,bt,cpp_sin_podas,estructurada,18,12,9,2,3,5.80175,0.0,52665,0,0
e6_ablacion_podas,bt,cpp_sin_podas,estructurada,18,12,9,2,4,5.775709,0.0,52665,0,0
e6_ablacion_podas,bt,cpp_sin_podas,estructurada,18,12,9,2,5,5.819625,0.0,52665,0,0
e6_ablacion_podas,bt,cpp_sin_podas,estructurada,18,12,9,2,6,5.833959,0.0,52665,0,0
e6_ablacion_podas,bt,cpp_sin_podas,estructurada,18,12,9,2,7,6.192042,0.0,52665,0,0
e6_ablacion_podas,bt,cpp_sin_podas,estructurada,18,12,9,2,8,5.5945,0.0,52665,0,0
e6_ablacion_podas,bt,cpp_sin_podas,estructurada,18,12,9,2,9,5.809667,0.0,52665,0,0
e6_ablacion_podas,bt,cpp_sin_podas,estructurada,18,12,9,2,10,5.95775,0.0,52665,0,0
e6_ablacion_podas,fb,cpp,estructurada,18,12,9,0,1,5.768167,0.0,52665,0,0
e6_ablacion_podas,fb,cpp,estructurada,18,12,9,0,2,5.815375,0.0,52665,0,0
e6_ablacion_podas,fb,cpp,estructurada,18,12,9,0,3,5.823167,0.0,52665,0,0
e6_ablacion_podas,fb,cpp,estructurada,18,12,9,0,4,5.843791,0.0,52665,0,0
e6_ablacion_podas,fb,cpp,estructurada,18,12,9,0,5,5.789167,0.0,52665,0,0
e6_ablacion_podas,fb,cpp,estructurada,18,12,9,0,6,6.204459,0.0,52665,0,0
e6_ablacion_podas,fb,cpp,estructurada,18,12,9,0,7,5.641458,0.0,52665,0,0
e6_ablacion_podas,fb,cpp,estructurada,18,12,9,0,8,6.299791,0.0,52665,0,0
e6_ablacion_podas,fb,cpp,estructurada,18,12,9,0,9,5.731375,0.0,52665,0,0
e6_ablacion_podas,fb,cpp,estructurada,18,12,9,0,10,5.750208,0.0,52665,0,0
e6_ablacion_podas,fb,cpp,estructurada,18,12,9,1,1,5.658,0.0,52665,0,0
e6_ablacion_podas,fb,cpp,estructurada,18,12,9,1,2,5.787541,0.0,52665,0,0
e6_ablacion_podas,fb,cpp,estructurada,18,12,9,1,3,5.835584,0.0,52665,0,0
e6_ablacion_podas,fb,cpp,estructurada,18,12,9,1,4,5.620583,0.0,52665,0,0
e6_ablacion_podas,fb,cpp,estructurada,18,12,9,1,5,5.811541,0.0,52665,0,0
e6_ablacion_podas,fb,cpp,estructurada,18,12,9,1,6,6.455042,0.0,52665,0,0
e6_ablacion_podas,fb,cpp,estructurada,18,12,9,1,7,5.75525,0.0,52665,0,0
e6_ablacion_podas,fb,cpp,estructurada,18,12,9,1,8,5.706875,0.0,52665,0,0
e6_ablacion_podas,fb,cpp,estructurada,18,12,9,1,9,6.1715,0.0,52665,0,0
e6_ablacion_podas,fb,cpp,estructurada,18,12,9,1,10,6.117375,0.0,52665,0,0
e6_ablacion_podas,fb,cpp,estructurada,18,12,9,2,1,5.797625,0.0,52665,0,0
e6_ablacion_podas,fb,cpp,estructurada,18,12,9,2,2,6.19225,0.0,52665,0,0
e6_ablacion_podas,fb,cpp,estructurada,18,12,9,2,3,5.801833,0.0,52665,0,0
e6_ablacion_podas,fb,cpp,estructurada,18,12,9,2,4,6.126625,0.0,52665,0,0
e6_ablacion_podas,fb,cpp,estructurada,18,12,9,2,5,6.132292,0.0,52665,0,0
e6_ablacion_podas,fb,cpp,estructurada,18,12,9,2,6,5.8195,0.0,52665,0,0
e6_ablacion_podas,fb,cpp,estructurada,18,12,9,2,7,5.832333,0.0,52665,0,0
e6_ablacion_podas,fb,cpp,estructurada,18,12,9,2,8,6.247625,0.0,52665,0,0
e6_ablacion_podas,fb,cpp,estructurada,18,12,9,2,9,5.784375,0.0,52665,0,0
e6_ablacion_podas,fb,cpp,estructurada,18,12,9,2,10,5.873334,0.0,52665,0,0
e6_ablacion_podas,bt,cpp_ambas,estructurada,24,12,12,0,1,0.004375,0.0,21,0,10
e6_ablacion_podas,bt,cpp_ambas,estructurada,24,12,12,0,2,0.003959,0.0,21,0,10
e6_ablacion_podas,bt,cpp_ambas,estructurada,24,12,12,0,3,0.00425,0.0,21,0,10
e6_ablacion_podas,bt,cpp_ambas,estructurada,24,12,12,0,4,0.004,0.0,21,0,10
e6_ablacion_podas,bt,cpp_ambas,estructurada,24,12,12,0,5,0.004834,0.0,21,0,10
e6_ablacion_podas,bt,cpp_ambas,estructurada,24,12,12,0,6,0.004083,0.0,21,0,10
e6_ablacion_podas,bt,cpp_ambas,estructurada,24,12,12,0,7,0.003917,0.0,21,0,10
e6_ablacion_podas,bt,cpp_ambas,estructurada,24,12,12,0,8,0.004125,0.0,21,0,10
e6_ablacion_podas,bt,cpp_ambas,estructurada,24,12,12,0,9,0.004041,0.0,21,0,10
e6_ablacion_podas,bt,cpp_ambas,estructurada,24,12,12,0,10,0.003916,0.0,21,0,10
e6_ablacion_podas,bt,cpp_ambas,estructurada,24,12,12,1,1,0.003917,0.0,21,0,10
e6_ablacion_podas,bt,cpp_ambas,estructurada,24,12,12,1,2,0.003833,0.0,21,0,10
e6_ablacion_podas,bt,cpp_ambas,estructurada,24,12,12,1,3,0.004125,0.0,21,0,10
e6_ablacion_podas,bt,cpp_ambas,estructurada,24,12,12,1,4,0.003708,0.0,21,0,10
e6_ablacion_podas,bt,cpp_ambas,estructurada,24,12,12,1,5,0.004542,0.0,21,0,10
e6_ablacion_podas,bt,cpp_ambas,estructurada,24,12,12,1,6,0.004666,0.0,21,0,10
e6_ablacion_podas,bt,cpp_ambas,estructurada,24,12,12,1,7,0.004,0.0,21,0,10
e6_ablacion_podas,bt,cpp_ambas,estructurada,24,12,12,1,8,0.004041,0.0,21,0,10
e6_ablacion_podas,bt,cpp_ambas,estructurada,24,12,12,1,9,0.003917,0.0,21,0,10
e6_ablacion_podas,bt,cpp_ambas,estructurada,24,12,12,1,10,0.004209,0.0,21,0,10
e6_ablacion_podas,bt,cpp_ambas,estructurada,24,12,12,2,1,0.004167,0.0,21,0,10
e6_ablacion_podas,bt,cpp_ambas,estructurada,24,12,12,2,2,0.004084,0.0,21,0,10
e6_ablacion_podas,bt,cpp_ambas,estructurada,24,12,12,2,3,0.004166,0.0,21,0,10
e6_ablacion_podas,bt,cpp_ambas,estructurada,24,12,12,2,4,0.004292,0.0,21,0,10
e6_ablacion_podas,bt,cpp_ambas,estructurada,24,12,12,2,5,0.004,0.0,21,0,10
e6_ablacion_podas,bt,cpp_ambas,estructurada,24,12,12,2,6,0.003667,0.0,21,0,10
e6_ablacion_podas,bt,cpp_ambas,estructurada,24,12,12,2,7,0.003917,0.0,21,0,10
e6_ablacion_podas,bt,cpp_ambas,estructurada,24,12,12,2,8,0.003875,0.0,21,0,10
e6_ablacion_podas,bt,cpp_ambas,estructurada,24,12,12,2,9,0.003792,0.0,21,0,10
e6_ablacion_podas,bt,cpp_ambas,estructurada,24,12,12,2,10,0.003917,0.0,21,0,10
e6_ablacion_podas,bt,cpp_sin_opt,estructurada,24,12,12,0,1,296.11325,0.0,2288131,497420,0
e6_ablacion_podas,bt,cpp_sin_opt,estructurada,24,12,12,0,2,298.770917,0.0,2288131,497420,0
e6_ablacion_podas,bt,cpp_sin_opt,estructurada,24,12,12,0,3,301.436333,0.0,2288131,497420,0
e6_ablacion_podas,bt,cpp_sin_opt,estructurada,24,12,12,0,4,297.767917,0.0,2288131,497420,0
e6_ablacion_podas,bt,cpp_sin_opt,estructurada,24,12,12,0,5,294.836083,0.0,2288131,497420,0
e6_ablacion_podas,bt,cpp_sin_opt,estructurada,24,12,12,0,6,303.012083,0.0,2288131,497420,0
e6_ablacion_podas,bt,cpp_sin_opt,estructurada,24,12,12,0,7,296.523209,0.0,2288131,497420,0
e6_ablacion_podas,bt,cpp_sin_opt,estructurada,24,12,12,0,8,295.851916,0.0,2288131,497420,0
e6_ablacion_podas,bt,cpp_sin_opt,estructurada,24,12,12,0,9,297.888958,0.0,2288131,497420,0
e6_ablacion_podas,bt,cpp_sin_opt,estructurada,24,12,12,0,10,296.459292,0.0,2288131,497420,0
e6_ablacion_podas,bt,cpp_sin_opt,estructurada,24,12,12,1,1,295.860208,0.0,2288131,497420,0
e6_ablacion_podas,bt,cpp_sin_opt,estructurada,24,12,12,1,2,296.398792,0.0,2288131,497420,0
e6_ablacion_podas,bt,cpp_sin_opt,estructurada,24,12,12,1,3,305.017208,0.0,2288131,497420,0
e6_ablacion_podas,bt,cpp_sin_opt,estructurada,24,12,12,1,4,297.677292,0.0,2288131,497420,0
e6_ablacion_podas,bt,cpp_sin_opt,estructurada,24,12,12,1,5,296.537917,0.0,2288131,497420,0
e6_ablacion_podas,bt,cpp_sin_opt,estructurada,24,12,12,1,6,298.505584,0.0,2288131,497420,0
e6_ablacion_podas,bt,cpp_sin_opt,estructurada,24,12,12,1,7,297.039833,0.0,2288131,497420,0
e6_ablacion_podas,bt,cpp_sin_opt,estructurada,24,12,12,1,8,295.038666,0.0,2288131,497420,0
e6_ablacion_podas,bt,cpp_sin_opt,estructurada,24,12,12,1,9,296.817459,0.0,2288131,497420,0
e6_ablacion_podas,bt,cpp_sin_opt,estructurada,24,12,12,1,10,297.4395,0.0,2288131,497420,0
e6_ablacion_podas,bt,cpp_sin_opt,estructurada,24,12,12,2,1,300.089792,0.0,2288131,497420,0
e6_ablacion_podas,bt,cpp_sin_opt,estructurada,24,12,12,2,2,300.211667,0.0,2288131,497420,0
e6_ablacion_podas,bt,cpp_sin_opt,estructurada,24,12,12,2,3,298.795042,0.0,2288131,497420,0
e6_ablacion_podas,bt,cpp_sin_opt,estructurada,24,12,12,2,4,298.32575,0.0,2288131,497420,0
e6_ablacion_podas,bt,cpp_sin_opt,estructurada,24,12,12,2,5,299.892,0.0,2288131,497420,0
e6_ablacion_podas,bt,cpp_sin_opt,estructurada,24,12,12,2,6,307.294083,0.0,2288131,497420,0
e6_ablacion_podas,bt,cpp_sin_opt,estructurada,24,12,12,2,7,295.765834,0.0,2288131,497420,0
e6_ablacion_podas,bt,cpp_sin_opt,estructurada,24,12,12,2,8,298.598625,0.0,2288131,497420,0
e6_ablacion_podas,bt,cpp_sin_opt,estructurada,24,12,12,2,9,295.957583,0.0,2288131,497420,0
e6_ablacion_podas,bt,cpp_sin_opt,estructurada,24,12,12,2,10,296.354459,0.0,2288131,497420,0
e6_ablacion_podas,bt,cpp_sin_fact,estructurada,24,12,12,0,1,0.004375,0.0,21,0,10
e6_ablacion_podas,bt,cpp_sin_fact,estructurada,24,12,12,0,2,0.004583,0.0,21,0,10
e6_ablacion_podas,bt,cpp_sin_fact,estructurada,24,12,12,0,3,0.004208,0.0,21,0,10
e6_ablacion_podas,bt,cpp_sin_fact,estructurada,24,12,12,0,4,0.004459,0.0,21,0,10
e6_ablacion_podas,bt,cpp_sin_fact,estructurada,24,12,12,0,5,0.004292,0.0,21,0,10
e6_ablacion_podas,bt,cpp_sin_fact,estructurada,24,12,12,0,6,0.004542,0.0,21,0,10
e6_ablacion_podas,bt,cpp_sin_fact,estructurada,24,12,12,0,7,0.006,0.0,21,0,10
e6_ablacion_podas,bt,cpp_sin_fact,estructurada,24,12,12,0,8,0.004417,0.0,21,0,10
e6_ablacion_podas,bt,cpp_sin_fact,estructurada,24,12,12,0,9,0.004833,0.0,21,0,10
e6_ablacion_podas,bt,cpp_sin_fact,estructurada,24,12,12,0,10,0.004125,0.0,21,0,10
e6_ablacion_podas,bt,cpp_sin_fact,estructurada,24,12,12,1,1,0.004042,0.0,21,0,10
e6_ablacion_podas,bt,cpp_sin_fact,estructurada,24,12,12,1,2,0.004041,0.0,21,0,10
e6_ablacion_podas,bt,cpp_sin_fact,estructurada,24,12,12,1,3,0.005041,0.0,21,0,10
e6_ablacion_podas,bt,cpp_sin_fact,estructurada,24,12,12,1,4,0.004209,0.0,21,0,10
e6_ablacion_podas,bt,cpp_sin_fact,estructurada,24,12,12,1,5,0.00425,0.0,21,0,10
e6_ablacion_podas,bt,cpp_sin_fact,estructurada,24,12,12,1,6,0.004541,0.0,21,0,10
e6_ablacion_podas,bt,cpp_sin_fact,estructurada,24,12,12,1,7,0.003834,0.0,21,0,10
e6_ablacion_podas,bt,cpp_sin_fact,estructurada,24,12,12,1,8,0.004541,0.0,21,0,10
e6_ablacion_podas,bt,cpp_sin_fact,estructurada,24,12,12,1,9,0.004375,0.0,21,0,10
e6_ablacion_podas,bt,cpp_sin_fact,estructurada,24,12,12,1,10,0.004125,0.0,21,0,10
e6_ablacion_podas,bt,cpp_sin_fact,estructurada,24,12,12,2,1,0.004125,0.0,21,0,10
e6_ablacion_podas,bt,cpp_sin_fact,estructurada,24,12,12,2,2,0.004083,0.0,21,0,10
e6_ablacion_podas,bt,cpp_sin_fact,estructurada,24,12,12,2,3,0.004,0.0,21,0,10
e6_ablacion_podas,bt,cpp_sin_fact,estructurada,24,12,12,2,4,0.003958,0.0,21,0,10
e6_ablacion_podas,bt,cpp_sin_fact,estructurada,24,12,12,2,5,0.004625,0.0,21,0,10
e6_ablacion_podas,bt,cpp_sin_fact,estructurada,24,12,12,2,6,0.004208,0.0,21,0,10
e6_ablacion_podas,bt,cpp_sin_fact,estructurada,24,12,12,2,7,0.004458,0.0,21,0,10
e6_ablacion_podas,bt,cpp_sin_fact,estructurada,24,12,12,2,8,0.004,0.0,21,0,10
e6_ablacion_podas,bt,cpp_sin_fact,estructurada,24,12,12,2,9,0.004084,0.0,21,0,10
e6_ablacion_podas,bt,cpp_sin_fact,estructurada,24,12,12,2,10,0.004042,0.0,21,0,10
e6_ablacion_podas,bt,cpp_sin_podas,estructurada,24,12,12,0,1,409.845875,0.0,3488871,0,0
e6_ablacion_podas,bt,cpp_sin_podas,estructurada,24,12,12,0,2,409.300625,0.0,3488871,0,0
e6_ablacion_podas,bt,cpp_sin_podas,estructurada,24,12,12,0,3,411.557458,0.0,3488871,0,0
e6_ablacion_podas,bt,cpp_sin_podas,estructurada,24,12,12,0,4,427.17675,0.0,3488871,0,0
e6_ablacion_podas,bt,cpp_sin_podas,estructurada,24,12,12,0,5,414.695583,0.0,3488871,0,0
e6_ablacion_podas,bt,cpp_sin_podas,estructurada,24,12,12,0,6,417.043084,0.0,3488871,0,0
e6_ablacion_podas,bt,cpp_sin_podas,estructurada,24,12,12,0,7,420.0165,0.0,3488871,0,0
e6_ablacion_podas,bt,cpp_sin_podas,estructurada,24,12,12,0,8,411.074041,0.0,3488871,0,0
e6_ablacion_podas,bt,cpp_sin_podas,estructurada,24,12,12,0,9,416.606,0.0,3488871,0,0
e6_ablacion_podas,bt,cpp_sin_podas,estructurada,24,12,12,0,10,410.517208,0.0,3488871,0,0
e6_ablacion_podas,bt,cpp_sin_podas,estructurada,24,12,12,1,1,417.139916,0.0,3488871,0,0
e6_ablacion_podas,bt,cpp_sin_podas,estructurada,24,12,12,1,2,416.493666,0.0,3488871,0,0
e6_ablacion_podas,bt,cpp_sin_podas,estructurada,24,12,12,1,3,410.312708,0.0,3488871,0,0
e6_ablacion_podas,bt,cpp_sin_podas,estructurada,24,12,12,1,4,413.563166,0.0,3488871,0,0
e6_ablacion_podas,bt,cpp_sin_podas,estructurada,24,12,12,1,5,418.90625,0.0,3488871,0,0
e6_ablacion_podas,bt,cpp_sin_podas,estructurada,24,12,12,1,6,416.662125,0.0,3488871,0,0
e6_ablacion_podas,bt,cpp_sin_podas,estructurada,24,12,12,1,7,412.458,0.0,3488871,0,0
e6_ablacion_podas,bt,cpp_sin_podas,estructurada,24,12,12,1,8,412.93325,0.0,3488871,0,0
e6_ablacion_podas,bt,cpp_sin_podas,estructurada,24,12,12,1,9,420.756875,0.0,3488871,0,0
e6_ablacion_podas,bt,cpp_sin_podas,estructurada,24,12,12,1,10,413.088833,0.0,3488871,0,0
e6_ablacion_podas,bt,cpp_sin_podas,estructurada,24,12,12,2,1,414.016041,0.0,3488871,0,0
e6_ablacion_podas,bt,cpp_sin_podas,estructurada,24,12,12,2,2,417.627708,0.0,3488871,0,0
e6_ablacion_podas,bt,cpp_sin_podas,estructurada,24,12,12,2,3,411.715458,0.0,3488871,0,0
e6_ablacion_podas,bt,cpp_sin_podas,estructurada,24,12,12,2,4,424.810166,0.0,3488871,0,0
e6_ablacion_podas,bt,cpp_sin_podas,estructurada,24,12,12,2,5,417.109709,0.0,3488871,0,0
e6_ablacion_podas,bt,cpp_sin_podas,estructurada,24,12,12,2,6,412.785667,0.0,3488871,0,0
e6_ablacion_podas,bt,cpp_sin_podas,estructurada,24,12,12,2,7,415.449542,0.0,3488871,0,0
e6_ablacion_podas,bt,cpp_sin_podas,estructurada,24,12,12,2,8,412.547958,0.0,3488871,0,0
e6_ablacion_podas,bt,cpp_sin_podas,estructurada,24,12,12,2,9,421.890625,0.0,3488871,0,0
e6_ablacion_podas,bt,cpp_sin_podas,estructurada,24,12,12,2,10,415.225875,0.0,3488871,0,0
e6_ablacion_podas,fb,cpp,estructurada,24,12,12,0,1,417.385292,0.0,3488871,0,0
e6_ablacion_podas,fb,cpp,estructurada,24,12,12,0,2,423.382375,0.0,3488871,0,0
e6_ablacion_podas,fb,cpp,estructurada,24,12,12,0,3,423.242291,0.0,3488871,0,0
e6_ablacion_podas,fb,cpp,estructurada,24,12,12,0,4,415.350084,0.0,3488871,0,0
e6_ablacion_podas,fb,cpp,estructurada,24,12,12,0,5,415.008,0.0,3488871,0,0
e6_ablacion_podas,fb,cpp,estructurada,24,12,12,0,6,421.168541,0.0,3488871,0,0
e6_ablacion_podas,fb,cpp,estructurada,24,12,12,0,7,413.601125,0.0,3488871,0,0
e6_ablacion_podas,fb,cpp,estructurada,24,12,12,0,8,415.827417,0.0,3488871,0,0
e6_ablacion_podas,fb,cpp,estructurada,24,12,12,0,9,412.508958,0.0,3488871,0,0
e6_ablacion_podas,fb,cpp,estructurada,24,12,12,0,10,416.890625,0.0,3488871,0,0
e6_ablacion_podas,fb,cpp,estructurada,24,12,12,1,1,413.182208,0.0,3488871,0,0
e6_ablacion_podas,fb,cpp,estructurada,24,12,12,1,2,414.930792,0.0,3488871,0,0
e6_ablacion_podas,fb,cpp,estructurada,24,12,12,1,3,414.374875,0.0,3488871,0,0
e6_ablacion_podas,fb,cpp,estructurada,24,12,12,1,4,418.475416,0.0,3488871,0,0
e6_ablacion_podas,fb,cpp,estructurada,24,12,12,1,5,413.190083,0.0,3488871,0,0
e6_ablacion_podas,fb,cpp,estructurada,24,12,12,1,6,421.025542,0.0,3488871,0,0
e6_ablacion_podas,fb,cpp,estructurada,24,12,12,1,7,415.882958,0.0,3488871,0,0
e6_ablacion_podas,fb,cpp,estructurada,24,12,12,1,8,416.752875,0.0,3488871,0,0
e6_ablacion_podas,fb,cpp,estructurada,24,12,12,1,9,420.912667,0.0,3488871,0,0
e6_ablacion_podas,fb,cpp,estructurada,24,12,12,1,10,415.630666,0.0,3488871,0,0
e6_ablacion_podas,fb,cpp,estructurada,24,12,12,2,1,415.482666,0.0,3488871,0,0
e6_ablacion_podas,fb,cpp,estructurada,24,12,12,2,2,412.59,0.0,3488871,0,0
e6_ablacion_podas,fb,cpp,estructurada,24,12,12,2,3,415.495959,0.0,3488871,0,0
e6_ablacion_podas,fb,cpp,estructurada,24,12,12,2,4,413.577459,0.0,3488871,0,0
e6_ablacion_podas,fb,cpp,estructurada,24,12,12,2,5,421.479083,0.0,3488871,0,0
e6_ablacion_podas,fb,cpp,estructurada,24,12,12,2,6,417.518292,0.0,3488871,0,0
e6_ablacion_podas,fb,cpp,estructurada,24,12,12,2,7,419.291333,0.0,3488871,0,0
e6_ablacion_podas,fb,cpp,estructurada,24,12,12,2,8,422.655292,0.0,3488871,0,0
e6_ablacion_podas,fb,cpp,estructurada,24,12,12,2,9,418.787084,0.0,3488871,0,0
e6_ablacion_podas,fb,cpp,estructurada,24,12,12,2,10,425.598542,0.0,3488871,0,0
e6_ablacion_podas,bt,cpp_ambas,estructurada,30,12,15,0,1,0.005583,0.0,27,0,13
e6_ablacion_podas,bt,cpp_ambas,estructurada,30,12,15,0,2,0.005917,0.0,27,0,13
e6_ablacion_podas,bt,cpp_ambas,estructurada,30,12,15,0,3,0.005417,0.0,27,0,13
e6_ablacion_podas,bt,cpp_ambas,estructurada,30,12,15,0,4,0.00525,0.0,27,0,13
e6_ablacion_podas,bt,cpp_ambas,estructurada,30,12,15,0,5,0.005416,0.0,27,0,13
e6_ablacion_podas,bt,cpp_ambas,estructurada,30,12,15,0,6,0.005542,0.0,27,0,13
e6_ablacion_podas,bt,cpp_ambas,estructurada,30,12,15,0,7,0.005,0.0,27,0,13
e6_ablacion_podas,bt,cpp_ambas,estructurada,30,12,15,0,8,0.005041,0.0,27,0,13
e6_ablacion_podas,bt,cpp_ambas,estructurada,30,12,15,0,9,0.004875,0.0,27,0,13
e6_ablacion_podas,bt,cpp_ambas,estructurada,30,12,15,0,10,0.00525,0.0,27,0,13
e6_ablacion_podas,bt,cpp_ambas,estructurada,30,12,15,1,1,0.005334,0.0,27,0,13
e6_ablacion_podas,bt,cpp_ambas,estructurada,30,12,15,1,2,0.00625,0.0,27,0,13
e6_ablacion_podas,bt,cpp_ambas,estructurada,30,12,15,1,3,0.004917,0.0,27,0,13
e6_ablacion_podas,bt,cpp_ambas,estructurada,30,12,15,1,4,0.005125,0.0,27,0,13
e6_ablacion_podas,bt,cpp_ambas,estructurada,30,12,15,1,5,0.006208,0.0,27,0,13
e6_ablacion_podas,bt,cpp_ambas,estructurada,30,12,15,1,6,0.004875,0.0,27,0,13
e6_ablacion_podas,bt,cpp_ambas,estructurada,30,12,15,1,7,0.00525,0.0,27,0,13
e6_ablacion_podas,bt,cpp_ambas,estructurada,30,12,15,1,8,0.005292,0.0,27,0,13
e6_ablacion_podas,bt,cpp_ambas,estructurada,30,12,15,1,9,0.005125,0.0,27,0,13
e6_ablacion_podas,bt,cpp_ambas,estructurada,30,12,15,1,10,0.004834,0.0,27,0,13
e6_ablacion_podas,bt,cpp_ambas,estructurada,30,12,15,2,1,0.005042,0.0,27,0,13
e6_ablacion_podas,bt,cpp_ambas,estructurada,30,12,15,2,2,0.004834,0.0,27,0,13
e6_ablacion_podas,bt,cpp_ambas,estructurada,30,12,15,2,3,0.005833,0.0,27,0,13
e6_ablacion_podas,bt,cpp_ambas,estructurada,30,12,15,2,4,0.00525,0.0,27,0,13
e6_ablacion_podas,bt,cpp_ambas,estructurada,30,12,15,2,5,0.00575,0.0,27,0,13
e6_ablacion_podas,bt,cpp_ambas,estructurada,30,12,15,2,6,0.005,0.0,27,0,13
e6_ablacion_podas,bt,cpp_ambas,estructurada,30,12,15,2,7,0.004625,0.0,27,0,13
e6_ablacion_podas,bt,cpp_ambas,estructurada,30,12,15,2,8,0.005375,0.0,27,0,13
e6_ablacion_podas,bt,cpp_ambas,estructurada,30,12,15,2,9,0.005083,0.0,27,0,13
e6_ablacion_podas,bt,cpp_ambas,estructurada,30,12,15,2,10,0.005208,0.0,27,0,13
e6_ablacion_podas,bt,cpp_sin_fact,estructurada,30,12,15,0,1,0.005709,0.0,27,0,13
e6_ablacion_podas,bt,cpp_sin_fact,estructurada,30,12,15,0,2,0.005125,0.0,27,0,13
e6_ablacion_podas,bt,cpp_sin_fact,estructurada,30,12,15,0,3,0.005291,0.0,27,0,13
e6_ablacion_podas,bt,cpp_sin_fact,estructurada,30,12,15,0,4,0.005167,0.0,27,0,13
e6_ablacion_podas,bt,cpp_sin_fact,estructurada,30,12,15,0,5,0.005375,0.0,27,0,13
e6_ablacion_podas,bt,cpp_sin_fact,estructurada,30,12,15,0,6,0.005458,0.0,27,0,13
e6_ablacion_podas,bt,cpp_sin_fact,estructurada,30,12,15,0,7,0.006167,0.0,27,0,13
e6_ablacion_podas,bt,cpp_sin_fact,estructurada,30,12,15,0,8,0.005208,0.0,27,0,13
e6_ablacion_podas,bt,cpp_sin_fact,estructurada,30,12,15,0,9,0.004958,0.0,27,0,13
e6_ablacion_podas,bt,cpp_sin_fact,estructurada,30,12,15,0,10,0.005416,0.0,27,0,13
e6_ablacion_podas,bt,cpp_sin_fact,estructurada,30,12,15,1,1,0.005625,0.0,27,0,13
e6_ablacion_podas,bt,cpp_sin_fact,estructurada,30,12,15,1,2,0.005167,0.0,27,0,13
e6_ablacion_podas,bt,cpp_sin_fact,estructurada,30,12,15,1,3,0.005083,0.0,27,0,13
e6_ablacion_podas,bt,cpp_sin_fact,estructurada,30,12,15,1,4,0.005,0.0,27,0,13
e6_ablacion_podas,bt,cpp_sin_fact,estructurada,30,12,15,1,5,0.005125,0.0,27,0,13
e6_ablacion_podas,bt,cpp_sin_fact,estructurada,30,12,15,1,6,0.005292,0.0,27,0,13
e6_ablacion_podas,bt,cpp_sin_fact,estructurada,30,12,15,1,7,0.005125,0.0,27,0,13
e6_ablacion_podas,bt,cpp_sin_fact,estructurada,30,12,15,1,8,0.004833,0.0,27,0,13
e6_ablacion_podas,bt,cpp_sin_fact,estructurada,30,12,15,1,9,0.004833,0.0,27,0,13
e6_ablacion_podas,bt,cpp_sin_fact,estructurada,30,12,15,1,10,0.005458,0.0,27,0,13
e6_ablacion_podas,bt,cpp_sin_fact,estructurada,30,12,15,2,1,0.005458,0.0,27,0,13
e6_ablacion_podas,bt,cpp_sin_fact,estructurada,30,12,15,2,2,0.004916,0.0,27,0,13
e6_ablacion_podas,bt,cpp_sin_fact,estructurada,30,12,15,2,3,0.005125,0.0,27,0,13
e6_ablacion_podas,bt,cpp_sin_fact,estructurada,30,12,15,2,4,0.00475,0.0,27,0,13
e6_ablacion_podas,bt,cpp_sin_fact,estructurada,30,12,15,2,5,0.005208,0.0,27,0,13
e6_ablacion_podas,bt,cpp_sin_fact,estructurada,30,12,15,2,6,0.004792,0.0,27,0,13
e6_ablacion_podas,bt,cpp_sin_fact,estructurada,30,12,15,2,7,0.004958,0.0,27,0,13
e6_ablacion_podas,bt,cpp_sin_fact,estructurada,30,12,15,2,8,0.00475,0.0,27,0,13
e6_ablacion_podas,bt,cpp_sin_fact,estructurada,30,12,15,2,9,0.005333,0.0,27,0,13
e6_ablacion_podas,bt,cpp_sin_fact,estructurada,30,12,15,2,10,0.004792,0.0,27,0,13
e6_ablacion_podas,bt,cpp_ambas,estructurada,36,12,18,0,1,0.007083,0.0,33,0,16
e6_ablacion_podas,bt,cpp_ambas,estructurada,36,12,18,0,2,0.006625,0.0,33,0,16
e6_ablacion_podas,bt,cpp_ambas,estructurada,36,12,18,0,3,0.006458,0.0,33,0,16
e6_ablacion_podas,bt,cpp_ambas,estructurada,36,12,18,0,4,0.007375,0.0,33,0,16
e6_ablacion_podas,bt,cpp_ambas,estructurada,36,12,18,0,5,0.006333,0.0,33,0,16
e6_ablacion_podas,bt,cpp_ambas,estructurada,36,12,18,0,6,0.005958,0.0,33,0,16
e6_ablacion_podas,bt,cpp_ambas,estructurada,36,12,18,0,7,0.006667,0.0,33,0,16
e6_ablacion_podas,bt,cpp_ambas,estructurada,36,12,18,0,8,0.008375,0.0,33,0,16
e6_ablacion_podas,bt,cpp_ambas,estructurada,36,12,18,0,9,0.006625,0.0,33,0,16
e6_ablacion_podas,bt,cpp_ambas,estructurada,36,12,18,0,10,0.006875,0.0,33,0,16
e6_ablacion_podas,bt,cpp_ambas,estructurada,36,12,18,1,1,0.007417,0.0,33,0,16
e6_ablacion_podas,bt,cpp_ambas,estructurada,36,12,18,1,2,0.00575,0.0,33,0,16
e6_ablacion_podas,bt,cpp_ambas,estructurada,36,12,18,1,3,0.007459,0.0,33,0,16
e6_ablacion_podas,bt,cpp_ambas,estructurada,36,12,18,1,4,0.006458,0.0,33,0,16
e6_ablacion_podas,bt,cpp_ambas,estructurada,36,12,18,1,5,0.005959,0.0,33,0,16
e6_ablacion_podas,bt,cpp_ambas,estructurada,36,12,18,1,6,0.006,0.0,33,0,16
e6_ablacion_podas,bt,cpp_ambas,estructurada,36,12,18,1,7,0.005834,0.0,33,0,16
e6_ablacion_podas,bt,cpp_ambas,estructurada,36,12,18,1,8,0.006042,0.0,33,0,16
e6_ablacion_podas,bt,cpp_ambas,estructurada,36,12,18,1,9,0.006667,0.0,33,0,16
e6_ablacion_podas,bt,cpp_ambas,estructurada,36,12,18,1,10,0.006625,0.0,33,0,16
e6_ablacion_podas,bt,cpp_ambas,estructurada,36,12,18,2,1,0.005959,0.0,33,0,16
e6_ablacion_podas,bt,cpp_ambas,estructurada,36,12,18,2,2,0.005833,0.0,33,0,16
e6_ablacion_podas,bt,cpp_ambas,estructurada,36,12,18,2,3,0.006,0.0,33,0,16
e6_ablacion_podas,bt,cpp_ambas,estructurada,36,12,18,2,4,0.005792,0.0,33,0,16
e6_ablacion_podas,bt,cpp_ambas,estructurada,36,12,18,2,5,0.00575,0.0,33,0,16
e6_ablacion_podas,bt,cpp_ambas,estructurada,36,12,18,2,6,0.00575,0.0,33,0,16
e6_ablacion_podas,bt,cpp_ambas,estructurada,36,12,18,2,7,0.005708,0.0,33,0,16
e6_ablacion_podas,bt,cpp_ambas,estructurada,36,12,18,2,8,0.005625,0.0,33,0,16
e6_ablacion_podas,bt,cpp_ambas,estructurada,36,12,18,2,9,0.005666,0.0,33,0,16
e6_ablacion_podas,bt,cpp_ambas,estructurada,36,12,18,2,10,0.006042,0.0,33,0,16
e6_ablacion_podas,bt,cpp_sin_fact,estructurada,36,12,18,0,1,0.006125,0.0,33,0,16
e6_ablacion_podas,bt,cpp_sin_fact,estructurada,36,12,18,0,2,0.006,0.0,33,0,16
e6_ablacion_podas,bt,cpp_sin_fact,estructurada,36,12,18,0,3,0.006,0.0,33,0,16
e6_ablacion_podas,bt,cpp_sin_fact,estructurada,36,12,18,0,4,0.006541,0.0,33,0,16
e6_ablacion_podas,bt,cpp_sin_fact,estructurada,36,12,18,0,5,0.006625,0.0,33,0,16
e6_ablacion_podas,bt,cpp_sin_fact,estructurada,36,12,18,0,6,0.006083,0.0,33,0,16
e6_ablacion_podas,bt,cpp_sin_fact,estructurada,36,12,18,0,7,0.005875,0.0,33,0,16
e6_ablacion_podas,bt,cpp_sin_fact,estructurada,36,12,18,0,8,0.006417,0.0,33,0,16
e6_ablacion_podas,bt,cpp_sin_fact,estructurada,36,12,18,0,9,0.005625,0.0,33,0,16
e6_ablacion_podas,bt,cpp_sin_fact,estructurada,36,12,18,0,10,0.00675,0.0,33,0,16
e6_ablacion_podas,bt,cpp_sin_fact,estructurada,36,12,18,1,1,0.007542,0.0,33,0,16
e6_ablacion_podas,bt,cpp_sin_fact,estructurada,36,12,18,1,2,0.006459,0.0,33,0,16
e6_ablacion_podas,bt,cpp_sin_fact,estructurada,36,12,18,1,3,0.00625,0.0,33,0,16
e6_ablacion_podas,bt,cpp_sin_fact,estructurada,36,12,18,1,4,0.005875,0.0,33,0,16
e6_ablacion_podas,bt,cpp_sin_fact,estructurada,36,12,18,1,5,0.006167,0.0,33,0,16
e6_ablacion_podas,bt,cpp_sin_fact,estructurada,36,12,18,1,6,0.008042,0.0,33,0,16
e6_ablacion_podas,bt,cpp_sin_fact,estructurada,36,12,18,1,7,0.005834,0.0,33,0,16
e6_ablacion_podas,bt,cpp_sin_fact,estructurada,36,12,18,1,8,0.005709,0.0,33,0,16
e6_ablacion_podas,bt,cpp_sin_fact,estructurada,36,12,18,1,9,0.00575,0.0,33,0,16
e6_ablacion_podas,bt,cpp_sin_fact,estructurada,36,12,18,1,10,0.005875,0.0,33,0,16
e6_ablacion_podas,bt,cpp_sin_fact,estructurada,36,12,18,2,1,0.00625,0.0,33,0,16
e6_ablacion_podas,bt,cpp_sin_fact,estructurada,36,12,18,2,2,0.008416,0.0,33,0,16
e6_ablacion_podas,bt,cpp_sin_fact,estructurada,36,12,18,2,3,0.006209,0.0,33,0,16
e6_ablacion_podas,bt,cpp_sin_fact,estructurada,36,12,18,2,4,0.005917,0.0,33,0,16
e6_ablacion_podas,bt,cpp_sin_fact,estructurada,36,12,18,2,5,0.005875,0.0,33,0,16
e6_ablacion_podas,bt,cpp_sin_fact,estructurada,36,12,18,2,6,0.005916,0.0,33,0,16
e6_ablacion_podas,bt,cpp_sin_fact,estructurada,36,12,18,2,7,0.006458,0.0,33,0,16
e6_ablacion_podas,bt,cpp_sin_fact,estructurada,36,12,18,2,8,0.006083,0.0,33,0,16
e6_ablacion_podas,bt,cpp_sin_fact,estructurada,36,12,18,2,9,0.005792,0.0,33,0,16
e6_ablacion_podas,bt,cpp_sin_fact,estructurada,36,12,18,2,10,0.006375,0.0,33,0,16
