experimento,algoritmo,implementacion,familia,n,d,k,semilla,repeticion,ms,costo,nodos,poda_fact,poda_opt
e7_cpp_vs_python,fb,cpp,aleatoria,10,12,5,0,1,0.025042,0.9018301836,,,
e7_cpp_vs_python,fb,cpp,aleatoria,10,12,5,0,2,0.024875,0.9018301836,,,
e7_cpp_vs_python,fb,cpp,aleatoria,10,12,5,0,3,0.026625,0.9018301836,,,
e7_cpp_vs_python,fb,cpp,aleatoria,10,12,5,0,4,0.027375,0.9018301836,,,
e7_cpp_vs_python,fb,cpp,aleatoria,10,12,5,0,5,0.025667,0.9018301836,,,
e7_cpp_vs_python,fb,cpp,aleatoria,10,12,5,0,6,0.026083,0.9018301836,,,
e7_cpp_vs_python,fb,cpp,aleatoria,10,12,5,0,7,0.026584,0.9018301836,,,
e7_cpp_vs_python,fb,cpp,aleatoria,10,12,5,0,8,0.026042,0.9018301836,,,
e7_cpp_vs_python,fb,cpp,aleatoria,10,12,5,0,9,0.0285,0.9018301836,,,
e7_cpp_vs_python,fb,cpp,aleatoria,10,12,5,0,10,0.0275,0.9018301836,,,
e7_cpp_vs_python,fb,cpp,aleatoria,10,12,5,1,1,0.025458,1.265981129,,,
e7_cpp_vs_python,fb,cpp,aleatoria,10,12,5,1,2,0.024666,1.265981129,,,
e7_cpp_vs_python,fb,cpp,aleatoria,10,12,5,1,3,0.026,1.265981129,,,
e7_cpp_vs_python,fb,cpp,aleatoria,10,12,5,1,4,0.03425,1.265981129,,,
e7_cpp_vs_python,fb,cpp,aleatoria,10,12,5,1,5,0.027292,1.265981129,,,
e7_cpp_vs_python,fb,cpp,aleatoria,10,12,5,1,6,0.0265,1.265981129,,,
e7_cpp_vs_python,fb,cpp,aleatoria,10,12,5,1,7,0.025875,1.265981129,,,
e7_cpp_vs_python,fb,cpp,aleatoria,10,12,5,1,8,0.027459,1.265981129,,,
e7_cpp_vs_python,fb,cpp,aleatoria,10,12,5,1,9,0.026334,1.265981129,,,
e7_cpp_vs_python,fb,cpp,aleatoria,10,12,5,1,10,0.026708,1.265981129,,,
e7_cpp_vs_python,fb,cpp,aleatoria,10,12,5,2,1,0.026958,1.341254469,,,
e7_cpp_vs_python,fb,cpp,aleatoria,10,12,5,2,2,0.0275,1.341254469,,,
e7_cpp_vs_python,fb,cpp,aleatoria,10,12,5,2,3,0.026542,1.341254469,,,
e7_cpp_vs_python,fb,cpp,aleatoria,10,12,5,2,4,0.02675,1.341254469,,,
e7_cpp_vs_python,fb,cpp,aleatoria,10,12,5,2,5,0.034042,1.341254469,,,
e7_cpp_vs_python,fb,cpp,aleatoria,10,12,5,2,6,0.027333,1.341254469,,,
e7_cpp_vs_python,fb,cpp,aleatoria,10,12,5,2,7,0.026416,1.341254469,,,
e7_cpp_vs_python,fb,cpp,aleatoria,10,12,5,2,8,0.025333,1.341254469,,,
e7_cpp_vs_python,fb,cpp,aleatoria,10,12,5,2,9,0.027,1.341254469,,,
e7_cpp_vs_python,fb,cpp,aleatoria,10,12,5,2,10,0.026375,1.341254469,,,
e7_cpp_vs_python,fb,py,aleatoria,10,12,5,0,1,0.4435,0.9018301836,,,
e7_cpp_vs_python,fb,py,aleatoria,10,12,5,0,2,0.444083,0.9018301836,,,
e7_cpp_vs_python,fb,py,aleatoria,10,12,5,0,3,0.44175,0.9018301836,,,
e7_cpp_vs_python,fb,py,aleatoria,10,12,5,0,4,0.434291,0.9018301836,,,
e7_cpp_vs_python,fb,py,aleatoria,10,12,5,0,5,0.460458,0.9018301836,,,
e7_cpp_vs_python,fb,py,aleatoria,10,12,5,0,6,0.44225,0.9018301836,,,
e7_cpp_vs_python,fb,py,aleatoria,10,12,5,0,7,0.436042,0.9018301836,,,
e7_cpp_vs_python,fb,py,aleatoria,10,12,5,0,8,0.435958,0.9018301836,,,
e7_cpp_vs_python,fb,py,aleatoria,10,12,5,0,9,0.443,0.9018301836,,,
e7_cpp_vs_python,fb,py,aleatoria,10,12,5,0,10,0.444542,0.9018301836,,,
e7_cpp_vs_python,fb,py,aleatoria,10,12,5,1,1,0.440041,1.265981129,,,
e7_cpp_vs_python,fb,py,aleatoria,10,12,5,1,2,0.428458,1.265981129,,,
e7_cpp_vs_python,fb,py,aleatoria,10,12,5,1,3,0.43925,1.265981129,,,
e7_cpp_vs_python,fb,py,aleatoria,10,12,5,1,4,0.437875,1.265981129,,,
e7_cpp_vs_python,fb,py,aleatoria,10,12,5,1,5,0.519709,1.265981129,,,
e7_cpp_vs_python,fb,py,aleatoria,10,12,5,1,6,0.547625,1.265981129,,,
e7_cpp_vs_python,fb,py,aleatoria,10,12,5,1,7,0.436125,1.265981129,,,
e7_cpp_vs_python,fb,py,aleatoria,10,12,5,1,8,0.450666,1.265981129,,,
e7_cpp_vs_python,fb,py,aleatoria,10,12,5,1,9,0.43825,1.265981129,,,
e7_cpp_vs_python,fb,py,aleatoria,10,12,5,1,10,0.430084,1.265981129,,,
e7_cpp_vs_python,fb,py,aleatoria,10,12,5,2,1,0.430042,1.341254469,,,
e7_cpp_vs_python,fb,py,aleatoria,10,12,5,2,2,0.429292,1.341254469,,,
e7_cpp_vs_python,fb,py,aleatoria,10,12,5,2,3,0.448625,1.341254469,,,
e7_cpp_vs_python,fb,py,aleatoria,10,12,5,2,4,0.44025,1.341254469,,,
e7_cpp_vs_python,fb,py,aleatoria,10,12,5,2,5,0.444542,1.341254469,,,
e7_cpp_vs_python,fb,py,aleatoria,10,12,5,2,6,0.460208,1.341254469,,,
e7_cpp_vs_python,fb,py,aleatoria,10,12,5,2,7,0.429834,1.341254469,,,
e7_cpp_vs_python,fb,py,aleatoria,10,12,5,2,8,0.434167,1.341254469,,,
e7_cpp_vs_python,fb,py,aleatoria,10,12,5,2,9,0.442458,1.341254469,,,
e7_cpp_vs_python,fb,py,aleatoria,10,12,5,2,10,0.432042,1.341254469,,,
e7_cpp_vs_python,bt,cpp,aleatoria,10,12,5,0,1,0.013667,0.9018301836,,,
e7_cpp_vs_python,bt,cpp,aleatoria,10,12,5,0,2,0.01325,0.9018301836,,,
e7_cpp_vs_python,bt,cpp,aleatoria,10,12,5,0,3,0.013291,0.9018301836,,,
e7_cpp_vs_python,bt,cpp,aleatoria,10,12,5,0,4,0.013166,0.9018301836,,,
e7_cpp_vs_python,bt,cpp,aleatoria,10,12,5,0,5,0.013042,0.9018301836,,,
e7_cpp_vs_python,bt,cpp,aleatoria,10,12,5,0,6,0.013083,0.9018301836,,,
e7_cpp_vs_python,bt,cpp,aleatoria,10,12,5,0,7,0.014208,0.9018301836,,,
e7_cpp_vs_python,bt,cpp,aleatoria,10,12,5,0,8,0.0125,0.9018301836,,,
e7_cpp_vs_python,bt,cpp,aleatoria,10,12,5,0,9,0.012167,0.9018301836,,,
e7_cpp_vs_python,bt,cpp,aleatoria,10,12,5,0,10,0.0165,0.9018301836,,,
e7_cpp_vs_python,bt,cpp,aleatoria,10,12,5,1,1,0.00825,1.265981129,,,
e7_cpp_vs_python,bt,cpp,aleatoria,10,12,5,1,2,0.009625,1.265981129,,,
e7_cpp_vs_python,bt,cpp,aleatoria,10,12,5,1,3,0.008167,1.265981129,,,
e7_cpp_vs_python,bt,cpp,aleatoria,10,12,5,1,4,0.008583,1.265981129,,,
e7_cpp_vs_python,bt,cpp,aleatoria,10,12,5,1,5,0.008791,1.265981129,,,
e7_cpp_vs_python,bt,cpp,aleatoria,10,12,5,1,6,0.007959,1.265981129,,,
e7_cpp_vs_python,bt,cpp,aleatoria,10,12,5,1,7,0.007959,1.265981129,,,
e7_cpp_vs_python,bt,cpp,aleatoria,10,12,5,1,8,0.008084,1.265981129,,,
e7_cpp_vs_python,bt,cpp,aleatoria,10,12,5,1,9,0.008541,1.265981129,,,
e7_cpp_vs_python,bt,cpp,aleatoria,10,12,5,1,10,0.008417,1.265981129,,,
e7_cpp_vs_python,bt,cpp,aleatoria,10,12,5,2,1,0.014084,1.341254469,,,
e7_cpp_vs_python,bt,cpp,aleatoria,10,12,5,2,2,0.011708,1.341254469,,,
e7_cpp_vs_python,bt,cpp,aleatoria,10,12,5,2,3,0.011792,1.341254469,,,
e7_cpp_vs_python,bt,cpp,aleatoria,10,12,5,2,4,0.011959,1.341254469,,,
e7_cpp_vs_python,bt,cpp,aleatoria,10,12,5,2,5,0.012708,1.341254469,,,
e7_cpp_vs_python,bt,cpp,aleatoria,10,12,5,2,6,0.012917,1.341254469,,,
e7_cpp_vs_python,bt,cpp,aleatoria,10,12,5,2,7,0.011917,1.341254469,,,
e7_cpp_vs_python,bt,cpp,aleatoria,10,12,5,2,8,0.011959,1.341254469,,,
e7_cpp_vs_python,bt,cpp,aleatoria,10,12,5,2,9,0.012083,1.341254469,,,
e7_cpp_vs_python,bt,cpp,aleatoria,10,12,5,2,10,0.01175,1.341254469,,,
e7_cpp_vs_python,bt,py,aleatoria,10,12,5,0,1,0.411083,0.9018301836,,,
e7_cpp_vs_python,bt,py,aleatoria,10,12,5,0,2,0.399625,0.9018301836,,,
e7_cpp_vs_python,bt,py,aleatoria,10,12,5,0,3,0.436208,0.9018301836,,,
e7_cpp_vs_python,bt,py,aleatoria,10,12,5,0,4,0.395666,0.9018301836,,,
e7_cpp_vs_python,bt,py,aleatoria,10,12,5,0,5,0.403083,0.9018301836,,,
e7_cpp_vs_python,bt,py,aleatoria,10,12,5,0,6,0.406209,0.9018301836,,,
e7_cpp_vs_python,bt,py,aleatoria,10,12,5,0,7,0.429125,0.9018301836,,,
e7_cpp_vs_python,bt,py,aleatoria,10,12,5,0,8,0.393666,0.9018301836,,,
e7_cpp_vs_python,bt,py,aleatoria,10,12,5,0,9,0.397667,0.9018301836,,,
e7_cpp_vs_python,bt,py,aleatoria,10,12,5,0,10,0.40475,0.9018301836,,,
e7_cpp_vs_python,bt,py,aleatoria,10,12,5,1,1,0.271458,1.265981129,,,
e7_cpp_vs_python,bt,py,aleatoria,10,12,5,1,2,0.254042,1.265981129,,,
e7_cpp_vs_python,bt,py,aleatoria,10,12,5,1,3,0.251125,1.265981129,,,
e7_cpp_vs_python,bt,py,aleatoria,10,12,5,1,4,0.253333,1.265981129,,,
e7_cpp_vs_python,bt,py,aleatoria,10,12,5,1,5,0.280584,1.265981129,,,
e7_cpp_vs_python,bt,py,aleatoria,10,12,5,1,6,0.253667,1.265981129,,,
e7_cpp_vs_python,bt,py,aleatoria,10,12,5,1,7,0.255167,1.265981129,,,
e7_cpp_vs_python,bt,py,aleatoria,10,12,5,1,8,0.258041,1.265981129,,,
e7_cpp_vs_python,bt,py,aleatoria,10,12,5,1,9,0.253333,1.265981129,,,
e7_cpp_vs_python,bt,py,aleatoria,10,12,5,1,10,0.252667,1.265981129,,,
e7_cpp_vs_python,bt,py,aleatoria,10,12,5,2,1,0.377625,1.341254469,,,
e7_cpp_vs_python,bt,py,aleatoria,10,12,5,2,2,0.373417,1.341254469,,,
e7_cpp_vs_python,bt,py,aleatoria,10,12,5,2,3,0.374416,1.341254469,,,
e7_cpp_vs_python,bt,py,aleatoria,10,12,5,2,4,0.372166,1.341254469,,,
e7_cpp_vs_python,bt,py,aleatoria,10,12,5,2,5,0.404291,1.341254469,,,
e7_cpp_vs_python,bt,py,aleatoria,10,12,5,2,6,0.38,1.341254469,,,
e7_cpp_vs_python,bt,py,aleatoria,10,12,5,2,7,0.379042,1.341254469,,,
e7_cpp_vs_python,bt,py,aleatoria,10,12,5,2,8,0.386958,1.341254469,,,
e7_cpp_vs_python,bt,py,aleatoria,10,12,5,2,9,0.385125,1.341254469,,,
e7_cpp_vs_python,bt,py,aleatoria,10,12,5,2,10,0.376584,1.341254469,,,
e7_cpp_vs_python,pd,cpp,aleatoria,10,12,5,0,1,0.002208,0.9018301836,,,
e7_cpp_vs_python,pd,cpp,aleatoria,10,12,5,0,2,0.002166,0.9018301836,,,
e7_cpp_vs_python,pd,cpp,aleatoria,10,12,5,0,3,0.002208,0.9018301836,,,
e7_cpp_vs_python,pd,cpp,aleatoria,10,12,5,0,4,0.002083,0.9018301836,,,
e7_cpp_vs_python,pd,cpp,aleatoria,10,12,5,0,5,0.002167,0.9018301836,,,
e7_cpp_vs_python,pd,cpp,aleatoria,10,12,5,0,6,0.002167,0.9018301836,,,
e7_cpp_vs_python,pd,cpp,aleatoria,10,12,5,0,7,0.002416,0.9018301836,,,
e7_cpp_vs_python,pd,cpp,aleatoria,10,12,5,0,8,0.001958,0.9018301836,,,
e7_cpp_vs_python,pd,cpp,aleatoria,10,12,5,0,9,0.002125,0.9018301836,,,
e7_cpp_vs_python,pd,cpp,aleatoria,10,12,5,0,10,0.002209,0.9018301836,,,
e7_cpp_vs_python,pd,cpp,aleatoria,10,12,5,1,1,0.002833,1.265981129,,,
e7_cpp_vs_python,pd,cpp,aleatoria,10,12,5,1,2,0.002625,1.265981129,,,
e7_cpp_vs_python,pd,cpp,aleatoria,10,12,5,1,3,0.002209,1.265981129,,,
e7_cpp_vs_python,pd,cpp,aleatoria,10,12,5,1,4,0.002125,1.265981129,,,
e7_cpp_vs_python,pd,cpp,aleatoria,10,12,5,1,5,0.002292,1.265981129,,,
e7_cpp_vs_python,pd,cpp,aleatoria,10,12,5,1,6,0.002,1.265981129,,,
e7_cpp_vs_python,pd,cpp,aleatoria,10,12,5,1,7,0.002125,1.265981129,,,
e7_cpp_vs_python,pd,cpp,aleatoria,10,12,5,1,8,0.002125,1.265981129,,,
e7_cpp_vs_python,pd,cpp,aleatoria,10,12,5,1,9,0.001917,1.265981129,,,
e7_cpp_vs_python,pd,cpp,aleatoria,10,12,5,1,10,0.002125,1.265981129,,,
e7_cpp_vs_python,pd,cpp,aleatoria,10,12,5,2,1,0.002125,1.341254469,,,
e7_cpp_vs_python,pd,cpp,aleatoria,10,12,5,2,2,0.002333,1.341254469,,,
e7_cpp_vs_python,pd,cpp,aleatoria,10,12,5,2,3,0.002041,1.341254469,,,
e7_cpp_vs_python,pd,cpp,aleatoria,10,12,5,2,4,0.002083,1.341254469,,,
e7_cpp_vs_python,pd,cpp,aleatoria,10,12,5,2,5,0.002083,1.341254469,,,
e7_cpp_vs_python,pd,cpp,aleatoria,10,12,5,2,6,0.001958,1.341254469,,,
e7_cpp_vs_python,pd,cpp,aleatoria,10,12,5,2,7,0.002166,1.341254469,,,
e7_cpp_vs_python,pd,cpp,aleatoria,10,12,5,2,8,0.001916,1.341254469,,,
e7_cpp_vs_python,pd,cpp,aleatoria,10,12,5,2,9,0.001959,1.341254469,,,
e7_cpp_vs_python,pd,cpp,aleatoria,10,12,5,2,10,0.002041,1.341254469,,,
e7_cpp_vs_python,pd,py,aleatoria,10,12,5,0,1,0.06175,0.9018301836,,,
e7_cpp_vs_python,pd,py,aleatoria,10,12,5,0,2,0.062209,0.9018301836,,,
e7_cpp_vs_python,pd,py,aleatoria,10,12,5,0,3,0.0625,0.9018301836,,,
e7_cpp_vs_python,pd,py,aleatoria,10,12,5,0,4,0.063416,0.9018301836,,,
e7_cpp_vs_python,pd,py,aleatoria,10,12,5,0,5,0.081375,0.9018301836,,,
e7_cpp_vs_python,pd,py,aleatoria,10,12,5,0,6,0.062959,0.9018301836,,,
e7_cpp_vs_python,pd,py,aleatoria,10,12,5,0,7,0.06175,0.9018301836,,,
e7_cpp_vs_python,pd,py,aleatoria,10,12,5,0,8,0.0615,0.9018301836,,,
e7_cpp_vs_python,pd,py,aleatoria,10,12,5,0,9,0.0625,0.9018301836,,,
e7_cpp_vs_python,pd,py,aleatoria,10,12,5,0,10,0.062333,0.9018301836,,,
e7_cpp_vs_python,pd,py,aleatoria,10,12,5,1,1,0.062667,1.265981129,,,
e7_cpp_vs_python,pd,py,aleatoria,10,12,5,1,2,0.063625,1.265981129,,,
e7_cpp_vs_python,pd,py,aleatoria,10,12,5,1,3,0.063292,1.265981129,,,
e7_cpp_vs_python,pd,py,aleatoria,10,12,5,1,4,0.062584,1.265981129,,,
e7_cpp_vs_python,pd,py,aleatoria,10,12,5,1,5,0.062125,1.265981129,,,
e7_cpp_vs_python,pd,py,aleatoria,10,12,5,1,6,0.064041,1.265981129,,,
e7_cpp_vs_python,pd,py,aleatoria,10,12,5,1,7,0.061792,1.265981129,,,
e7_cpp_vs_python,pd,py,aleatoria,10,12,5,1,8,0.060833,1.265981129,,,
e7_cpp_vs_python,pd,py,aleatoria,10,12,5,1,9,0.062084,1.265981129,,,
e7_cpp_vs_python,pd,py,aleatoria,10,12,5,1,10,0.061083,1.265981129,,,
e7_cpp_vs_python,pd,py,aleatoria,10,12,5,2,1,0.063834,1.341254469,,,
e7_cpp_vs_python,pd,py,aleatoria,10,12,5,2,2,0.062875,1.341254469,,,
e7_cpp_vs_python,pd,py,aleatoria,10,12,5,2,3,0.062458,1.341254469,,,
e7_cpp_vs_python,pd,py,aleatoria,10,12,5,2,4,0.065083,1.341254469,,,
e7_cpp_vs_python,pd,py,aleatoria,10,12,5,2,5,0.063458,1.341254469,,,
e7_cpp_vs_python,pd,py,aleatoria,10,12,5,2,6,0.064167,1.341254469,,,
e7_cpp_vs_python,pd,py,aleatoria,10,12,5,2,7,0.061417,1.341254469,,,
e7_cpp_vs_python,pd,py,aleatoria,10,12,5,2,8,0.062459,1.341254469,,,
e7_cpp_vs_python,pd,py,aleatoria,10,12,5,2,9,0.063292,1.341254469,,,
e7_cpp_vs_python,pd,py,aleatoria,10,12,5,2,10,0.069917,1.341254469,,,
e7_cpp_vs_python,fb,cpp,aleatoria,12,12,6,0,1,0.094708,0.9178608337,,,
e7_cpp_vs_python,fb,cpp,aleatoria,12,12,6,0,2,0.094917,0.9178608337,,,
e7_cpp_vs_python,fb,cpp,aleatoria,12,12,6,0,3,0.119667,0.9178608337,,,
e7_cpp_vs_python,fb,cpp,aleatoria,12,12,6,0,4,0.099542,0.9178608337,,,
e7_cpp_vs_python,fb,cpp,aleatoria,12,12,6,0,5,0.096458,0.9178608337,,,
e7_cpp_vs_python,fb,cpp,aleatoria,12,12,6,0,6,0.098209,0.9178608337,,,
e7_cpp_vs_python,fb,cpp,aleatoria,12,12,6,0,7,0.095,0.9178608337,,,
e7_cpp_vs_python,fb,cpp,aleatoria,12,12,6,0,8,0.098458,0.9178608337,,,
e7_cpp_vs_python,fb,cpp,aleatoria,12,12,6,0,9,0.095667,0.9178608337,,,
e7_cpp_vs_python,fb,cpp,aleatoria,12,12,6,0,10,0.100166,0.9178608337,,,
e7_cpp_vs_python,fb,cpp,aleatoria,12,12,6,1,1,0.092833,0.9831014648,,,
e7_cpp_vs_python,fb,cpp,aleatoria,12,12,6,1,2,0.093875,0.9831014648,,,
e7_cpp_vs_python,fb,cpp,aleatoria,12,12,6,1,3,0.096459,0.9831014648,,,
e7_cpp_vs_python,fb,cpp,aleatoria,12,12,6,1,4,0.093542,0.9831014648,,,
e7_cpp_vs_python,fb,cpp,aleatoria,12,12,6,1,5,0.098917,0.9831014648,,,
e7_cpp_vs_python,fb,cpp,aleatoria,12,12,6,1,6,0.093541,0.9831014648,,,
e7_cpp_vs_python,fb,cpp,aleatoria,12,12,6,1,7,0.093791,0.9831014648,,,
e7_cpp_vs_python,fb,cpp,aleatoria,12,12,6,1,8,0.106333,0.9831014648,,,
e7_cpp_vs_python,fb,cpp,aleatoria,12,12,6,1,9,0.095375,0.9831014648,,,
e7_cpp_vs_python,fb,cpp,aleatoria,12,12,6,1,10,0.093791,0.9831014648,,,
e7_cpp_vs_python,fb,cpp,aleatoria,12,12,6,2,1,0.0935,1.154818574,,,
e7_cpp_vs_python,fb,cpp,aleatoria,12,12,6,2,2,0.093875,1.154818574,,,
e7_cpp_vs_python,fb,cpp,aleatoria,12,12,6,2,3,0.106542,1.154818574,,,
e7_cpp_vs_python,fb,cpp,aleatoria,12,12,6,2,4,0.0935,1.154818574,,,
e7_cpp_vs_python,fb,cpp,aleatoria,12,12,6,2,5,0.093792,1.154818574,,,
e7_cpp_vs_python,fb,cpp,aleatoria,12,12,6,2,6,0.094084,1.154818574,,,
e7_cpp_vs_python,fb,cpp,aleatoria,12,12,6,2,7,0.111292,1.154818574,,,
e7_cpp_vs_python,fb,cpp,aleatoria,12,12,6,2,8,0.093792,1.154818574,,,
e7_cpp_vs_python,fb,cpp,aleatoria,12,12,6,2,9,0.094292,1.154818574,,,
e7_cpp_vs_python,fb,cpp,aleatoria,12,12,6,2,10,0.094708,1.154818574,,,
e7_cpp_vs_python,fb,py,aleatoria,12,12,6,0,1,1.957083,0.9178608337,,,
e7_cpp_vs_python,fb,py,aleatoria,12,12,6,0,2,1.922083,0.9178608337,,,
e7_cpp_vs_python,fb,py,aleatoria,12,12,6,0,3,1.92,0.9178608337,,,
e7_cpp_vs_python,fb,py,aleatoria,12,12,6,0,4,2.012625,0.9178608337,,,
e7_cpp_vs_python,fb,py,aleatoria,12,12,6,0,5,1.973375,0.9178608337,,,
e7_cpp_vs_python,fb,py,aleatoria,12,12,6,0,6,2.039833,0.9178608337,,,
e7_cpp_vs_python,fb,py,aleatoria,12,12,6,0,7,1.997625,0.9178608337,,,
e7_cpp_vs_python,fb,py,aleatoria,12,12,6,0,8,1.963959,0.9178608337,,,
e7_cpp_vs_python,fb,py,aleatoria,12,12,6,0,9,2.038083,0.9178608337,,,
e7_cpp_vs_python,fb,py,aleatoria,12,12,6,0,10,2.015167,0.9178608337,,,
e7_cpp_vs_python,fb,py,aleatoria,12,12,6,1,1,1.954458,0.9831014648,,,
e7_cpp_vs_python,fb,py,aleatoria,12,12,6,1,2,2.139959,0.9831014648,,,
e7_cpp_vs_python,fb,py,aleatoria,12,12,6,1,3,1.949167,0.9831014648,,,
e7_cpp_vs_python,fb,py,aleatoria,12,12,6,1,4,1.958459,0.9831014648,,,
e7_cpp_vs_python,fb,py,aleatoria,12,12,6,1,5,2.011833,0.9831014648,,,
e7_cpp_vs_python,fb,py,aleatoria,12,12,6,1,6,2.029125,0.9831014648,,,
e7_cpp_vs_python,fb,py,aleatoria,12,12,6,1,7,1.967458,0.9831014648,,,
e7_cpp_vs_python,fb,py,aleatoria,12,12,6,1,8,2.063083,0.9831014648,,,
e7_cpp_vs_python,fb,py,aleatoria,12,12,6,1,9,1.947041,0.9831014648,,,
e7_cpp_vs_python,fb,py,aleatoria,12,12,6,1,10,1.920791,0.9831014648,,,
e7_cpp_vs_python,fb,py,aleatoria,12,12,6,2,1,2.048708,1.154818574,,,
e7_cpp_vs_python,fb,py,aleatoria,12,12,6,2,2,2.022375,1.154818574,,,
e7_cpp_vs_python,fb,py,aleatoria,12,12,6,2,3,2.058459,1.154818574,,,
e7_cpp_vs_python,fb,py,aleatoria,12,12,6,2,4,2.045084,1.154818574,,,
e7_cpp_vs_python,fb,py,aleatoria,12,12,6,2,5,2.0555,1.154818574,,,
e7_cpp_vs_python,fb,py,aleatoria,12,12,6,2,6,2.033375,1.154818574,,,
e7_cpp_vs_python,fb,py,aleatoria,12,12,6,2,7,2.042416,1.154818574,,,
e7_cpp_vs_python,fb,py,aleatoria,12,12,6,2,8,2.067167,1.154818574,,,
e7_cpp_vs_python,fb,py,aleatoria,12,12,6,2,9,2.020375,1.154818574,,,
e7_cpp_vs_python,fb,py,aleatoria,12,12,6,2,10,2.065,1.154818574,,,
e7_cpp_vs_python,bt,cpp,aleatoria,12,12,6,0,1,0.018833,0.9178608337,,,
e7_cpp_vs_python,bt,cpp,aleatoria,12,12,6,0,2,0.018542,0.9178608337,,,
e7_cpp_vs_python,bt,cpp,aleatoria,12,12,6,0,3,0.018417,0.9178608337,,,
e7_cpp_vs_python,bt,cpp,aleatoria,12,12,6,0,4,0.021167,0.9178608337,,,
e7_cpp_vs_python,bt,cpp,aleatoria,12,12,6,0,5,0.018,0.9178608337,,,
e7_cpp_vs_python,bt,cpp,aleatoria,12,12,6,0,6,0.017833,0.9178608337,,,
e7_cpp_vs_python,bt,cpp,aleatoria,12,12,6,0,7,0.017542,0.9178608337,,,
e7_cpp_vs_python,bt,cpp,aleatoria,12,12,6,0,8,0.018458,0.9178608337,,,
e7_cpp_vs_python,bt,cpp,aleatoria,12,12,6,0,9,0.017625,0.9178608337,,,
e7_cpp_vs_python,bt,cpp,aleatoria,12,12,6,0,10,0.018333,0.9178608337,,,
e7_cpp_vs_python,bt,cpp,aleatoria,12,12,6,1,1,0.007959,0.9831014648,,,
e7_cpp_vs_python,bt,cpp,aleatoria,12,12,6,1,2,0.00775,0.9831014648,,,
e7_cpp_vs_python,bt,cpp,aleatoria,12,12,6,1,3,0.007708,0.9831014648,,,
e7_cpp_vs_python,bt,cpp,aleatoria,12,12,6,1,4,0.0085,0.9831014648,,,
e7_cpp_vs_python,bt,cpp,aleatoria,12,12,6,1,5,0.010667,0.9831014648,,,
e7_cpp_vs_python,bt,cpp,aleatoria,12,12,6,1,6,0.008417,0.9831014648,,,
e7_cpp_vs_python,bt,cpp,aleatoria,12,12,6,1,7,0.007625,0.9831014648,,,
e7_cpp_vs_python,bt,cpp,aleatoria,12,12,6,1,8,0.008334,0.9831014648,,,
e7_cpp_vs_python,bt,cpp,aleatoria,12,12,6,1,9,0.00775,0.9831014648,,,
e7_cpp_vs_python,bt,cpp,aleatoria,12,12,6,1,10,0.007625,0.9831014648,,,
e7_cpp_vs_python,bt,cpp,aleatoria,12,12,6,2,1,0.013666,1.154818574,,,
e7_cpp_vs_python,bt,cpp,aleatoria,12,12,6,2,2,0.0135,1.154818574,,,
e7_cpp_vs_python,bt,cpp,aleatoria,12,12,6,2,3,0.013333,1.154818574,,,
e7_cpp_vs_python,bt,cpp,aleatoria,12,12,6,2,4,0.012625,1.154818574,,,
e7_cpp_vs_python,bt,cpp,aleatoria,12,12,6,2,5,0.012458,1.154818574,,,
e7_cpp_vs_python,bt,cpp,aleatoria,12,12,6,2,6,0.012542,1.154818574,,,
e7_cpp_vs_python,bt,cpp,aleatoria,12,12,6,2,7,0.012625,1.154818574,,,
e7_cpp_vs_python,bt,cpp,aleatoria,12,12,6,2,8,0.012542,1.154818574,,,
e7_cpp_vs_python,bt,cpp,aleatoria,12,12,6,2,9,0.012667,1.154818574,,,
e7_cpp_vs_python,bt,cpp,aleatoria,12,12,6,2,10,0.012209,1.154818574,,,
e7_cpp_vs_python,bt,py,aleatoria,12,12,6,0,1,0.688958,0.9178608337,,,
e7_cpp_vs_python,bt,py,aleatoria,12,12,6,0,2,0.682041,0.9178608337,,,
e7_cpp_vs_python,bt,py,aleatoria,12,12,6,0,3,0.696167,0.9178608337,,,
e7_cpp_vs_python,bt,py,aleatoria,12,12,6,0,4,0.678208,0.9178608337,,,
e7_cpp_vs_python,bt,py,aleatoria,12,12,6,0,5,0.686375,0.9178608337,,,
e7_cpp_vs_python,bt,py,aleatoria,12,12,6,0,6,0.678416,0.9178608337,,,
e7_cpp_vs_python,bt,py,aleatoria,12,12,6,0,7,0.700334,0.9178608337,,,
e7_cpp_vs_python,bt,py,aleatoria,12,12,6,0,8,0.713167,0.9178608337,,,
e7_cpp_vs_python,bt,py,aleatoria,12,12,6,0,9,0.69925,0.9178608337,,,
e7_cpp_vs_python,bt,py,aleatoria,12,12,6,0,10,0.676791,0.9178608337,,,
e7_cpp_vs_python,bt,py,aleatoria,12,12,6,1,1,0.310667,0.9831014648,,,
e7_cpp_vs_python,bt,py,aleatoria,12,12,6,1,2,0.305875,0.9831014648,,,
e7_cpp_vs_python,bt,py,aleatoria,12,12,6,1,3,0.313416,0.9831014648,,,
e7_cpp_vs_python,bt,py,aleatoria,12,12,6,1,4,0.308625,0.9831014648,,,
e7_cpp_vs_python,bt,py,aleatoria,12,12,6,1,5,0.310333,0.9831014648,,,
e7_cpp_vs_python,bt,py,aleatoria,12,12,6,1,6,0.307375,0.9831014648,,,
e7_cpp_vs_python,bt,py,aleatoria,12,12,6,1,7,0.309416,0.9831014648,,,
e7_cpp_vs_python,bt,py,aleatoria,12,12,6,1,8,0.325916,0.9831014648,,,
e7_cpp_vs_python,bt,py,aleatoria,12,12,6,1,9,0.320667,0.9831014648,,,
e7_cpp_vs_python,bt,py,aleatoria,12,12,6,1,10,0.321041,0.9831014648,,,
e7_cpp_vs_python,bt,py,aleatoria,12,12,6,2,1,0.466625,1.154818574,,,
e7_cpp_vs_python,bt,py,aleatoria,12,12,6,2,2,0.474042,1.154818574,,,
e7_cpp_vs_python,bt,py,aleatoria,12,12,6,2,3,0.464958,1.154818574,,,
e7_cpp_vs_python,bt,py,aleatoria,12,12,6,2,4,0.465042,1.154818574,,,
e7_cpp_vs_python,bt,py,aleatoria,12,12,6,2,5,0.44875,1.154818574,,,
e7_cpp_vs_python,bt,py,aleatoria,12,12,6,2,6,0.45875,1.154818574,,,
e7_cpp_vs_python,bt,py,aleatoria,12,12,6,2,7,0.443542,1.154818574,,,
e7_cpp_vs_python,bt,py,aleatoria,12,12,6,2,8,0.455959,1.154818574,,,
e7_cpp_vs_python,bt,py,aleatoria,12,12,6,2,9,0.467,1.154818574,,,
e7_cpp_vs_python,bt,py,aleatoria,12,12,6,2,10,0.46475,1.154818574,,,
e7_cpp_vs_python,pd,cpp,aleatoria,12,12,6,0,1,0.00275,0.9178608337,,,
e7_cpp_vs_python,pd,cpp,aleatoria,12,12,6,0,2,0.002625,0.9178608337,,,
e7_cpp_vs_python,pd,cpp,aleatoria,12,12,6,0,3,0.002584,0.9178608337,,,
e7_cpp_vs_python,pd,cpp,aleatoria,12,12,6,0,4,0.002583,0.9178608337,,,
e7_cpp_vs_python,pd,cpp,aleatoria,12,12,6,0,5,0.0025,0.9178608337,,,
e7_cpp_vs_python,pd,cpp,aleatoria,12,12,6,0,6,0.003416,0.9178608337,,,
e7_cpp_vs_python,pd,cpp,aleatoria,12,12,6,0,7,0.002458,0.9178608337,,,
e7_cpp_vs_python,pd,cpp,aleatoria,12,12,6,0,8,0.002458,0.9178608337,,,
e7_cpp_vs_python,pd,cpp,aleatoria,12,12,6,0,9,0.0025,0.9178608337,,,
e7_cpp_vs_python,pd,cpp,aleatoria,12,12,6,0,10,0.002292,0.9178608337,,,
e7_cpp_vs_python,pd,cpp,aleatoria,12,12,6,1,1,0.0025,0.9831014648,,,
e7_cpp_vs_python,pd,cpp,aleatoria,12,12,6,1,2,0.0025,0.9831014648,,,
e7_cpp_vs_python,pd,cpp,aleatoria,12,12,6,1,3,0.002334,0.9831014648,,,
e7_cpp_vs_python,pd,cpp,aleatoria,12,12,6,1,4,0.002917,0.9831014648,,,
e7_cpp_vs_python,pd,cpp,aleatoria,12,12,6,1,5,0.002416,0.9831014648,,,
e7_cpp_vs_python,pd,cpp,aleatoria,12,12,6,1,6,0.0025,0.9831014648,,,
e7_cpp_vs_python,pd,cpp,aleatoria,12,12,6,1,7,0.002417,0.9831014648,,,
e7_cpp_vs_python,pd,cpp,aleatoria,12,12,6,1,8,0.002417,0.9831014648,,,
e7_cpp_vs_python,pd,cpp,aleatoria,12,12,6,1,9,0.002208,0.9831014648,,,
e7_cpp_vs_python,pd,cpp,aleatoria,12,12,6,1,10,0.002375,0.9831014648,,,
e7_cpp_vs_python,pd,cpp,aleatoria,12,12,6,2,1,0.002292,1.154818574,,,
e7_cpp_vs_python,pd,cpp,aleatoria,12,12,6,2,2,0.002375,1.154818574,,,
e7_cpp_vs_python,pd,cpp,aleatoria,12,12,6,2,3,0.002791,1.154818574,,,
e7_cpp_vs_python,pd,cpp,aleatoria,12,12,6,2,4,0.002541,1.154818574,,,
e7_cpp_vs_python,pd,cpp,aleatoria,12,12,6,2,5,0.002375,1.154818574,,,
e7_cpp_vs_python,pd,cpp,aleatoria,12,12,6,2,6,0.002542,1.154818574,,,
e7_cpp_vs_python,pd,cpp,aleatoria,12,12,6,2,7,0.002291,1.154818574,,,
e7_cpp_vs_python,pd,cpp,aleatoria,12,12,6,2,8,0.002375,1.154818574,,,
e7_cpp_vs_python,pd,cpp,aleatoria,12,12,6,2,9,0.002292,1.154818574,,,
e7_cpp_vs_python,pd,cpp,aleatoria,12,12,6,2,10,0.002209,1.154818574,,,
e7_cpp_vs_python,pd,py,aleatoria,12,12,6,0,1,0.101541,0.9178608337,,,
e7_cpp_vs_python,pd,py,aleatoria,12,12,6,0,2,0.1005,0.9178608337,,,
e7_cpp_vs_python,pd,py,aleatoria,12,12,6,0,3,0.102125,0.9178608337,,,
e7_cpp_vs_python,pd,py,aleatoria,12,12,6,0,4,0.104417,0.9178608337,,,
e7_cpp_vs_python,pd,py,aleatoria,12,12,6,0,5,0.102,0.9178608337,,,
e7_cpp_vs_python,pd,py,aleatoria,12,12,6,0,6,0.101041,0.9178608337,,,
e7_cpp_vs_python,pd,py,aleatoria,12,12,6,0,7,0.101417,0.9178608337,,,
e7_cpp_vs_python,pd,py,aleatoria,12,12,6,0,8,0.104583,0.9178608337,,,
e7_cpp_vs_python,pd,py,aleatoria,12,12,6,0,9,0.101167,0.9178608337,,,
e7_cpp_vs_python,pd,py,aleatoria,12,12,6,0,10,0.1015,0.9178608337,,,
e7_cpp_vs_python,pd,py,aleatoria,12,12,6,1,1,0.102167,0.9831014648,,,
e7_cpp_vs_python,pd,py,aleatoria,12,12,6,1,2,0.10125,0.9831014648,,,
e7_cpp_vs_python,pd,py,aleatoria,12,12,6,1,3,0.101041,0.9831014648,,,
e7_cpp_vs_python,pd,py,aleatoria,12,12,6,1,4,0.101792,0.9831014648,,,
e7_cpp_vs_python,pd,py,aleatoria,12,12,6,1,5,0.103708,0.9831014648,,,
e7_cpp_vs_python,pd,py,aleatoria,12,12,6,1,6,0.101292,0.9831014648,,,
e7_cpp_vs_python,pd,py,aleatoria,12,12,6,1,7,0.104708,0.9831014648,,,
e7_cpp_vs_python,pd,py,aleatoria,12,12,6,1,8,0.102583,0.9831014648,,,
e7_cpp_vs_python,pd,py,aleatoria,12,12,6,1,9,0.1005,0.9831014648,,,
e7_cpp_vs_python,pd,py,aleatoria,12,12,6,1,10,0.102458,0.9831014648,,,
e7_cpp_vs_python,pd,py,aleatoria,12,12,6,2,1,0.104334,1.154818574,,,
e7_cpp_vs_python,pd,py,aleatoria,12,12,6,2,2,0.100458,1.154818574,,,
e7_cpp_vs_python,pd,py,aleatoria,12,12,6,2,3,0.103041,1.154818574,,,
e7_cpp_vs_python,pd,py,aleatoria,12,12,6,2,4,0.1025,1.154818574,,,
e7_cpp_vs_python,pd,py,aleatoria,12,12,6,2,5,0.101208,1.154818574,,,
e7_cpp_vs_python,pd,py,aleatoria,12,12,6,2,6,0.104625,1.154818574,,,
e7_cpp_vs_python,pd,py,aleatoria,12,12,6,2,7,0.10275,1.154818574,,,
e7_cpp_vs_python,pd,py,aleatoria,12,12,6,2,8,0.10375,1.154818574,,,
e7_cpp_vs_python,pd,py,aleatoria,12,12,6,2,9,0.099667,1.154818574,,,
e7_cpp_vs_python,pd,py,aleatoria,12,12,6,2,10,0.103709,1.154818574,,,
e7_cpp_vs_python,fb,cpp,aleatoria,14,12,7,0,1,0.365167,1.20518297,,,
e7_cpp_vs_python,fb,cpp,aleatoria,14,12,7,0,2,0.455083,1.20518297,,,
e7_cpp_vs_python,fb,cpp,aleatoria,14,12,7,0,3,0.360541,1.20518297,,,
e7_cpp_vs_python,fb,cpp,aleatoria,14,12,7,0,4,0.391083,1.20518297,,,
e7_cpp_vs_python,fb,cpp,aleatoria,14,12,7,0,5,0.358917,1.20518297,,,
e7_cpp_vs_python,fb,cpp,aleatoria,14,12,7,0,6,0.386833,1.20518297,,,
e7_cpp_vs_python,fb,cpp,aleatoria,14,12,7,0,7,0.359916,1.20518297,,,
e7_cpp_vs_python,fb,cpp,aleatoria,14,12,7,0,8,0.362791,1.20518297,,,
e7_cpp_vs_python,fb,cpp,aleatoria,14,12,7,0,9,0.361625,1.20518297,,,
e7_cpp_vs_python,fb,cpp,aleatoria,14,12,7,0,10,0.385833,1.20518297,,,
e7_cpp_vs_python,fb,cpp,aleatoria,14,12,7,1,1,0.364083,1.015055516,,,
e7_cpp_vs_python,fb,cpp,aleatoria,14,12,7,1,2,0.384167,1.015055516,,,
e7_cpp_vs_python,fb,cpp,aleatoria,14,12,7,1,3,0.387625,1.015055516,,,
e7_cpp_vs_python,fb,cpp,aleatoria,14,12,7,1,4,0.388459,1.015055516,,,
e7_cpp_vs_python,fb,cpp,aleatoria,14,12,7,1,5,0.450625,1.015055516,,,
e7_cpp_vs_python,fb,cpp,aleatoria,14,12,7,1,6,0.381167,1.015055516,,,
e7_cpp_vs_python,fb,cpp,aleatoria,14,12,7,1,7,0.365291,1.015055516,,,
e7_cpp_vs_python,fb,cpp,aleatoria,14,12,7,1,8,0.358041,1.015055516,,,
e7_cpp_vs_python,fb,cpp,aleatoria,14,12,7,1,9,0.387667,1.015055516,,,
e7_cpp_vs_python,fb,cpp,aleatoria,14,12,7,1,10,0.380542,1.015055516,,,
e7_cpp_vs_python,fb,cpp,aleatoria,14,12,7,2,1,0.349667,1.211750288,,,
e7_cpp_vs_python,fb,cpp,aleatoria,14,12,7,2,2,0.35925,1.211750288,,,
e7_cpp_vs_python,fb,cpp,aleatoria,14,12,7,2,3,0.381167,1.211750288,,,
e7_cpp_vs_python,fb,cpp,aleatoria,14,12,7,2,4,0.358459,1.211750288,,,
e7_cpp_vs_python,fb,cpp,aleatoria,14,12,7,2,5,0.379333,1.211750288,,,
e7_cpp_vs_python,fb,cpp,aleatoria,14,12,7,2,6,0.3885,1.211750288,,,
e7_cpp_vs_python,fb,cpp,aleatoria,14,12,7,2,7,0.35775,1.211750288,,,
e7_cpp_vs_python,fb,cpp,aleatoria,14,12,7,2,8,0.387584,1.211750288,,,
e7_cpp_vs_python,fb,cpp,aleatoria,14,12,7,2,9,0.360625,1.211750288,,,
e7_cpp_vs_python,fb,cpp,aleatoria,14,12,7,2,10,0.374041,1.211750288,,,
e7_cpp_vs_python,fb,py,aleatoria,14,12,7,0,1,8.668542,1.20518297,,,
e7_cpp_vs_python,fb,py,aleatoria,14,12,7,0,2,9.177417,1.20518297,,,
e7_cpp_vs_python,fb,py,aleatoria,14,12,7,0,3,9.043292,1.20518297,,,
e7_cpp_vs_python,fb,py,aleatoria,14,12,7,0,4,9.191458,1.20518297,,,
e7_cpp_vs_python,fb,py,aleatoria,14,12,7,0,5,9.189083,1.20518297,,,
e7_cpp_vs_python,fb,py,aleatoria,14,12,7,0,6,9.077125,1.20518297,,,
e7_cpp_vs_python,fb,py,aleatoria,14,12,7,0,7,8.999042,1.20518297,,,
e7_cpp_vs_python,fb,py,aleatoria,14,12,7,0,8,9.145083,1.20518297,,,
e7_cpp_vs_python,fb,py,aleatoria,14,12,7,0,9,9.204584,1.20518297,,,
e7_cpp_vs_python,fb,py,aleatoria,14,12,7,0,10,8.996041,1.20518297,,,
e7_cpp_vs_python,fb,py,aleatoria,14,12,7,1,1,9.359875,1.015055516,,,
e7_cpp_vs_python,fb,py,aleatoria,14,12,7,1,2,9.056833,1.015055516,,,
e7_cpp_vs_python,fb,py,aleatoria,14,12,7,1,3,9.187333,1.015055516,,,
e7_cpp_vs_python,fb,py,aleatoria,14,12,7,1,4,9.151833,1.015055516,,,
e7_cpp_vs_python,fb,py,aleatoria,14,12,7,1,5,9.168125,1.015055516,,,
e7_cpp_vs_python,fb,py,aleatoria,14,12,7,1,6,9.251083,1.015055516,,,
e7_cpp_vs_python,fb,py,aleatoria,14,12,7,1,7,9.201709,1.015055516,,,
e7_cpp_vs_python,fb,py,aleatoria,14,12,7,1,8,9.184208,1.015055516,,,
e7_cpp_vs_python,fb,py,aleatoria,14,12,7,1,9,9.004625,1.015055516,,,
e7_cpp_vs_python,fb,py,aleatoria,14,12,7,1,10,8.779333,1.015055516,,,
e7_cpp_vs_python,fb,py,aleatoria,14,12,7,2,1,9.024542,1.211750288,,,
e7_cpp_vs_python,fb,py,aleatoria,14,12,7,2,2,9.144917,1.211750288,,,
e7_cpp_vs_python,fb,py,aleatoria,14,12,7,2,3,9.147375,1.211750288,,,
e7_cpp_vs_python,fb,py,aleatoria,14,12,7,2,4,9.132958,1.211750288,,,
e7_cpp_vs_python,fb,py,aleatoria,14,12,7,2,5,9.123917,1.211750288,,,
e7_cpp_vs_python,fb,py,aleatoria,14,12,7,2,6,9.352125,1.211750288,,,
e7_cpp_vs_python,fb,py,aleatoria,14,12,7,2,7,9.175708,1.211750288,,,
e7_cpp_vs_python,fb,py,aleatoria,14,12,7,2,8,9.10375,1.211750288,,,
e7_cpp_vs_python,fb,py,aleatoria,14,12,7,2,9,9.123292,1.211750288,,,
e7_cpp_vs_python,fb,py,aleatoria,14,12,7,2,10,9.25575,1.211750288,,,
e7_cpp_vs_python,bt,cpp,aleatoria,14,12,7,0,1,0.035,1.20518297,,,
e7_cpp_vs_python,bt,cpp,aleatoria,14,12,7,0,2,0.031875,1.20518297,,,
e7_cpp_vs_python,bt,cpp,aleatoria,14,12,7,0,3,0.032708,1.20518297,,,
e7_cpp_vs_python,bt,cpp,aleatoria,14,12,7,0,4,0.033916,1.20518297,,,
e7_cpp_vs_python,bt,cpp,aleatoria,14,12,7,0,5,0.032167,1.20518297,,,
e7_cpp_vs_python,bt,cpp,aleatoria,14,12,7,0,6,0.032208,1.20518297,,,
e7_cpp_vs_python,bt,cpp,aleatoria,14,12,7,0,7,0.04225,1.20518297,,,
e7_cpp_vs_python,bt,cpp,aleatoria,14,12,7,0,8,0.032292,1.20518297,,,
e7_cpp_vs_python,bt,cpp,aleatoria,14,12,7,0,9,0.032167,1.20518297,,,
e7_cpp_vs_python,bt,cpp,aleatoria,14,12,7,0,10,0.032042,1.20518297,,,
e7_cpp_vs_python,bt,cpp,aleatoria,14,12,7,1,1,0.014667,1.015055516,,,
e7_cpp_vs_python,bt,cpp,aleatoria,14,12,7,1,2,0.025375,1.015055516,,,
e7_cpp_vs_python,bt,cpp,aleatoria,14,12,7,1,3,0.014625,1.015055516,,,
e7_cpp_vs_python,bt,cpp,aleatoria,14,12,7,1,4,0.014542,1.015055516,,,
e7_cpp_vs_python,bt,cpp,aleatoria,14,12,7,1,5,0.014541,1.015055516,,,
e7_cpp_vs_python,bt,cpp,aleatoria,14,12,7,1,6,0.0145,1.015055516,,,
e7_cpp_vs_python,bt,cpp,aleatoria,14,12,7,1,7,0.014166,1.015055516,,,
e7_cpp_vs_python,bt,cpp,aleatoria,14,12,7,1,8,0.017917,1.015055516,,,
e7_cpp_vs_python,bt,cpp,aleatoria,14,12,7,1,9,0.014666,1.015055516,,,
e7_cpp_vs_python,bt,cpp,aleatoria,14,12,7,1,10,0.015,1.015055516,,,
e7_cpp_vs_python,bt,cpp,aleatoria,14,12,7,2,1,0.0225,1.211750288,,,
e7_cpp_vs_python,bt,cpp,aleatoria,14,12,7,2,2,0.023875,1.211750288,,,
e7_cpp_vs_python,bt,cpp,aleatoria,14,12,7,2,3,0.028875,1.211750288,,,
e7_cpp_vs_python,bt,cpp,aleatoria,14,12,7,2,4,0.021834,1.211750288,,,
e7_cpp_vs_python,bt,cpp,aleatoria,14,12,7,2,5,0.023875,1.211750288,,,
e7_cpp_vs_python,bt,cpp,aleatoria,14,12,7,2,6,0.024208,1.211750288,,,
e7_cpp_vs_python,bt,cpp,aleatoria,14,12,7,2,7,0.02175,1.211750288,,,
e7_cpp_vs_python,bt,cpp,aleatoria,14,12,7,2,8,0.0235,1.211750288,,,
e7_cpp_vs_python,bt,cpp,aleatoria,14,12,7,2,9,0.022292,1.211750288,,,
e7_cpp_vs_python,bt,cpp,aleatoria,14,12,7,2,10,0.021875,1.211750288,,,
e7_cpp_vs_python,bt,py,aleatoria,14,12,7,0,1,1.723042,1.20518297,,,
e7_cpp_vs_python,bt,py,aleatoria,14,12,7,0,2,1.736833,1.20518297,,,
e7_cpp_vs_python,bt,py,aleatoria,14,12,7,0,3,1.753542,1.20518297,,,
e7_cpp_vs_python,bt,py,aleatoria,14,12,7,0,4,1.712625,1.20518297,,,
e7_cpp_vs_python,bt,py,aleatoria,14,12,7,0,5,1.770958,1.20518297,,,
e7_cpp_vs_python,bt,py,aleatoria,14,12,7,0,6,1.710542,1.20518297,,,
e7_cpp_vs_python,bt,py,aleatoria,14,12,7,0,7,1.687542,1.20518297,,,
e7_cpp_vs_python,bt,py,aleatoria,14,12,7,0,8,1.705541,1.20518297,,,
e7_cpp_vs_python,bt,py,aleatoria,14,12,7,0,9,1.71225,1.20518297,,,
e7_cpp_vs_python,bt,py,aleatoria,14,12,7,0,10,1.723916,1.20518297,,,
e7_cpp_vs_python,bt,py,aleatoria,14,12,7,1,1,0.786,1.015055516,,,
e7_cpp_vs_python,bt,py,aleatoria,14,12,7,1,2,0.725458,1.015055516,,,
e7_cpp_vs_python,bt,py,aleatoria,14,12,7,1,3,0.73875,1.015055516,,,
e7_cpp_vs_python,bt,py,aleatoria,14,12,7,1,4,0.749334,1.015055516,,,
e7_cpp_vs_python,bt,py,aleatoria,14,12,7,1,5,0.771666,1.015055516,,,
e7_cpp_vs_python,bt,py,aleatoria,14,12,7,1,6,0.769416,1.015055516,,,
e7_cpp_vs_python,bt,py,aleatoria,14,12,7,1,7,0.74725,1.015055516,,,
e7_cpp_vs_python,bt,py,aleatoria,14,12,7,1,8,0.772959,1.015055516,,,
e7_cpp_vs_python,bt,py,aleatoria,14,12,7,1,9,0.74825,1.015055516,,,
e7_cpp_vs_python,bt,py,aleatoria,14,12,7,1,10,0.757667,1.015055516,,,
e7_cpp_vs_python,bt,py,aleatoria,14,12,7,2,1,1.204459,1.211750288,,,
e7_cpp_vs_python,bt,py,aleatoria,14,12,7,2,2,1.225083,1.211750288,,,
e7_cpp_vs_python,bt,py,aleatoria,14,12,7,2,3,1.175334,1.211750288,,,
e7_cpp_vs_python,bt,py,aleatoria,14,12,7,2,4,1.173916,1.211750288,,,
e7_cpp_vs_python,bt,py,aleatoria,14,12,7,2,5,1.160167,1.211750288,,,
e7_cpp_vs_python,bt,py,aleatoria,14,12,7,2,6,1.162375,1.211750288,,,
e7_cpp_vs_python,bt,py,aleatoria,14,12,7,2,7,1.194833,1.211750288,,,
e7_cpp_vs_python,bt,py,aleatoria,14,12,7,2,8,1.190208,1.211750288,,,
e7_cpp_vs_python,bt,py,aleatoria,14,12,7,2,9,1.184833,1.211750288,,,
e7_cpp_vs_python,bt,py,aleatoria,14,12,7,2,10,1.190333,1.211750288,,,
e7_cpp_vs_python,pd,cpp,aleatoria,14,12,7,0,1,0.002959,1.20518297,,,
e7_cpp_vs_python,pd,cpp,aleatoria,14,12,7,0,2,0.003083,1.20518297,,,
e7_cpp_vs_python,pd,cpp,aleatoria,14,12,7,0,3,0.003416,1.20518297,,,
e7_cpp_vs_python,pd,cpp,aleatoria,14,12,7,0,4,0.002916,1.20518297,,,
e7_cpp_vs_python,pd,cpp,aleatoria,14,12,7,0,5,0.003042,1.20518297,,,
e7_cpp_vs_python,pd,cpp,aleatoria,14,12,7,0,6,0.002959,1.20518297,,,
e7_cpp_vs_python,pd,cpp,aleatoria,14,12,7,0,7,0.002917,1.20518297,,,
e7_cpp_vs_python,pd,cpp,aleatoria,14,12,7,0,8,0.003,1.20518297,,,
e7_cpp_vs_python,pd,cpp,aleatoria,14,12,7,0,9,0.00275,1.20518297,,,
e7_cpp_vs_python,pd,cpp,aleatoria,14,12,7,0,10,0.002875,1.20518297,,,
e7_cpp_vs_python,pd,cpp,aleatoria,14,12,7,1,1,0.002833,1.015055516,,,
e7_cpp_vs_python,pd,cpp,aleatoria,14,12,7,1,2,0.002917,1.015055516,,,
e7_cpp_vs_python,pd,cpp,aleatoria,14,12,7,1,3,0.003417,1.015055516,,,
e7_cpp_vs_python,pd,cpp,aleatoria,14,12,7,1,4,0.002917,1.015055516,,,
e7_cpp_vs_python,pd,cpp,aleatoria,14,12,7,1,5,0.002792,1.015055516,,,
e7_cpp_vs_python,pd,cpp,aleatoria,14,12,7,1,6,0.002917,1.015055516,,,
e7_cpp_vs_python,pd,cpp,aleatoria,14,12,7,1,7,0.002625,1.015055516,,,
e7_cpp_vs_python,pd,cpp,aleatoria,14,12,7,1,8,0.002667,1.015055516,,,
e7_cpp_vs_python,pd,cpp,aleatoria,14,12,7,1,9,0.002625,1.015055516,,,
e7_cpp_vs_python,pd,cpp,aleatoria,14,12,7,1,10,0.002667,1.015055516,,,
e7_cpp_vs_python,pd,cpp,aleatoria,14,12,7,2,1,0.002666,1.211750288,,,
e7_cpp_vs_python,pd,cpp,aleatoria,14,12,7,2,2,0.0035,1.211750288,,,
e7_cpp_vs_python,pd,cpp,aleatoria,14,12,7,2,3,0.00275,1.211750288,,,
e7_cpp_vs_python,pd,cpp,aleatoria,14,12,7,2,4,0.002542,1.211750288,,,
e7_cpp_vs_python,pd,cpp,aleatoria,14,12,7,2,5,0.003208,1.211750288,,,
e7_cpp_vs_python,pd,cpp,aleatoria,14,12,7,2,6,0.002625,1.211750288,,,
e7_cpp_vs_python,pd,cpp,aleatoria,14,12,7,2,7,0.00275,1.211750288,,,
e7_cpp_vs_python,pd,cpp,aleatoria,14,12,7,2,8,0.002625,1.211750288,,,
e7_cpp_vs_python,pd,cpp,aleatoria,14,12,7,2,9,0.002625,1.211750288,,,
e7_cpp_vs_python,pd,cpp,aleatoria,14,12,7,2,10,0.002584,1.211750288,,,
e7_cpp_vs_python,pd,py,aleatoria,14,12,7,0,1,0.162166,1.20518297,,,
e7_cpp_vs_python,pd,py,aleatoria,14,12,7,0,2,0.16625,1.20518297,,,
e7_cpp_vs_python,pd,py,aleatoria,14,12,7,0,3,0.168208,1.20518297,,,
e7_cpp_vs_python,pd,py,aleatoria,14,12,7,0,4,0.156,1.20518297,,,
e7_cpp_vs_python,pd,py,aleatoria,14,12,7,0,5,0.161416,1.20518297,,,
e7_cpp_vs_python,pd,py,aleatoria,14,12,7,0,6,0.152916,1.20518297,,,
e7_cpp_vs_python,pd,py,aleatoria,14,12,7,0,7,0.165709,1.20518297,,,
e7_cpp_vs_python,pd,py,aleatoria,14,12,7,0,8,0.157417,1.20518297,,,
e7_cpp_vs_python,pd,py,aleatoria,14,12,7,0,9,0.166042,1.20518297,,,
e7_cpp_vs_python,pd,py,aleatoria,14,12,7,0,10,0.156583,1.20518297,,,
e7_cpp_vs_python,pd,py,aleatoria,14,12,7,1,1,0.161875,1.015055516,,,
e7_cpp_vs_python,pd,py,aleatoria,14,12,7,1,2,0.156958,1.015055516,,,
e7_cpp_vs_python,pd,py,aleatoria,14,12,7,1,3,0.16275,1.015055516,,,
e7_cpp_vs_python,pd,py,aleatoria,14,12,7,1,4,0.15525,1.015055516,,,
e7_cpp_vs_python,pd,py,aleatoria,14,12,7,1,5,0.157375,1.015055516,,,
e7_cpp_vs_python,pd,py,aleatoria,14,12,7,1,6,0.154458,1.015055516,,,
e7_cpp_vs_python,pd,py,aleatoria,14,12,7,1,7,0.158542,1.015055516,,,
e7_cpp_vs_python,pd,py,aleatoria,14,12,7,1,8,0.177541,1.015055516,,,
e7_cpp_vs_python,pd,py,aleatoria,14,12,7,1,9,0.155334,1.015055516,,,
e7_cpp_vs_python,pd,py,aleatoria,14,12,7,1,10,0.159416,1.015055516,,,
e7_cpp_vs_python,pd,py,aleatoria,14,12,7,2,1,0.15425,1.211750288,,,
e7_cpp_vs_python,pd,py,aleatoria,14,12,7,2,2,0.15475,1.211750288,,,
e7_cpp_vs_python,pd,py,aleatoria,14,12,7,2,3,0.157209,1.211750288,,,
e7_cpp_vs_python,pd,py,aleatoria,14,12,7,2,4,0.159834,1.211750288,,,
e7_cpp_vs_python,pd,py,aleatoria,14,12,7,2,5,0.158333,1.211750288,,,
e7_cpp_vs_python,pd,py,aleatoria,14,12,7,2,6,0.157917,1.211750288,,,
e7_cpp_vs_python,pd,py,aleatoria,14,12,7,2,7,0.157625,1.211750288,,,
e7_cpp_vs_python,pd,py,aleatoria,14,12,7,2,8,0.157458,1.211750288,,,
e7_cpp_vs_python,pd,py,aleatoria,14,12,7,2,9,0.168459,1.211750288,,,
e7_cpp_vs_python,pd,py,aleatoria,14,12,7,2,10,0.16475,1.211750288,,,
e7_cpp_vs_python,fb,cpp,aleatoria,16,12,8,0,1,1.447417,1.142814801,,,
e7_cpp_vs_python,fb,cpp,aleatoria,16,12,8,0,2,1.541709,1.142814801,,,
e7_cpp_vs_python,fb,cpp,aleatoria,16,12,8,0,3,1.414833,1.142814801,,,
e7_cpp_vs_python,fb,cpp,aleatoria,16,12,8,0,4,1.455417,1.142814801,,,
e7_cpp_vs_python,fb,cpp,aleatoria,16,12,8,0,5,1.467417,1.142814801,,,
e7_cpp_vs_python,fb,cpp,aleatoria,16,12,8,0,6,1.92625,1.142814801,,,
e7_cpp_vs_python,fb,cpp,aleatoria,16,12,8,0,7,1.534666,1.142814801,,,
e7_cpp_vs_python,fb,cpp,aleatoria,16,12,8,0,8,1.826916,1.142814801,,,
e7_cpp_vs_python,fb,cpp,aleatoria,16,12,8,0,9,1.623042,1.142814801,,,
e7_cpp_vs_python,fb,cpp,aleatoria,16,12,8,0,10,1.677125,1.142814801,,,
e7_cpp_vs_python,fb,cpp,aleatoria,16,12,8,1,1,1.91725,1.095167211,,,
e7_cpp_vs_python,fb,cpp,aleatoria,16,12,8,1,2,1.453709,1.095167211,,,
e7_cpp_vs_python,fb,cpp,aleatoria,16,12,8,1,3,1.765458,1.095167211,,,
e7_cpp_vs_python,fb,cpp,aleatoria,16,12,8,1,4,1.51225,1.095167211,,,
e7_cpp_vs_python,fb,cpp,aleatoria,16,12,8,1,5,1.455458,1.095167211,,,
e7_cpp_vs_python,fb,cpp,aleatoria,16,12,8,1,6,1.549541,1.095167211,,,
e7_cpp_vs_python,fb,cpp,aleatoria,16,12,8,1,7,1.445792,1.095167211,,,
e7_cpp_vs_python,fb,cpp,aleatoria,16,12,8,1,8,1.465917,1.095167211,,,
e7_cpp_vs_python,fb,cpp,aleatoria,16,12,8,1,9,1.462792,1.095167211,,,
e7_cpp_vs_python,fb,cpp,aleatoria,16,12,8,1,10,1.4365,1.095167211,,,
e7_cpp_vs_python,fb,cpp,aleatoria,16,12,8,2,1,1.653792,1.265130345,,,
e7_cpp_vs_python,fb,cpp,aleatoria,16,12,8,2,2,1.453958,1.265130345,,,
e7_cpp_vs_python,fb,cpp,aleatoria,16,12,8,2,3,1.474667,1.265130345,,,
e7_cpp_vs_python,fb,cpp,aleatoria,16,12,8,2,4,1.473709,1.265130345,,,
e7_cpp_vs_python,fb,cpp,aleatoria,16,12,8,2,5,1.450459,1.265130345,,,
e7_cpp_vs_python,fb,cpp,aleatoria,16,12,8,2,6,1.374125,1.265130345,,,
e7_cpp_vs_python,fb,cpp,aleatoria,16,12,8,2,7,1.698834,1.265130345,,,
e7_cpp_vs_python,fb,cpp,aleatoria,16,12,8,2,8,1.498958,1.265130345,,,
e7_cpp_vs_python,fb,cpp,aleatoria,16,12,8,2,9,1.512292,1.265130345,,,
e7_cpp_vs_python,fb,cpp,aleatoria,16,12,8,2,10,1.404791,1.265130345,,,
e7_cpp_vs_python,fb,py,aleatoria,16,12,8,0,1,40.57675,1.142814801,,,
e7_cpp_vs_python,fb,py,aleatoria,16,12,8,0,2,39.603292,1.142814801,,,
e7_cpp_vs_python,fb,py,aleatoria,16,12,8,0,3,39.260167,1.142814801,,,
e7_cpp_vs_python,fb,py,aleatoria,16,12,8,0,4,39.806583,1.142814801,,,
e7_cpp_vs_python,fb,py,aleatoria,16,12,8,0,5,40.061042,1.142814801,,,
e7_cpp_vs_python,fb,py,aleatoria,16,12,8,0,6,39.664083,1.142814801,,,
e7_cpp_vs_python,fb,py,aleatoria,16,12,8,0,7,40.6295,1.142814801,,,
e7_cpp_vs_python,fb,py,aleatoria,16,12,8,0,8,39.710125,1.142814801,,,
e7_cpp_vs_python,fb,py,aleatoria,16,12,8,0,9,39.90975,1.142814801,,,
e7_cpp_vs_python,fb,py,aleatoria,16,12,8,0,10,39.436042,1.142814801,,,
e7_cpp_vs_python,fb,py,aleatoria,16,12,8,1,1,39.87925,1.095167211,,,
e7_cpp_vs_python,fb,py,aleatoria,16,12,8,1,2,40.101042,1.095167211,,,
e7_cpp_vs_python,fb,py,aleatoria,16,12,8,1,3,39.71975,1.095167211,,,
e7_cpp_vs_python,fb,py,aleatoria,16,12,8,1,4,39.276875,1.095167211,,,
e7_cpp_vs_python,fb,py,aleatoria,16,12,8,1,5,39.372292,1.095167211,,,
e7_cpp_vs_python,fb,py,aleatoria,16,12,8,1,6,40.080083,1.095167211,,,
e7_cpp_vs_python,fb,py,aleatoria,16,12,8,1,7,39.158292,1.095167211,,,
e7_cpp_vs_python,fb,py,aleatoria,16,12,8,1,8,39.14525,1.095167211,,,
e7_cpp_vs_python,fb,py,aleatoria,16,12,8,1,9,39.149375,1.095167211,,,
e7_cpp_vs_python,fb,py,aleatoria,16,12,8,1,10,39.020708,1.095167211,,,
e7_cpp_vs_python,fb,py,aleatoria,16,12,8,2,1,50.11575,1.265130345,,,
e7_cpp_vs_python,fb,py,aleatoria,16,12,8,2,2,38.646333,1.265130345,,,
e7_cpp_vs_python,fb,py,aleatoria,16,12,8,2,3,39.881542,1.265130345,,,
e7_cpp_vs_python,fb,py,aleatoria,16,12,8,2,4,39.921041,1.265130345,,,
e7_cpp_vs_python,fb,py,aleatoria,16,12,8,2,5,40.090375,1.265130345,,,
e7_cpp_vs_python,fb,py,aleatoria,16,12,8,2,6,40.31125,1.265130345,,,
e7_cpp_vs_python,fb,py,aleatoria,16,12,8,2,7,39.841084,1.265130345,,,
e7_cpp_vs_python,fb,py,aleatoria,16,12,8,2,8,39.649583,1.265130345,,,
e7_cpp_vs_python,fb,py,aleatoria,16,12,8,2,9,40.118125,1.265130345,,,
e7_cpp_vs_python,fb,py,aleatoria,16,12,8,2,10,39.278792,1.265130345,,,
e7_cpp_vs_python,bt,cpp,aleatoria,16,12,8,0,1,0.0445,1.142814801,,,
e7_cpp_vs_python,bt,cpp,aleatoria,16,12,8,0,2,0.044917,1.142814801,,,
e7_cpp_vs_python,bt,cpp,aleatoria,16,12,8,0,3,0.044292,1.142814801,,,
e7_cpp_vs_python,bt,cpp,aleatoria,16,12,8,0,4,0.047042,1.142814801,,,
e7_cpp_vs_python,bt,cpp,aleatoria,16,12,8,0,5,0.043,1.142814801,,,
e7_cpp_vs_python,bt,cpp,aleatoria,16,12,8,0,6,0.052583,1.142814801,,,
e7_cpp_vs_python,bt,cpp,aleatoria,16,12,8,0,7,0.043625,1.142814801,,,
e7_cpp_vs_python,bt,cpp,aleatoria,16,12,8,0,8,0.052708,1.142814801,,,
e7_cpp_vs_python,bt,cpp,aleatoria,16,12,8,0,9,0.044042,1.142814801,,,
e7_cpp_vs_python,bt,cpp,aleatoria,16,12,8,0,10,0.043167,1.142814801,,,
e7_cpp_vs_python,bt,cpp,aleatoria,16,12,8,1,1,0.030709,1.095167211,,,
e7_cpp_vs_python,bt,cpp,aleatoria,16,12,8,1,2,0.030042,1.095167211,,,
e7_cpp_vs_python,bt,cpp,aleatoria,16,12,8,1,3,0.02975,1.095167211,,,
e7_cpp_vs_python,bt,cpp,aleatoria,16,12,8,1,4,0.032667,1.095167211,,,
e7_cpp_vs_python,bt,cpp,aleatoria,16,12,8,1,5,0.030667,1.095167211,,,
e7_cpp_vs_python,bt,cpp,aleatoria,16,12,8,1,6,0.029583,1.095167211,,,
e7_cpp_vs_python,bt,cpp,aleatoria,16,12,8,1,7,0.030083,1.095167211,,,
e7_cpp_vs_python,bt,cpp,aleatoria,16,12,8,1,8,0.02925,1.095167211,,,
e7_cpp_vs_python,bt,cpp,aleatoria,16,12,8,1,9,0.037459,1.095167211,,,
e7_cpp_vs_python,bt,cpp,aleatoria,16,12,8,1,10,0.032333,1.095167211,,,
e7_cpp_vs_python,bt,cpp,aleatoria,16,12,8,2,1,0.079916,1.265130345,,,
e7_cpp_vs_python,bt,cpp,aleatoria,16,12,8,2,2,0.069083,1.265130345,,,
e7_cpp_vs_python,bt,cpp,aleatoria,16,12,8,2,3,0.067542,1.265130345,,,
e7_cpp_vs_python,bt,cpp,aleatoria,16,12,8,2,4,0.067958,1.265130345,,,
e7_cpp_vs_python,bt,cpp,aleatoria,16,12,8,2,5,0.072584,1.265130345,,,
e7_cpp_vs_python,bt,cpp,aleatoria,16,12,8,2,6,0.075791,1.265130345,,,
e7_cpp_vs_python,bt,cpp,aleatoria,16,12,8,2,7,0.068333,1.265130345,,,
e7_cpp_vs_python,bt,cpp,aleatoria,16,12,8,2,8,0.076917,1.265130345,,,
e7_cpp_vs_python,bt,cpp,aleatoria,16,12,8,2,9,0.067541,1.265130345,,,
e7_cpp_vs_python,bt,cpp,aleatoria,16,12,8,2,10,0.067875,1.265130345,,,
e7_cpp_vs_python,bt,py,aleatoria,16,12,8,0,1,2.617375,1.142814801,,,
e7_cpp_vs_python,bt,py,aleatoria,16,12,8,0,2,2.605333,1.142814801,,,
e7_cpp_vs_python,bt,py,aleatoria,16,12,8,0,3,2.693167,1.142814801,,,
e7_cpp_vs_python,bt,py,aleatoria,16,12,8,0,4,2.822,1.142814801,,,
e7_cpp_vs_python,bt,py,aleatoria,16,12,8,0,5,2.599291,1.142814801,,,
e7_cpp_vs_python,bt,py,aleatoria,16,12,8,0,6,2.641375,1.142814801,,,
e7_cpp_vs_python,bt,py,aleatoria,16,12,8,0,7,2.630334,1.142814801,,,
e7_cpp_vs_python,bt,py,aleatoria,16,12,8,0,8,2.704041,1.142814801,,,
e7_cpp_vs_python,bt,py,aleatoria,16,12,8,0,9,2.630167,1.142814801,,,
e7_cpp_vs_python,bt,py,aleatoria,16,12,8,0,10,2.697667,1.142814801,,,
e7_cpp_vs_python,bt,py,aleatoria,16,12,8,1,1,1.744417,1.095167211,,,
e7_cpp_vs_python,bt,py,aleatoria,16,12,8,1,2,1.746875,1.095167211,,,
e7_cpp_vs_python,bt,py,aleatoria,16,12,8,1,3,1.750417,1.095167211,,,
e7_cpp_vs_python,bt,py,aleatoria,16,12,8,1,4,1.771416,1.095167211,,,
e7_cpp_vs_python,bt,py,aleatoria,16,12,8,1,5,1.772834,1.095167211,,,
e7_cpp_vs_python,bt,py,aleatoria,16,12,8,1,6,1.743375,1.095167211,,,
e7_cpp_vs_python,bt,py,aleatoria,16,12,8,1,7,1.689791,1.095167211,,,
e7_cpp_vs_python,bt,py,aleatoria,16,12,8,1,8,1.792625,1.095167211,,,
e7_cpp_vs_python,bt,py,aleatoria,16,12,8,1,9,1.736417,1.095167211,,,
e7_cpp_vs_python,bt,py,aleatoria,16,12,8,1,10,1.736208,1.095167211,,,
e7_cpp_vs_python,bt,py,aleatoria,16,12,8,2,1,4.465958,1.265130345,,,
e7_cpp_vs_python,bt,py,aleatoria,16,12,8,2,2,4.443,1.265130345,,,
e7_cpp_vs_python,bt,py,aleatoria,16,12,8,2,3,4.397833,1.265130345,,,
e7_cpp_vs_python,bt,py,aleatoria,16,12,8,2,4,4.564042,1.265130345,,,
e7_cpp_vs_python,bt,py,aleatoria,16,12,8,2,5,4.384208,1.265130345,,,
e7_cpp_vs_python,bt,py,aleatoria,16,12,8,2,6,4.373833,1.265130345,,,
e7_cpp_vs_python,bt,py,aleatoria,16,12,8,2,7,4.54675,1.265130345,,,
e7_cpp_vs_python,bt,py,aleatoria,16,12,8,2,8,4.434125,1.265130345,,,
e7_cpp_vs_python,bt,py,aleatoria,16,12,8,2,9,4.523417,1.265130345,,,
e7_cpp_vs_python,bt,py,aleatoria,16,12,8,2,10,4.464,1.265130345,,,
e7_cpp_vs_python,pd,cpp,aleatoria,16,12,8,0,1,0.003625,1.142814801,,,
e7_cpp_vs_python,pd,cpp,aleatoria,16,12,8,0,2,0.003417,1.142814801,,,
e7_cpp_vs_python,pd,cpp,aleatoria,16,12,8,0,3,0.003333,1.142814801,,,
e7_cpp_vs_python,pd,cpp,aleatoria,16,12,8,0,4,0.003834,1.142814801,,,
e7_cpp_vs_python,pd,cpp,aleatoria,16,12,8,0,5,0.003459,1.142814801,,,
e7_cpp_vs_python,pd,cpp,aleatoria,16,12,8,0,6,0.003625,1.142814801,,,
e7_cpp_vs_python,pd,cpp,aleatoria,16,12,8,0,7,0.003875,1.142814801,,,
e7_cpp_vs_python,pd,cpp,aleatoria,16,12,8,0,8,0.003292,1.142814801,,,
e7_cpp_vs_python,pd,cpp,aleatoria,16,12,8,0,9,0.003709,1.142814801,,,
e7_cpp_vs_python,pd,cpp,aleatoria,16,12,8,0,10,0.00325,1.142814801,,,
e7_cpp_vs_python,pd,cpp,aleatoria,16,12,8,1,1,0.0035,1.095167211,,,
e7_cpp_vs_python,pd,cpp,aleatoria,16,12,8,1,2,0.003417,1.095167211,,,
e7_cpp_vs_python,pd,cpp,aleatoria,16,12,8,1,3,0.003459,1.095167211,,,
e7_cpp_vs_python,pd,cpp,aleatoria,16,12,8,1,4,0.003417,1.095167211,,,
e7_cpp_vs_python,pd,cpp,aleatoria,16,12,8,1,5,0.0035,1.095167211,,,
e7_cpp_vs_python,pd,cpp,aleatoria,16,12,8,1,6,0.003334,1.095167211,,,
e7_cpp_vs_python,pd,cpp,aleatoria,16,12,8,1,7,0.003208,1.095167211,,,
e7_cpp_vs_python,pd,cpp,aleatoria,16,12,8,1,8,0.003625,1.095167211,,,
e7_cpp_vs_python,pd,cpp,aleatoria,16,12,8,1,9,0.003292,1.095167211,,,
e7_cpp_vs_python,pd,cpp,aleatoria,16,12,8,1,10,0.003458,1.095167211,,,
e7_cpp_vs_python,pd,cpp,aleatoria,16,12,8,2,1,0.003166,1.265130345,,,
e7_cpp_vs_python,pd,cpp,aleatoria,16,12,8,2,2,0.003958,1.265130345,,,
e7_cpp_vs_python,pd,cpp,aleatoria,16,12,8,2,3,0.003292,1.265130345,,,
e7_cpp_vs_python,pd,cpp,aleatoria,16,12,8,2,4,0.003334,1.265130345,,,
e7_cpp_vs_python,pd,cpp,aleatoria,16,12,8,2,5,0.003083,1.265130345,,,
e7_cpp_vs_python,pd,cpp,aleatoria,16,12,8,2,6,0.003708,1.265130345,,,
e7_cpp_vs_python,pd,cpp,aleatoria,16,12,8,2,7,0.00325,1.265130345,,,
e7_cpp_vs_python,pd,cpp,aleatoria,16,12,8,2,8,0.003292,1.265130345,,,
e7_cpp_vs_python,pd,cpp,aleatoria,16,12,8,2,9,0.003125,1.265130345,,,
e7_cpp_vs_python,pd,cpp,aleatoria,16,12,8,2,10,0.003209,1.265130345,,,
e7_cpp_vs_python,pd,py,aleatoria,16,12,8,0,1,0.25975,1.142814801,,,
e7_cpp_vs_python,pd,py,aleatoria,16,12,8,0,2,0.235333,1.142814801,,,
e7_cpp_vs_python,pd,py,aleatoria,16,12,8,0,3,0.2395,1.142814801,,,
e7_cpp_vs_python,pd,py,aleatoria,16,12,8,0,4,0.264083,1.142814801,,,
e7_cpp_vs_python,pd,py,aleatoria,16,12,8,0,5,0.241542,1.142814801,,,
e7_cpp_vs_python,pd,py,aleatoria,16,12,8,0,6,0.239333,1.142814801,,,
e7_cpp_vs_python,pd,py,aleatoria,16,12,8,0,7,0.247333,1.142814801,,,
e7_cpp_vs_python,pd,py,aleatoria,16,12,8,0,8,0.23325,1.142814801,,,
e7_cpp_vs_python,pd,py,aleatoria,16,12,8,0,9,0.244,1.142814801,,,
e7_cpp_vs_python,pd,py,aleatoria,16,12,8,0,10,0.248917,1.142814801,,,
e7_cpp_vs_python,pd,py,aleatoria,16,12,8,1,1,0.230542,1.095167211,,,
e7_cpp_vs_python,pd,py,aleatoria,16,12,8,1,2,0.236792,1.095167211,,,
e7_cpp_vs_python,pd,py,aleatoria,16,12,8,1,3,0.24075,1.095167211,,,
e7_cpp_vs_python,pd,py,aleatoria,16,12,8,1,4,0.231291,1.095167211,,,
e7_cpp_vs_python,pd,py,aleatoria,16,12,8,1,5,0.241166,1.095167211,,,
e7_cpp_vs_python,pd,py,aleatoria,16,12,8,1,6,0.230417,1.095167211,,,
e7_cpp_vs_python,pd,py,aleatoria,16,12,8,1,7,0.248833,1.095167211,,,
e7_cpp_vs_python,pd,py,aleatoria,16,12,8,1,8,0.233792,1.095167211,,,
e7_cpp_vs_python,pd,py,aleatoria,16,12,8,1,9,0.24275,1.095167211,,,
e7_cpp_vs_python,pd,py,aleatoria,16,12,8,1,10,0.238792,1.095167211,,,
e7_cpp_vs_python,pd,py,aleatoria,16,12,8,2,1,0.242875,1.265130345,,,
e7_cpp_vs_python,pd,py,aleatoria,16,12,8,2,2,0.231875,1.265130345,,,
e7_cpp_vs_python,pd,py,aleatoria,16,12,8,2,3,0.247375,1.265130345,,,
e7_cpp_vs_python,pd,py,aleatoria,16,12,8,2,4,0.235917,1.265130345,,,
e7_cpp_vs_python,pd,py,aleatoria,16,12,8,2,5,0.239417,1.265130345,,,
e7_cpp_vs_python,pd,py,aleatoria,16,12,8,2,6,0.234125,1.265130345,,,
e7_cpp_vs_python,pd,py,aleatoria,16,12,8,2,7,0.234375,1.265130345,,,
e7_cpp_vs_python,pd,py,aleatoria,16,12,8,2,8,0.222375,1.265130345,,,
e7_cpp_vs_python,pd,py,aleatoria,16,12,8,2,9,0.239792,1.265130345,,,
e7_cpp_vs_python,pd,py,aleatoria,16,12,8,2,10,0.232667,1.265130345,,,
e7_cpp_vs_python,fb,cpp,aleatoria,18,12,9,0,1,5.864625,0.9332438427,,,
e7_cpp_vs_python,fb,cpp,aleatoria,18,12,9,0,2,5.733083,0.9332438427,,,
e7_cpp_vs_python,fb,cpp,aleatoria,18,12,9,0,3,5.845625,0.9332438427,,,
e7_cpp_vs_python,fb,cpp,aleatoria,18,12,9,0,4,6.041042,0.9332438427,,,
e7_cpp_vs_python,fb,cpp,aleatoria,18,12,9,0,5,5.741042,0.9332438427,,,
e7_cpp_vs_python,fb,cpp,aleatoria,18,12,9,0,6,5.935,0.9332438427,,,
e7_cpp_vs_python,fb,cpp,aleatoria,18,12,9,0,7,5.7815,0.9332438427,,,
e7_cpp_vs_python,fb,cpp,aleatoria,18,12,9,0,8,5.858166,0.9332438427,,,
e7_cpp_vs_python,fb,cpp,aleatoria,18,12,9,0,9,5.647417,0.9332438427,,,
e7_cpp_vs_python,fb,cpp,aleatoria,18,12,9,0,10,6.648458,0.9332438427,,,
e7_cpp_vs_python,fb,cpp,aleatoria,18,12,9,1,1,5.718208,0.5178352634,,,
e7_cpp_vs_python,fb,cpp,aleatoria,18,12,9,1,2,5.633417,0.5178352634,,,
e7_cpp_vs_python,fb,cpp,aleatoria,18,12,9,1,3,5.589833,0.5178352634,,,
e7_cpp_vs_python,fb,cpp,aleatoria,18,12,9,1,4,5.789042,0.5178352634,,,
e7_cpp_vs_python,fb,cpp,aleatoria,18,12,9,1,5,5.663042,0.5178352634,,,
e7_cpp_vs_python,fb,cpp,aleatoria,18,12,9,1,6,5.843,0.5178352634,,,
e7_cpp_vs_python,fb,cpp,aleatoria,18,12,9,1,7,6.190875,0.5178352634,,,
e7_cpp_vs_python,fb,cpp,aleatoria,18,12,9,1,8,5.799792,0.5178352634,,,
e7_cpp_vs_python,fb,cpp,aleatoria,18,12,9,1,9,5.792458,0.5178352634,,,
e7_cpp_vs_python,fb,cpp,aleatoria,18,12,9,1,10,5.900167,0.5178352634,,,
e7_cpp_vs_python,fb,cpp,aleatoria,18,12,9,2,1,5.792708,1.063160642,,,
e7_cpp_vs_python,fb,cpp,aleatoria,18,12,9,2,2,5.739791,1.063160642,,,
e7_cpp_vs_python,fb,cpp,aleatoria,18,12,9,2,3,6.702209,1.063160642,,,
e7_cpp_vs_python,fb,cpp,aleatoria,18,12,9,2,4,6.178958,1.063160642,,,
e7_cpp_vs_python,fb,cpp,aleatoria,18,12,9,2,5,5.610125,1.063160642,,,
e7_cpp_vs_python,fb,cpp,aleatoria,18,12,9,2,6,6.0595,1.063160642,,,
e7_cpp_vs_python,fb,cpp,aleatoria,18,12,9,2,7,5.733833,1.063160642,,,
e7_cpp_vs_python,fb,cpp,aleatoria,18,12,9,2,8,6.902375,1.063160642,,,
e7_cpp_vs_python,fb,cpp,aleatoria,18,12,9,2,9,5.796625,1.063160642,,,
e7_cpp_vs_python,fb,cpp,aleatoria,18,12,9,2,10,6.083291,1.063160642,,,
e7_cpp_vs_python,fb,py,aleatoria,18,12,9,0,1,175.784792,0.9332438427,,,
e7_cpp_vs_python,fb,py,aleatoria,18,12,9,0,2,168.148292,0.9332438427,,,
e7_cpp_vs_python,fb,py,aleatoria,18,12,9,0,3,169.722292,0.9332438427,,,
e7_cpp_vs_python,fb,py,aleatoria,18,12,9,0,4,168.436167,0.9332438427,,,
e7_cpp_vs_python,fb,py,aleatoria,18,12,9,0,5,170.588208,0.9332438427,,,
e7_cpp_vs_python,fb,py,aleatoria,18,12,9,0,6,168.952333,0.9332438427,,,
e7_cpp_vs_python,fb,py,aleatoria,18,12,9,0,7,169.398583,0.9332438427,,,
e7_cpp_vs_python,fb,py,aleatoria,18,12,9,0,8,171.017292,0.9332438427,,,
e7_cpp_vs_python,fb,py,aleatoria,18,12,9,0,9,169.013417,0.9332438427,,,
e7_cpp_vs_python,fb,py,aleatoria,18,12,9,0,10,170.573583,0.9332438427,,,
e7_cpp_vs_python,fb,py,aleatoria,18,12,9,1,1,167.740875,0.5178352634,,,
e7_cpp_vs_python,fb,py,aleatoria,18,12,9,1,2,169.788125,0.5178352634,,,
e7_cpp_vs_python,fb,py,aleatoria,18,12,9,1,3,171.329417,0.5178352634,,,
e7_cpp_vs_python,fb,py,aleatoria,18,12,9,1,4,170.986667,0.5178352634,,,
e7_cpp_vs_python,fb,py,aleatoria,18,12,9,1,5,170.152375,0.5178352634,,,
e7_cpp_vs_python,fb,py,aleatoria,18,12,9,1,6,172.242209,0.5178352634,,,
e7_cpp_vs_python,fb,py,aleatoria,18,12,9,1,7,169.086166,0.5178352634,,,
e7_cpp_vs_python,fb,py,aleatoria,18,12,9,1,8,169.191625,0.5178352634,,,
e7_cpp_vs_python,fb,py,aleatoria,18,12,9,1,9,171.163917,0.5178352634,,,
e7_cpp_vs_python,fb,py,aleatoria,18,12,9,1,10,171.202667,0.5178352634,,,
e7_cpp_vs_python,fb,py,aleatoria,18,12,9,2,1,170.37775,1.063160642,,,
e7_cpp_vs_python,fb,py,aleatoria,18,12,9,2,2,168.501833,1.063160642,,,
e7_cpp_vs_python,fb,py,aleatoria,18,12,9,2,3,170.163125,1.063160642,,,
e7_cpp_vs_python,fb,py,aleatoria,18,12,9,2,4,169.501458,1.063160642,,,
e7_cpp_vs_python,fb,py,aleatoria,18,12,9,2,5,182.114042,1.063160642,,,
e7_cpp_vs_python,fb,py,aleatoria,18,12,9,2,6,170.115625,1.063160642,,,
e7_cpp_vs_python,fb,py,aleatoria,18,12,9,2,7,172.949833,1.063160642,,,
e7_cpp_vs_python,fb,py,aleatoria,18,12,9,2,8,170.9825,1.063160642,,,
e7_cpp_vs_python,fb,py,aleatoria,18,12,9,2,9,171.197292,1.063160642,,,
e7_cpp_vs_python,fb,py,aleatoria,18,12,9,2,10,170.145208,1.063160642,,,
e7_cpp_vs_python,bt,cpp,aleatoria,18,12,9,0,1,0.06675,0.9332438427,,,
e7_cpp_vs_python,bt,cpp,aleatoria,18,12,9,0,2,0.066458,0.9332438427,,,
e7_cpp_vs_python,bt,cpp,aleatoria,18,12,9,0,3,0.072542,0.9332438427,,,
e7_cpp_vs_python,bt,cpp,aleatoria,18,12,9,0,4,0.071,0.9332438427,,,
e7_cpp_vs_python,bt,cpp,aleatoria,18,12,9,0,5,0.064875,0.9332438427,,,
e7_cpp_vs_python,bt,cpp,aleatoria,18,12,9,0,6,0.073084,0.9332438427,,,
e7_cpp_vs_python,bt,cpp,aleatoria,18,12,9,0,7,0.070417,0.9332438427,,,
e7_cpp_vs_python,bt,cpp,aleatoria,18,12,9,0,8,0.065542,0.9332438427,,,
e7_cpp_vs_python,bt,cpp,aleatoria,18,12,9,0,9,0.0675,0.9332438427,,,
e7_cpp_vs_python,bt,cpp,aleatoria,18,12,9,0,10,0.070583,0.9332438427,,,
e7_cpp_vs_python,bt,cpp,aleatoria,18,12,9,1,1,0.042667,0.5178352634,,,
e7_cpp_vs_python,bt,cpp,aleatoria,18,12,9,1,2,0.043917,0.5178352634,,,
e7_cpp_vs_python,bt,cpp,aleatoria,18,12,9,1,3,0.051334,0.5178352634,,,
e7_cpp_vs_python,bt,cpp,aleatoria,18,12,9,1,4,0.049917,0.5178352634,,,
e7_cpp_vs_python,bt,cpp,aleatoria,18,12,9,1,5,0.043125,0.5178352634,,,
e7_cpp_vs_python,bt,cpp,aleatoria,18,12,9,1,6,0.046083,0.5178352634,,,
e7_cpp_vs_python,bt,cpp,aleatoria,18,12,9,1,7,0.043417,0.5178352634,,,
e7_cpp_vs_python,bt,cpp,aleatoria,18,12,9,1,8,0.045458,0.5178352634,,,
e7_cpp_vs_python,bt,cpp,aleatoria,18,12,9,1,9,0.043958,0.5178352634,,,
e7_cpp_vs_python,bt,cpp,aleatoria,18,12,9,1,10,0.045708,0.5178352634,,,
e7_cpp_vs_python,bt,cpp,aleatoria,18,12,9,2,1,0.053917,1.063160642,,,
e7_cpp_vs_python,bt,cpp,aleatoria,18,12,9,2,2,0.047916,1.063160642,,,
e7_cpp_vs_python,bt,cpp,aleatoria,18,12,9,2,3,0.049417,1.063160642,,,
e7_cpp_vs_python,bt,cpp,aleatoria,18,12,9,2,4,0.047417,1.063160642,,,
e7_cpp_vs_python,bt,cpp,aleatoria,18,12,9,2,5,0.048084,1.063160642,,,
e7_cpp_vs_python,bt,cpp,aleatoria,18,12,9,2,6,0.047083,1.063160642,,,
e7_cpp_vs_python,bt,cpp,aleatoria,18,12,9,2,7,0.050375,1.063160642,,,
e7_cpp_vs_python,bt,cpp,aleatoria,18,12,9,2,8,0.052333,1.063160642,,,
e7_cpp_vs_python,bt,cpp,aleatoria,18,12,9,2,9,0.047625,1.063160642,,,
e7_cpp_vs_python,bt,cpp,aleatoria,18,12,9,2,10,0.047167,1.063160642,,,
e7_cpp_vs_python,bt,py,aleatoria,18,12,9,0,1,4.791041,0.9332438427,,,
e7_cpp_vs_python,bt,py,aleatoria,18,12,9,0,2,4.85175,0.9332438427,,,
e7_cpp_vs_python,bt,py,aleatoria,18,12,9,0,3,4.8765,0.9332438427,,,
e7_cpp_vs_python,bt,py,aleatoria,18,12,9,0,4,4.800875,0.9332438427,,,
e7_cpp_vs_python,bt,py,aleatoria,18,12,9,0,5,4.811625,0.9332438427,,,
e7_cpp_vs_python,bt,py,aleatoria,18,12,9,0,6,4.807833,0.9332438427,,,
e7_cpp_vs_python,bt,py,aleatoria,18,12,9,0,7,4.70575,0.9332438427,,,
e7_cpp_vs_python,bt,py,aleatoria,18,12,9,0,8,4.837292,0.9332438427,,,
e7_cpp_vs_python,bt,py,aleatoria,18,12,9,0,9,4.865667,0.9332438427,,,
e7_cpp_vs_python,bt,py,aleatoria,18,12,9,0,10,4.833333,0.9332438427,,,
e7_cpp_vs_python,bt,py,aleatoria,18,12,9,1,1,3.046667,0.5178352634,,,
e7_cpp_vs_python,bt,py,aleatoria,18,12,9,1,2,3.150667,0.5178352634,,,
e7_cpp_vs_python,bt,py,aleatoria,18,12,9,1,3,3.205583,0.5178352634,,,
e7_cpp_vs_python,bt,py,aleatoria,18,12,9,1,4,3.149542,0.5178352634,,,
e7_cpp_vs_python,bt,py,aleatoria,18,12,9,1,5,3.142083,0.5178352634,,,
e7_cpp_vs_python,bt,py,aleatoria,18,12,9,1,6,3.113625,0.5178352634,,,
e7_cpp_vs_python,bt,py,aleatoria,18,12,9,1,7,3.105,0.5178352634,,,
e7_cpp_vs_python,bt,py,aleatoria,18,12,9,1,8,3.076542,0.5178352634,,,
e7_cpp_vs_python,bt,py,aleatoria,18,12,9,1,9,3.1065,0.5178352634,,,
e7_cpp_vs_python,bt,py,aleatoria,18,12,9,1,10,3.105084,0.5178352634,,,
e7_cpp_vs_python,bt,py,aleatoria,18,12,9,2,1,3.496792,1.063160642,,,
e7_cpp_vs_python,bt,py,aleatoria,18,12,9,2,2,3.534167,1.063160642,,,
e7_cpp_vs_python,bt,py,aleatoria,18,12,9,2,3,3.524209,1.063160642,,,
e7_cpp_vs_python,bt,py,aleatoria,18,12,9,2,4,3.47275,1.063160642,,,
e7_cpp_vs_python,bt,py,aleatoria,18,12,9,2,5,3.417334,1.063160642,,,
e7_cpp_vs_python,bt,py,aleatoria,18,12,9,2,6,3.373334,1.063160642,,,
e7_cpp_vs_python,bt,py,aleatoria,18,12,9,2,7,3.446791,1.063160642,,,
e7_cpp_vs_python,bt,py,aleatoria,18,12,9,2,8,3.448333,1.063160642,,,
e7_cpp_vs_python,bt,py,aleatoria,18,12,9,2,9,3.462875,1.063160642,,,
e7_cpp_vs_python,bt,py,aleatoria,18,12,9,2,10,3.498042,1.063160642,,,
e7_cpp_vs_python,pd,cpp,aleatoria,18,12,9,0,1,0.00425,0.9332438427,,,
e7_cpp_vs_python,pd,cpp,aleatoria,18,12,9,0,2,0.004375,0.9332438427,,,
e7_cpp_vs_python,pd,cpp,aleatoria,18,12,9,0,3,0.00425,0.9332438427,,,
e7_cpp_vs_python,pd,cpp,aleatoria,18,12,9,0,4,0.004375,0.9332438427,,,
e7_cpp_vs_python,pd,cpp,aleatoria,18,12,9,0,5,0.004083,0.9332438427,,,
e7_cpp_vs_python,pd,cpp,aleatoria,18,12,9,0,6,0.004291,0.9332438427,,,
e7_cpp_vs_python,pd,cpp,aleatoria,18,12,9,0,7,0.00425,0.9332438427,,,
e7_cpp_vs_python,pd,cpp,aleatoria,18,12,9,0,8,0.004042,0.9332438427,,,
e7_cpp_vs_python,pd,cpp,aleatoria,18,12,9,0,9,0.004083,0.9332438427,,,
e7_cpp_vs_python,pd,cpp,aleatoria,18,12,9,0,10,0.004208,0.9332438427,,,
e7_cpp_vs_python,pd,cpp,aleatoria,18,12,9,1,1,0.004083,0.5178352634,,,
e7_cpp_vs_python,pd,cpp,aleatoria,18,12,9,1,2,0.004125,0.5178352634,,,
e7_cpp_vs_python,pd,cpp,aleatoria,18,12,9,1,3,0.004042,0.5178352634,,,
e7_cpp_vs_python,pd,cpp,aleatoria,18,12,9,1,4,0.003958,0.5178352634,,,
e7_cpp_vs_python,pd,cpp,aleatoria,18,12,9,1,5,0.004083,0.5178352634,,,
e7_cpp_vs_python,pd,cpp,aleatoria,18,12,9,1,6,0.004083,0.5178352634,,,
e7_cpp_vs_python,pd,cpp,aleatoria,18,12,9,1,7,0.004042,0.5178352634,,,
e7_cpp_vs_python,pd,cpp,aleatoria,18,12,9,1,8,0.004083,0.5178352634,,,
e7_cpp_vs_python,pd,cpp,aleatoria,18,12,9,1,9,0.004083,0.5178352634,,,
e7_cpp_vs_python,pd,cpp,aleatoria,18,12,9,1,10,0.004125,0.5178352634,,,
e7_cpp_vs_python,pd,cpp,aleatoria,18,12,9,2,1,0.003958,1.063160642,,,
e7_cpp_vs_python,pd,cpp,aleatoria,18,12,9,2,2,0.004041,1.063160642,,,
e7_cpp_vs_python,pd,cpp,aleatoria,18,12,9,2,3,0.004,1.063160642,,,
e7_cpp_vs_python,pd,cpp,aleatoria,18,12,9,2,4,0.004084,1.063160642,,,
e7_cpp_vs_python,pd,cpp,aleatoria,18,12,9,2,5,0.003791,1.063160642,,,
e7_cpp_vs_python,pd,cpp,aleatoria,18,12,9,2,6,0.003958,1.063160642,,,
e7_cpp_vs_python,pd,cpp,aleatoria,18,12,9,2,7,0.004042,1.063160642,,,
e7_cpp_vs_python,pd,cpp,aleatoria,18,12,9,2,8,0.003875,1.063160642,,,
e7_cpp_vs_python,pd,cpp,aleatoria,18,12,9,2,9,0.00425,1.063160642,,,
e7_cpp_vs_python,pd,cpp,aleatoria,18,12,9,2,10,0.003917,1.063160642,,,
e7_cpp_vs_python,pd,py,aleatoria,18,12,9,0,1,0.331708,0.9332438427,,,
e7_cpp_vs_python,pd,py,aleatoria,18,12,9,0,2,0.341333,0.9332438427,,,
e7_cpp_vs_python,pd,py,aleatoria,18,12,9,0,3,0.348042,0.9332438427,,,
e7_cpp_vs_python,pd,py,aleatoria,18,12,9,0,4,0.348375,0.9332438427,,,
e7_cpp_vs_python,pd,py,aleatoria,18,12,9,0,5,0.347125,0.9332438427,,,
e7_cpp_vs_python,pd,py,aleatoria,18,12,9,0,6,0.348208,0.9332438427,,,
e7_cpp_vs_python,pd,py,aleatoria,18,12,9,0,7,0.343042,0.9332438427,,,
e7_cpp_vs_python,pd,py,aleatoria,18,12,9,0,8,0.333334,0.9332438427,,,
e7_cpp_vs_python,pd,py,aleatoria,18,12,9,0,9,0.33975,0.9332438427,,,
e7_cpp_vs_python,pd,py,aleatoria,18,12,9,0,10,0.342667,0.9332438427,,,
e7_cpp_vs_python,pd,py,aleatoria,18,12,9,1,1,0.319791,0.5178352634,,,
e7_cpp_vs_python,pd,py,aleatoria,18,12,9,1,2,0.342417,0.5178352634,,,
e7_cpp_vs_python,pd,py,aleatoria,18,12,9,1,3,0.340417,0.5178352634,,,
e7_cpp_vs_python,pd,py,aleatoria,18,12,9,1,4,0.34225,0.5178352634,,,
e7_cpp_vs_python,pd,py,aleatoria,18,12,9,1,5,0.345666,0.5178352634,,,
e7_cpp_vs_python,pd,py,aleatoria,18,12,9,1,6,0.346792,0.5178352634,,,
e7_cpp_vs_python,pd,py,aleatoria,18,12,9,1,7,0.345542,0.5178352634,,,
e7_cpp_vs_python,pd,py,aleatoria,18,12,9,1,8,0.346917,0.5178352634,,,
e7_cpp_vs_python,pd,py,aleatoria,18,12,9,1,9,0.349709,0.5178352634,,,
e7_cpp_vs_python,pd,py,aleatoria,18,12,9,1,10,0.345542,0.5178352634,,,
e7_cpp_vs_python,pd,py,aleatoria,18,12,9,2,1,0.34725,1.063160642,,,
e7_cpp_vs_python,pd,py,aleatoria,18,12,9,2,2,0.323916,1.063160642,,,
e7_cpp_vs_python,pd,py,aleatoria,18,12,9,2,3,0.338333,1.063160642,,,
e7_cpp_vs_python,pd,py,aleatoria,18,12,9,2,4,0.346166,1.063160642,,,
e7_cpp_vs_python,pd,py,aleatoria,18,12,9,2,5,0.323375,1.063160642,,,
e7_cpp_vs_python,pd,py,aleatoria,18,12,9,2,6,0.349042,1.063160642,,,
e7_cpp_vs_python,pd,py,aleatoria,18,12,9,2,7,0.346584,1.063160642,,,
e7_cpp_vs_python,pd,py,aleatoria,18,12,9,2,8,0.344041,1.063160642,,,
e7_cpp_vs_python,pd,py,aleatoria,18,12,9,2,9,0.341375,1.063160642,,,
e7_cpp_vs_python,pd,py,aleatoria,18,12,9,2,10,0.342333,1.063160642,,,
e7_cpp_vs_python,fb,cpp,aleatoria,20,12,10,0,1,25.6465,0.953263526,,,
e7_cpp_vs_python,fb,cpp,aleatoria,20,12,10,0,2,25.283583,0.953263526,,,
e7_cpp_vs_python,fb,cpp,aleatoria,20,12,10,0,3,25.318875,0.953263526,,,
e7_cpp_vs_python,fb,cpp,aleatoria,20,12,10,0,4,26.930625,0.953263526,,,
e7_cpp_vs_python,fb,cpp,aleatoria,20,12,10,0,5,25.654125,0.953263526,,,
e7_cpp_vs_python,fb,cpp,aleatoria,20,12,10,0,6,26.178625,0.953263526,,,
e7_cpp_vs_python,fb,cpp,aleatoria,20,12,10,0,7,25.729708,0.953263526,,,
e7_cpp_vs_python,fb,cpp,aleatoria,20,12,10,0,8,27.267875,0.953263526,,,
e7_cpp_vs_python,fb,cpp,aleatoria,20,12,10,0,9,29.413542,0.953263526,,,
e7_cpp_vs_python,fb,cpp,aleatoria,20,12,10,0,10,25.341,0.953263526,,,
e7_cpp_vs_python,fb,cpp,aleatoria,20,12,10,1,1,26.711791,1.117587053,,,
e7_cpp_vs_python,fb,cpp,aleatoria,20,12,10,1,2,25.794917,1.117587053,,,
e7_cpp_vs_python,fb,cpp,aleatoria,20,12,10,1,3,25.530792,1.117587053,,,
e7_cpp_vs_python,fb,cpp,aleatoria,20,12,10,1,4,26.330625,1.117587053,,,
e7_cpp_vs_python,fb,cpp,aleatoria,20,12,10,1,5,25.791375,1.117587053,,,
e7_cpp_vs_python,fb,cpp,aleatoria,20,12,10,1,6,25.503,1.117587053,,,
e7_cpp_vs_python,fb,cpp,aleatoria,20,12,10,1,7,25.975459,1.117587053,,,
e7_cpp_vs_python,fb,cpp,aleatoria,20,12,10,1,8,28.712458,1.117587053,,,
e7_cpp_vs_python,fb,cpp,aleatoria,20,12,10,1,9,25.6905,1.117587053,,,
e7_cpp_vs_python,fb,cpp,aleatoria,20,12,10,1,10,26.45325,1.117587053,,,
e7_cpp_vs_python,fb,cpp,aleatoria,20,12,10,2,1,25.59575,0.9678567973,,,
e7_cpp_vs_python,fb,cpp,aleatoria,20,12,10,2,2,27.278958,0.9678567973,,,
e7_cpp_vs_python,fb,cpp,aleatoria,20,12,10,2,3,26.316625,0.9678567973,,,
e7_cpp_vs_python,fb,cpp,aleatoria,20,12,10,2,4,25.777625,0.9678567973,,,
e7_cpp_vs_python,fb,cpp,aleatoria,20,12,10,2,5,25.507625,0.9678567973,,,
e7_cpp_vs_python,fb,cpp,aleatoria,20,12,10,2,6,25.489291,0.9678567973,,,
e7_cpp_vs_python,fb,cpp,aleatoria,20,12,10,2,7,24.899125,0.9678567973,,,
e7_cpp_vs_python,fb,cpp,aleatoria,20,12,10,2,8,25.519958,0.9678567973,,,
e7_cpp_vs_python,fb,cpp,aleatoria,20,12,10,2,9,26.486334,0.9678567973,,,
e7_cpp_vs_python,fb,cpp,aleatoria,20,12,10,2,10,27.257958,0.9678567973,,,
e7_cpp_vs_python,fb,py,aleatoria,20,12,10,0,1,718.510083,0.953263526,,,
e7_cpp_vs_python,fb,py,aleatoria,20,12,10,0,2,718.516958,0.953263526,,,
e7_cpp_vs_python,fb,py,aleatoria,20,12,10,0,3,724.619459,0.953263526,,,
e7_cpp_vs_python,fb,py,aleatoria,20,12,10,0,4,720.714708,0.953263526,,,
e7_cpp_vs_python,fb,py,aleatoria,20,12,10,0,5,716.7065,0.953263526,,,
e7_cpp_vs_python,fb,py,aleatoria,20,12,10,0,6,717.732959,0.953263526,,,
e7_cpp_vs_python,fb,py,aleatoria,20,12,10,0,7,716.255125,0.953263526,,,
e7_cpp_vs_python,fb,py,aleatoria,20,12,10,0,8,739.177,0.953263526,,,
e7_cpp_vs_python,fb,py,aleatoria,20,12,10,0,9,714.470209,0.953263526,,,
e7_cpp_vs_python,fb,py,aleatoria,20,12,10,0,10,717.825292,0.953263526,,,
e7_cpp_vs_python,fb,py,aleatoria,20,12,10,1,1,716.534166,1.117587053,,,
e7_cpp_vs_python,fb,py,aleatoria,20,12,10,1,2,730.495958,1.117587053,,,
e7_cpp_vs_python,fb,py,aleatoria,20,12,10,1,3,719.987875,1.117587053,,,
e7_cpp_vs_python,fb,py,aleatoria,20,12,10,1,4,729.139583,1.117587053,,,
e7_cpp_vs_python,fb,py,aleatoria,20,12,10,1,5,720.071959,1.117587053,,,
e7_cpp_vs_python,fb,py,aleatoria,20,12,10,1,6,719.09925,1.117587053,,,
e7_cpp_vs_python,fb,py,aleatoria,20,12,10,1,7,718.730875,1.117587053,,,
e7_cpp_vs_python,fb,py,aleatoria,20,12,10,1,8,726.194291,1.117587053,,,
e7_cpp_vs_python,fb,py,aleatoria,20,12,10,1,9,717.345708,1.117587053,,,
e7_cpp_vs_python,fb,py,aleatoria,20,12,10,1,10,721.236917,1.117587053,,,
e7_cpp_vs_python,fb,py,aleatoria,20,12,10,2,1,716.683,0.9678567973,,,
e7_cpp_vs_python,fb,py,aleatoria,20,12,10,2,2,724.670334,0.9678567973,,,
e7_cpp_vs_python,fb,py,aleatoria,20,12,10,2,3,719.100375,0.9678567973,,,
e7_cpp_vs_python,fb,py,aleatoria,20,12,10,2,4,720.294625,0.9678567973,,,
e7_cpp_vs_python,fb,py,aleatoria,20,12,10,2,5,718.283208,0.9678567973,,,
e7_cpp_vs_python,fb,py,aleatoria,20,12,10,2,6,720.969333,0.9678567973,,,
e7_cpp_vs_python,fb,py,aleatoria,20,12,10,2,7,729.832542,0.9678567973,,,
e7_cpp_vs_python,fb,py,aleatoria,20,12,10,2,8,724.921541,0.9678567973,,,
e7_cpp_vs_python,fb,py,aleatoria,20,12,10,2,9,725.375,0.9678567973,,,
e7_cpp_vs_python,fb,py,aleatoria,20,12,10,2,10,718.4505,0.9678567973,,,
e7_cpp_vs_python,bt,cpp,aleatoria,20,12,10,0,1,0.051458,0.953263526,,,
e7_cpp_vs_python,bt,cpp,aleatoria,20,12,10,0,2,0.05125,0.953263526,,,
e7_cpp_vs_python,bt,cpp,aleatoria,20,12,10,0,3,0.048458,0.953263526,,,
e7_cpp_vs_python,bt,cpp,aleatoria,20,12,10,0,4,0.053417,0.953263526,,,
e7_cpp_vs_python,bt,cpp,aleatoria,20,12,10,0,5,0.058625,0.953263526,,,
e7_cpp_vs_python,bt,cpp,aleatoria,20,12,10,0,6,0.053167,0.953263526,,,
e7_cpp_vs_python,bt,cpp,aleatoria,20,12,10,0,7,0.049959,0.953263526,,,
e7_cpp_vs_python,bt,cpp,aleatoria,20,12,10,0,8,0.047084,0.953263526,,,
e7_cpp_vs_python,bt,cpp,aleatoria,20,12,10,0,9,0.052,0.953263526,,,
e7_cpp_vs_python,bt,cpp,aleatoria,20,12,10,0,10,0.048916,0.953263526,,,
e7_cpp_vs_python,bt,cpp,aleatoria,20,12,10,1,1,0.142125,1.117587053,,,
e7_cpp_vs_python,bt,cpp,aleatoria,20,12,10,1,2,0.124709,1.117587053,,,
e7_cpp_vs_python,bt,cpp,aleatoria,20,12,10,1,3,0.138083,1.117587053,,,
e7_cpp_vs_python,bt,cpp,aleatoria,20,12,10,1,4,0.124916,1.117587053,,,
e7_cpp_vs_python,bt,cpp,aleatoria,20,12,10,1,5,0.132375,1.117587053,,,
e7_cpp_vs_python,bt,cpp,aleatoria,20,12,10,1,6,0.139458,1.117587053,,,
e7_cpp_vs_python,bt,cpp,aleatoria,20,12,10,1,7,0.124792,1.117587053,,,
e7_cpp_vs_python,bt,cpp,aleatoria,20,12,10,1,8,0.139917,1.117587053,,,
e7_cpp_vs_python,bt,cpp,aleatoria,20,12,10,1,9,0.124666,1.117587053,,,
e7_cpp_vs_python,bt,cpp,aleatoria,20,12,10,1,10,0.149125,1.117587053,,,
e7_cpp_vs_python,bt,cpp,aleatoria,20,12,10,2,1,0.072208,0.9678567973,,,
e7_cpp_vs_python,bt,cpp,aleatoria,20,12,10,2,2,0.064209,0.9678567973,,,
e7_cpp_vs_python,bt,cpp,aleatoria,20,12,10,2,3,0.071667,0.9678567973,,,
e7_cpp_vs_python,bt,cpp,aleatoria,20,12,10,2,4,0.063667,0.9678567973,,,
e7_cpp_vs_python,bt,cpp,aleatoria,20,12,10,2,5,0.071459,0.9678567973,,,
e7_cpp_vs_python,bt,cpp,aleatoria,20,12,10,2,6,0.064333,0.9678567973,,,
e7_cpp_vs_python,bt,cpp,aleatoria,20,12,10,2,7,0.075916,0.9678567973,,,
e7_cpp_vs_python,bt,cpp,aleatoria,20,12,10,2,8,0.063625,0.9678567973,,,
e7_cpp_vs_python,bt,cpp,aleatoria,20,12,10,2,9,0.069375,0.9678567973,,,
e7_cpp_vs_python,bt,cpp,aleatoria,20,12,10,2,10,0.064333,0.9678567973,,,
e7_cpp_vs_python,bt,py,aleatoria,20,12,10,0,1,3.652875,0.953263526,,,
e7_cpp_vs_python,bt,py,aleatoria,20,12,10,0,2,3.725083,0.953263526,,,
e7_cpp_vs_python,bt,py,aleatoria,20,12,10,0,3,3.71825,0.953263526,,,
e7_cpp_vs_python,bt,py,aleatoria,20,12,10,0,4,3.617333,0.953263526,,,
e7_cpp_vs_python,bt,py,aleatoria,20,12,10,0,5,3.703708,0.953263526,,,
e7_cpp_vs_python,bt,py,aleatoria,20,12,10,0,6,3.610625,0.953263526,,,
e7_cpp_vs_python,bt,py,aleatoria,20,12,10,0,7,3.796917,0.953263526,,,
e7_cpp_vs_python,bt,py,aleatoria,20,12,10,0,8,3.590125,0.953263526,,,
e7_cpp_vs_python,bt,py,aleatoria,20,12,10,0,9,3.624125,0.953263526,,,
e7_cpp_vs_python,bt,py,aleatoria,20,12,10,0,10,3.649375,0.953263526,,,
e7_cpp_vs_python,bt,py,aleatoria,20,12,10,1,1,10.307833,1.117587053,,,
e7_cpp_vs_python,bt,py,aleatoria,20,12,10,1,2,9.964334,1.117587053,,,
e7_cpp_vs_python,bt,py,aleatoria,20,12,10,1,3,9.910042,1.117587053,,,
e7_cpp_vs_python,bt,py,aleatoria,20,12,10,1,4,10.012375,1.117587053,,,
e7_cpp_vs_python,bt,py,aleatoria,20,12,10,1,5,9.906083,1.117587053,,,
e7_cpp_vs_python,bt,py,aleatoria,20,12,10,1,6,10.062041,1.117587053,,,
e7_cpp_vs_python,bt,py,aleatoria,20,12,10,1,7,9.730209,1.117587053,,,
e7_cpp_vs_python,bt,py,aleatoria,20,12,10,1,8,9.873459,1.117587053,,,
e7_cpp_vs_python,bt,py,aleatoria,20,12,10,1,9,10.010833,1.117587053,,,
e7_cpp_vs_python,bt,py,aleatoria,20,12,10,1,10,10.1985,1.117587053,,,
e7_cpp_vs_python,bt,py,aleatoria,20,12,10,2,1,5.066375,0.9678567973,,,
e7_cpp_vs_python,bt,py,aleatoria,20,12,10,2,2,5.109041,0.9678567973,,,
e7_cpp_vs_python,bt,py,aleatoria,20,12,10,2,3,5.24175,0.9678567973,,,
e7_cpp_vs_python,bt,py,aleatoria,20,12,10,2,4,5.239,0.9678567973,,,
e7_cpp_vs_python,bt,py,aleatoria,20,12,10,2,5,5.14475,0.9678567973,,,
e7_cpp_vs_python,bt,py,aleatoria,20,12,10,2,6,5.250083,0.9678567973,,,
e7_cpp_vs_python,bt,py,aleatoria,20,12,10,2,7,5.181042,0.9678567973,,,
e7_cpp_vs_python,bt,py,aleatoria,20,12,10,2,8,5.281292,0.9678567973,,,
e7_cpp_vs_python,bt,py,aleatoria,20,12,10,2,9,5.132292,0.9678567973,,,
e7_cpp_vs_python,bt,py,aleatoria,20,12,10,2,10,5.18525,0.9678567973,,,
e7_cpp_vs_python,pd,cpp,aleatoria,20,12,10,0,1,0.005084,0.953263526,,,
e7_cpp_vs_python,pd,cpp,aleatoria,20,12,10,0,2,0.00475,0.953263526,,,
e7_cpp_vs_python,pd,cpp,aleatoria,20,12,10,0,3,0.004625,0.953263526,,,
e7_cpp_vs_python,pd,cpp,aleatoria,20,12,10,0,4,0.004667,0.953263526,,,
e7_cpp_vs_python,pd,cpp,aleatoria,20,12,10,0,5,0.005375,0.953263526,,,
e7_cpp_vs_python,pd,cpp,aleatoria,20,12,10,0,6,0.004958,0.953263526,,,
e7_cpp_vs_python,pd,cpp,aleatoria,20,12,10,0,7,0.004959,0.953263526,,,
e7_cpp_vs_python,pd,cpp,aleatoria,20,12,10,0,8,0.005375,0.953263526,,,
e7_cpp_vs_python,pd,cpp,aleatoria,20,12,10,0,9,0.005,0.953263526,,,
e7_cpp_vs_python,pd,cpp,aleatoria,20,12,10,0,10,0.004667,0.953263526,,,
e7_cpp_vs_python,pd,cpp,aleatoria,20,12,10,1,1,0.004625,1.117587053,,,
e7_cpp_vs_python,pd,cpp,aleatoria,20,12,10,1,2,0.004583,1.117587053,,,
e7_cpp_vs_python,pd,cpp,aleatoria,20,12,10,1,3,0.00475,1.117587053,,,
e7_cpp_vs_python,pd,cpp,aleatoria,20,12,10,1,4,0.004875,1.117587053,,,
e7_cpp_vs_python,pd,cpp,aleatoria,20,12,10,1,5,0.00525,1.117587053,,,
e7_cpp_vs_python,pd,cpp,aleatoria,20,12,10,1,6,0.004542,1.117587053,,,
e7_cpp_vs_python,pd,cpp,aleatoria,20,12,10,1,7,0.004583,1.117587053,,,
e7_cpp_vs_python,pd,cpp,aleatoria,20,12,10,1,8,0.004708,1.117587053,,,
e7_cpp_vs_python,pd,cpp,aleatoria,20,12,10,1,9,0.004459,1.117587053,,,
e7_cpp_vs_python,pd,cpp,aleatoria,20,12,10,1,10,0.004708,1.117587053,,,
e7_cpp_vs_python,pd,cpp,aleatoria,20,12,10,2,1,0.004791,0.9678567973,,,
e7_cpp_vs_python,pd,cpp,aleatoria,20,12,10,2,2,0.004583,0.9678567973,,,
e7_cpp_vs_python,pd,cpp,aleatoria,20,12,10,2,3,0.004791,0.9678567973,,,
e7_cpp_vs_python,pd,cpp,aleatoria,20,12,10,2,4,0.004667,0.9678567973,,,
e7_cpp_vs_python,pd,cpp,aleatoria,20,12,10,2,5,0.004792,0.9678567973,,,
e7_cpp_vs_python,pd,cpp,aleatoria,20,12,10,2,6,0.004375,0.9678567973,,,
e7_cpp_vs_python,pd,cpp,aleatoria,20,12,10,2,7,0.004625,0.9678567973,,,
e7_cpp_vs_python,pd,cpp,aleatoria,20,12,10,2,8,0.004791,0.9678567973,,,
e7_cpp_vs_python,pd,cpp,aleatoria,20,12,10,2,9,0.00475,0.9678567973,,,
e7_cpp_vs_python,pd,cpp,aleatoria,20,12,10,2,10,0.004541,0.9678567973,,,
e7_cpp_vs_python,pd,py,aleatoria,20,12,10,0,1,0.4885,0.953263526,,,
e7_cpp_vs_python,pd,py,aleatoria,20,12,10,0,2,0.468959,0.953263526,,,
e7_cpp_vs_python,pd,py,aleatoria,20,12,10,0,3,0.467792,0.953263526,,,
e7_cpp_vs_python,pd,py,aleatoria,20,12,10,0,4,0.472542,0.953263526,,,
e7_cpp_vs_python,pd,py,aleatoria,20,12,10,0,5,0.484625,0.953263526,,,
e7_cpp_vs_python,pd,py,aleatoria,20,12,10,0,6,0.481167,0.953263526,,,
e7_cpp_vs_python,pd,py,aleatoria,20,12,10,0,7,0.483042,0.953263526,,,
e7_cpp_vs_python,pd,py,aleatoria,20,12,10,0,8,0.473792,0.953263526,,,
e7_cpp_vs_python,pd,py,aleatoria,20,12,10,0,9,0.466167,0.953263526,,,
e7_cpp_vs_python,pd,py,aleatoria,20,12,10,0,10,0.470916,0.953263526,,,
e7_cpp_vs_python,pd,py,aleatoria,20,12,10,1,1,0.481584,1.117587053,,,
e7_cpp_vs_python,pd,py,aleatoria,20,12,10,1,2,0.468875,1.117587053,,,
e7_cpp_vs_python,pd,py,aleatoria,20,12,10,1,3,0.498041,1.117587053,,,
e7_cpp_vs_python,pd,py,aleatoria,20,12,10,1,4,0.484833,1.117587053,,,
e7_cpp_vs_python,pd,py,aleatoria,20,12,10,1,5,0.48125,1.117587053,,,
e7_cpp_vs_python,pd,py,aleatoria,20,12,10,1,6,0.46775,1.117587053,,,
e7_cpp_vs_python,pd,py,aleatoria,20,12,10,1,7,0.465541,1.117587053,,,
e7_cpp_vs_python,pd,py,aleatoria,20,12,10,1,8,0.475291,1.117587053,,,
e7_cpp_vs_python,pd,py,aleatoria,20,12,10,1,9,0.478458,1.117587053,,,
e7_cpp_vs_python,pd,py,aleatoria,20,12,10,1,10,0.477875,1.117587053,,,
e7_cpp_vs_python,pd,py,aleatoria,20,12,10,2,1,0.485333,0.9678567973,,,
e7_cpp_vs_python,pd,py,aleatoria,20,12,10,2,2,0.465375,0.9678567973,,,
e7_cpp_vs_python,pd,py,aleatoria,20,12,10,2,3,0.458333,0.9678567973,,,
e7_cpp_vs_python,pd,py,aleatoria,20,12,10,2,4,0.465542,0.9678567973,,,
e7_cpp_vs_python,pd,py,aleatoria,20,12,10,2,5,0.477167,0.9678567973,,,
e7_cpp_vs_python,pd,py,aleatoria,20,12,10,2,6,0.478042,0.9678567973,,,
e7_cpp_vs_python,pd,py,aleatoria,20,12,10,2,7,0.4845,0.9678567973,,,
e7_cpp_vs_python,pd,py,aleatoria,20,12,10,2,8,0.472084,0.9678567973,,,
e7_cpp_vs_python,pd,py,aleatoria,20,12,10,2,9,0.4625,0.9678567973,,,
e7_cpp_vs_python,pd,py,aleatoria,20,12,10,2,10,0.478583,0.9678567973,,,
e7_cpp_vs_python,fb,cpp,aleatoria,22,12,11,0,1,104.3575,0.7837510383,,,
e7_cpp_vs_python,fb,cpp,aleatoria,22,12,11,0,2,101.90825,0.7837510383,,,
e7_cpp_vs_python,fb,cpp,aleatoria,22,12,11,0,3,103.950958,0.7837510383,,,
e7_cpp_vs_python,fb,cpp,aleatoria,22,12,11,0,4,103.751958,0.7837510383,,,
e7_cpp_vs_python,fb,cpp,aleatoria,22,12,11,0,5,110.940042,0.7837510383,,,
e7_cpp_vs_python,fb,cpp,aleatoria,22,12,11,0,6,113.97475,0.7837510383,,,
e7_cpp_vs_python,fb,cpp,aleatoria,22,12,11,0,7,106.011625,0.7837510383,,,
e7_cpp_vs_python,fb,cpp,aleatoria,22,12,11,0,8,110.912417,0.7837510383,,,
e7_cpp_vs_python,fb,cpp,aleatoria,22,12,11,0,9,112.307375,0.7837510383,,,
e7_cpp_vs_python,fb,cpp,aleatoria,22,12,11,0,10,102.421375,0.7837510383,,,
e7_cpp_vs_python,fb,cpp,aleatoria,22,12,11,1,1,105.9555,0.7273850975,,,
e7_cpp_vs_python,fb,cpp,aleatoria,22,12,11,1,2,107.903708,0.7273850975,,,
e7_cpp_vs_python,fb,cpp,aleatoria,22,12,11,1,3,104.954667,0.7273850975,,,
e7_cpp_vs_python,fb,cpp,aleatoria,22,12,11,1,4,104.946834,0.7273850975,,,
e7_cpp_vs_python,fb,cpp,aleatoria,22,12,11,1,5,103.480084,0.7273850975,,,
e7_cpp_vs_python,fb,cpp,aleatoria,22,12,11,1,6,108.492584,0.7273850975,,,
e7_cpp_vs_python,fb,cpp,aleatoria,22,12,11,1,7,101.945125,0.7273850975,,,
e7_cpp_vs_python,fb,cpp,aleatoria,22,12,11,1,8,113.786083,0.7273850975,,,
e7_cpp_vs_python,fb,cpp,aleatoria,22,12,11,1,9,103.268791,0.7273850975,,,
e7_cpp_vs_python,fb,cpp,aleatoria,22,12,11,1,10,104.290125,0.7273850975,,,
e7_cpp_vs_python,fb,cpp,aleatoria,22,12,11,2,1,103.174417,0.9101259803,,,
e7_cpp_vs_python,fb,cpp,aleatoria,22,12,11,2,2,104.371958,0.9101259803,,,
e7_cpp_vs_python,fb,cpp,aleatoria,22,12,11,2,3,103.86225,0.9101259803,,,
e7_cpp_vs_python,fb,cpp,aleatoria,22,12,11,2,4,104.233459,0.9101259803,,,
e7_cpp_vs_python,fb,cpp,aleatoria,22,12,11,2,5,104.003958,0.9101259803,,,
e7_cpp_vs_python,fb,cpp,aleatoria,22,12,11,2,6,104.449667,0.9101259803,,,
e7_cpp_vs_python,fb,cpp,aleatoria,22,12,11,2,7,102.75275,0.9101259803,,,
e7_cpp_vs_python,fb,cpp,aleatoria,22,12,11,2,8,104.431792,0.9101259803,,,
e7_cpp_vs_python,fb,cpp,aleatoria,22,12,11,2,9,106.744916,0.9101259803,,,
e7_cpp_vs_python,fb,cpp,aleatoria,22,12,11,2,10,103.714417,0.9101259803,,,
e7_cpp_vs_python,fb,py,aleatoria,22,12,11,0,1,3062.540417,0.7837510383,,,
e7_cpp_vs_python,fb,py,aleatoria,22,12,11,0,2,3017.061375,0.7837510383,,,
e7_cpp_vs_python,fb,py,aleatoria,22,12,11,0,3,3059.60675,0.7837510383,,,
e7_cpp_vs_python,fb,py,aleatoria,22,12,11,0,4,3070.9455,0.7837510383,,,
e7_cpp_vs_python,fb,py,aleatoria,22,12,11,0,5,3054.166708,0.7837510383,,,
e7_cpp_vs_python,fb,py,aleatoria,22,12,11,0,6,3032.782042,0.7837510383,,,
e7_cpp_vs_python,fb,py,aleatoria,22,12,11,0,7,3081.896334,0.7837510383,,,
e7_cpp_vs_python,fb,py,aleatoria,22,12,11,0,8,3047.426834,0.7837510383,,,
e7_cpp_vs_python,fb,py,aleatoria,22,12,11,0,9,3058.591,0.7837510383,,,
e7_cpp_vs_python,fb,py,aleatoria,22,12,11,0,10,3022.744125,0.7837510383,,,
e7_cpp_vs_python,fb,py,aleatoria,22,12,11,1,1,3076.763958,0.7273850975,,,
e7_cpp_vs_python,fb,py,aleatoria,22,12,11,1,2,3068.940875,0.7273850975,,,
e7_cpp_vs_python,fb,py,aleatoria,22,12,11,1,3,3060.654125,0.7273850975,,,
e7_cpp_vs_python,fb,py,aleatoria,22,12,11,1,4,3060.702708,0.7273850975,,,
e7_cpp_vs_python,fb,py,aleatoria,22,12,11,1,5,3120.019959,0.7273850975,,,
e7_cpp_vs_python,fb,py,aleatoria,22,12,11,1,6,3117.910708,0.7273850975,,,
e7_cpp_vs_python,fb,py,aleatoria,22,12,11,1,7,3065.452542,0.7273850975,,,
e7_cpp_vs_python,fb,py,aleatoria,22,12,11,1,8,3059.481166,0.7273850975,,,
e7_cpp_vs_python,fb,py,aleatoria,22,12,11,1,9,3080.970167,0.7273850975,,,
e7_cpp_vs_python,fb,py,aleatoria,22,12,11,1,10,3086.398,0.7273850975,,,
e7_cpp_vs_python,fb,py,aleatoria,22,12,11,2,1,3048.891917,0.9101259803,,,
e7_cpp_vs_python,fb,py,aleatoria,22,12,11,2,2,3077.541167,0.9101259803,,,
e7_cpp_vs_python,fb,py,aleatoria,22,12,11,2,3,3065.068792,0.9101259803,,,
e7_cpp_vs_python,fb,py,aleatoria,22,12,11,2,4,3065.913417,0.9101259803,,,
e7_cpp_vs_python,fb,py,aleatoria,22,12,11,2,5,3068.058459,0.9101259803,,,
e7_cpp_vs_python,fb,py,aleatoria,22,12,11,2,6,3077.455292,0.9101259803,,,
e7_cpp_vs_python,fb,py,aleatoria,22,12,11,2,7,3034.003334,0.9101259803,,,
e7_cpp_vs_python,fb,py,aleatoria,22,12,11,2,8,3034.1635,0.9101259803,,,
e7_cpp_vs_python,fb,py,aleatoria,22,12,11,2,9,3065.527792,0.9101259803,,,
e7_cpp_vs_python,fb,py,aleatoria,22,12,11,2,10,3066.403708,0.9101259803,,,
e7_cpp_vs_python,bt,cpp,aleatoria,22,12,11,0,1,0.048042,0.7837510383,,,
e7_cpp_vs_python,bt,cpp,aleatoria,22,12,11,0,2,0.050583,0.7837510383,,,
e7_cpp_vs_python,bt,cpp,aleatoria,22,12,11,0,3,0.047792,0.7837510383,,,
e7_cpp_vs_python,bt,cpp,aleatoria,22,12,11,0,4,0.047708,0.7837510383,,,
e7_cpp_vs_python,bt,cpp,aleatoria,22,12,11,0,5,0.056209,0.7837510383,,,
e7_cpp_vs_python,bt,cpp,aleatoria,22,12,11,0,6,0.055042,0.7837510383,,,
e7_cpp_vs_python,bt,cpp,aleatoria,22,12,11,0,7,0.047625,0.7837510383,,,
e7_cpp_vs_python,bt,cpp,aleatoria,22,12,11,0,8,0.048708,0.7837510383,,,
e7_cpp_vs_python,bt,cpp,aleatoria,22,12,11,0,9,0.049542,0.7837510383,,,
e7_cpp_vs_python,bt,cpp,aleatoria,22,12,11,0,10,0.049458,0.7837510383,,,
e7_cpp_vs_python,bt,cpp,aleatoria,22,12,11,1,1,0.099667,0.7273850975,,,
e7_cpp_vs_python,bt,cpp,aleatoria,22,12,11,1,2,0.106916,0.7273850975,,,
e7_cpp_vs_python,bt,cpp,aleatoria,22,12,11,1,3,0.095208,0.7273850975,,,
e7_cpp_vs_python,bt,cpp,aleatoria,22,12,11,1,4,0.095083,0.7273850975,,,
e7_cpp_vs_python,bt,cpp,aleatoria,22,12,11,1,5,0.095958,0.7273850975,,,
e7_cpp_vs_python,bt,cpp,aleatoria,22,12,11,1,6,0.093125,0.7273850975,,,
e7_cpp_vs_python,bt,cpp,aleatoria,22,12,11,1,7,0.099042,0.7273850975,,,
e7_cpp_vs_python,bt,cpp,aleatoria,22,12,11,1,8,0.098917,0.7273850975,,,
e7_cpp_vs_python,bt,cpp,aleatoria,22,12,11,1,9,0.094583,0.7273850975,,,
e7_cpp_vs_python,bt,cpp,aleatoria,22,12,11,1,10,0.107583,0.7273850975,,,
e7_cpp_vs_python,bt,cpp,aleatoria,22,12,11,2,1,0.145542,0.9101259803,,,
e7_cpp_vs_python,bt,cpp,aleatoria,22,12,11,2,2,0.128417,0.9101259803,,,
e7_cpp_vs_python,bt,cpp,aleatoria,22,12,11,2,3,0.151792,0.9101259803,,,
e7_cpp_vs_python,bt,cpp,aleatoria,22,12,11,2,4,0.14325,0.9101259803,,,
e7_cpp_vs_python,bt,cpp,aleatoria,22,12,11,2,5,0.142417,0.9101259803,,,
e7_cpp_vs_python,bt,cpp,aleatoria,22,12,11,2,6,0.14825,0.9101259803,,,
e7_cpp_vs_python,bt,cpp,aleatoria,22,12,11,2,7,0.126958,0.9101259803,,,
e7_cpp_vs_python,bt,cpp,aleatoria,22,12,11,2,8,0.141375,0.9101259803,,,
e7_cpp_vs_python,bt,cpp,aleatoria,22,12,11,2,9,0.137666,0.9101259803,,,
e7_cpp_vs_python,bt,cpp,aleatoria,22,12,11,2,10,0.135291,0.9101259803,,,
e7_cpp_vs_python,bt,py,aleatoria,22,12,11,0,1,3.781625,0.7837510383,,,
e7_cpp_vs_python,bt,py,aleatoria,22,12,11,0,2,3.855375,0.7837510383,,,
e7_cpp_vs_python,bt,py,aleatoria,22,12,11,0,3,3.829584,0.7837510383,,,
e7_cpp_vs_python,bt,py,aleatoria,22,12,11,0,4,3.851791,0.7837510383,,,
e7_cpp_vs_python,bt,py,aleatoria,22,12,11,0,5,3.735125,0.7837510383,,,
e7_cpp_vs_python,bt,py,aleatoria,22,12,11,0,6,3.833542,0.7837510383,,,
e7_cpp_vs_python,bt,py,aleatoria,22,12,11,0,7,3.806916,0.7837510383,,,
e7_cpp_vs_python,bt,py,aleatoria,22,12,11,0,8,3.733834,0.7837510383,,,
e7_cpp_vs_python,bt,py,aleatoria,22,12,11,0,9,3.883166,0.7837510383,,,
e7_cpp_vs_python,bt,py,aleatoria,22,12,11,0,10,3.745292,0.7837510383,,,
e7_cpp_vs_python,bt,py,aleatoria,22,12,11,1,1,8.146666,0.7273850975,,,
e7_cpp_vs_python,bt,py,aleatoria,22,12,11,1,2,8.136834,0.7273850975,,,
e7_cpp_vs_python,bt,py,aleatoria,22,12,11,1,3,8.170708,0.7273850975,,,
e7_cpp_vs_python,bt,py,aleatoria,22,12,11,1,4,8.087167,0.7273850975,,,
e7_cpp_vs_python,bt,py,aleatoria,22,12,11,1,5,8.351541,0.7273850975,,,
e7_cpp_vs_python,bt,py,aleatoria,22,12,11,1,6,8.173917,0.7273850975,,,
e7_cpp_vs_python,bt,py,aleatoria,22,12,11,1,7,8.125792,0.7273850975,,,
e7_cpp_vs_python,bt,py,aleatoria,22,12,11,1,8,8.32525,0.7273850975,,,
e7_cpp_vs_python,bt,py,aleatoria,22,12,11,1,9,8.361542,0.7273850975,,,
e7_cpp_vs_python,bt,py,aleatoria,22,12,11,1,10,8.2025,0.7273850975,,,
e7_cpp_vs_python,bt,py,aleatoria,22,12,11,2,1,12.205,0.9101259803,,,
e7_cpp_vs_python,bt,py,aleatoria,22,12,11,2,2,11.885542,0.9101259803,,,
e7_cpp_vs_python,bt,py,aleatoria,22,12,11,2,3,12.003708,0.9101259803,,,
e7_cpp_vs_python,bt,py,aleatoria,22,12,11,2,4,12.03775,0.9101259803,,,
e7_cpp_vs_python,bt,py,aleatoria,22,12,11,2,5,12.095459,0.9101259803,,,
e7_cpp_vs_python,bt,py,aleatoria,22,12,11,2,6,12.03575,0.9101259803,,,
e7_cpp_vs_python,bt,py,aleatoria,22,12,11,2,7,11.9535,0.9101259803,,,
e7_cpp_vs_python,bt,py,aleatoria,22,12,11,2,8,12.040083,0.9101259803,,,
e7_cpp_vs_python,bt,py,aleatoria,22,12,11,2,9,12.246333,0.9101259803,,,
e7_cpp_vs_python,bt,py,aleatoria,22,12,11,2,10,12.054208,0.9101259803,,,
e7_cpp_vs_python,pd,cpp,aleatoria,22,12,11,0,1,0.005625,0.7837510383,,,
e7_cpp_vs_python,pd,cpp,aleatoria,22,12,11,0,2,0.006084,0.7837510383,,,
e7_cpp_vs_python,pd,cpp,aleatoria,22,12,11,0,3,0.005375,0.7837510383,,,
e7_cpp_vs_python,pd,cpp,aleatoria,22,12,11,0,4,0.006083,0.7837510383,,,
e7_cpp_vs_python,pd,cpp,aleatoria,22,12,11,0,5,0.005458,0.7837510383,,,
e7_cpp_vs_python,pd,cpp,aleatoria,22,12,11,0,6,0.005958,0.7837510383,,,
e7_cpp_vs_python,pd,cpp,aleatoria,22,12,11,0,7,0.005958,0.7837510383,,,
e7_cpp_vs_python,pd,cpp,aleatoria,22,12,11,0,8,0.006208,0.7837510383,,,
e7_cpp_vs_python,pd,cpp,aleatoria,22,12,11,0,9,0.005542,0.7837510383,,,
e7_cpp_vs_python,pd,cpp,aleatoria,22,12,11,0,10,0.007625,0.7837510383,,,
e7_cpp_vs_python,pd,cpp,aleatoria,22,12,11,1,1,0.006042,0.7273850975,,,
e7_cpp_vs_python,pd,cpp,aleatoria,22,12,11,1,2,0.006042,0.7273850975,,,
e7_cpp_vs_python,pd,cpp,aleatoria,22,12,11,1,3,0.00625,0.7273850975,,,
e7_cpp_vs_python,pd,cpp,aleatoria,22,12,11,1,4,0.005958,0.7273850975,,,
e7_cpp_vs_python,pd,cpp,aleatoria,22,12,11,1,5,0.005625,0.7273850975,,,
e7_cpp_vs_python,pd,cpp,aleatoria,22,12,11,1,6,0.00525,0.7273850975,,,
e7_cpp_vs_python,pd,cpp,aleatoria,22,12,11,1,7,0.0055,0.7273850975,,,
e7_cpp_vs_python,pd,cpp,aleatoria,22,12,11,1,8,0.005333,0.7273850975,,,
e7_cpp_vs_python,pd,cpp,aleatoria,22,12,11,1,9,0.005292,0.7273850975,,,
e7_cpp_vs_python,pd,cpp,aleatoria,22,12,11,1,10,0.005333,0.7273850975,,,
e7_cpp_vs_python,pd,cpp,aleatoria,22,12,11,2,1,0.005208,0.9101259803,,,
e7_cpp_vs_python,pd,cpp,aleatoria,22,12,11,2,2,0.005541,0.9101259803,,,
e7_cpp_vs_python,pd,cpp,aleatoria,22,12,11,2,3,0.005167,0.9101259803,,,
e7_cpp_vs_python,pd,cpp,aleatoria,22,12,11,2,4,0.00625,0.9101259803,,,
e7_cpp_vs_python,pd,cpp,aleatoria,22,12,11,2,5,0.004959,0.9101259803,,,
e7_cpp_vs_python,pd,cpp,aleatoria,22,12,11,2,6,0.005083,0.9101259803,,,
e7_cpp_vs_python,pd,cpp,aleatoria,22,12,11,2,7,0.005375,0.9101259803,,,
e7_cpp_vs_python,pd,cpp,aleatoria,22,12,11,2,8,0.005083,0.9101259803,,,
e7_cpp_vs_python,pd,cpp,aleatoria,22,12,11,2,9,0.005458,0.9101259803,,,
e7_cpp_vs_python,pd,cpp,aleatoria,22,12,11,2,10,0.005042,0.9101259803,,,
e7_cpp_vs_python,pd,py,aleatoria,22,12,11,0,1,0.62625,0.7837510383,,,
e7_cpp_vs_python,pd,py,aleatoria,22,12,11,0,2,0.637583,0.7837510383,,,
e7_cpp_vs_python,pd,py,aleatoria,22,12,11,0,3,0.64025,0.7837510383,,,
e7_cpp_vs_python,pd,py,aleatoria,22,12,11,0,4,0.613959,0.7837510383,,,
e7_cpp_vs_python,pd,py,aleatoria,22,12,11,0,5,0.625917,0.7837510383,,,
e7_cpp_vs_python,pd,py,aleatoria,22,12,11,0,6,0.618084,0.7837510383,,,
e7_cpp_vs_python,pd,py,aleatoria,22,12,11,0,7,0.622458,0.7837510383,,,
e7_cpp_vs_python,pd,py,aleatoria,22,12,11,0,8,0.620834,0.7837510383,,,
e7_cpp_vs_python,pd,py,aleatoria,22,12,11,0,9,0.618083,0.7837510383,,,
e7_cpp_vs_python,pd,py,aleatoria,22,12,11,0,10,0.63525,0.7837510383,,,
e7_cpp_vs_python,pd,py,aleatoria,22,12,11,1,1,0.612792,0.7273850975,,,
e7_cpp_vs_python,pd,py,aleatoria,22,12,11,1,2,0.633125,0.7273850975,,,
e7_cpp_vs_python,pd,py,aleatoria,22,12,11,1,3,0.638375,0.7273850975,,,
e7_cpp_vs_python,pd,py,aleatoria,22,12,11,1,4,0.630084,0.7273850975,,,
e7_cpp_vs_python,pd,py,aleatoria,22,12,11,1,5,0.60825,0.7273850975,,,
e7_cpp_vs_python,pd,py,aleatoria,22,12,11,1,6,0.622792,0.7273850975,,,
e7_cpp_vs_python,pd,py,aleatoria,22,12,11,1,7,0.632542,0.7273850975,,,
e7_cpp_vs_python,pd,py,aleatoria,22,12,11,1,8,0.620916,0.7273850975,,,
e7_cpp_vs_python,pd,py,aleatoria,22,12,11,1,9,0.629834,0.7273850975,,,
e7_cpp_vs_python,pd,py,aleatoria,22,12,11,1,10,0.625084,0.7273850975,,,
e7_cpp_vs_python,pd,py,aleatoria,22,12,11,2,1,0.635375,0.9101259803,,,
e7_cpp_vs_python,pd,py,aleatoria,22,12,11,2,2,0.620417,0.9101259803,,,
e7_cpp_vs_python,pd,py,aleatoria,22,12,11,2,3,0.624291,0.9101259803,,,
e7_cpp_vs_python,pd,py,aleatoria,22,12,11,2,4,0.631916,0.9101259803,,,
e7_cpp_vs_python,pd,py,aleatoria,22,12,11,2,5,0.628875,0.9101259803,,,
e7_cpp_vs_python,pd,py,aleatoria,22,12,11,2,6,0.620625,0.9101259803,,,
e7_cpp_vs_python,pd,py,aleatoria,22,12,11,2,7,0.629333,0.9101259803,,,
e7_cpp_vs_python,pd,py,aleatoria,22,12,11,2,8,0.623416,0.9101259803,,,
e7_cpp_vs_python,pd,py,aleatoria,22,12,11,2,9,0.6345,0.9101259803,,,
e7_cpp_vs_python,pd,py,aleatoria,22,12,11,2,10,0.621417,0.9101259803,,,
e7_cpp_vs_python,fb,cpp,aleatoria,24,12,12,0,1,420.945625,1.060278397,,,
e7_cpp_vs_python,fb,cpp,aleatoria,24,12,12,0,2,420.087667,1.060278397,,,
e7_cpp_vs_python,fb,cpp,aleatoria,24,12,12,0,3,423.836291,1.060278397,,,
e7_cpp_vs_python,fb,cpp,aleatoria,24,12,12,0,4,427.436,1.060278397,,,
e7_cpp_vs_python,fb,cpp,aleatoria,24,12,12,0,5,425.234584,1.060278397,,,
e7_cpp_vs_python,fb,cpp,aleatoria,24,12,12,0,6,432.240125,1.060278397,,,
e7_cpp_vs_python,fb,cpp,aleatoria,24,12,12,0,7,428.686208,1.060278397,,,
e7_cpp_vs_python,fb,cpp,aleatoria,24,12,12,0,8,426.087334,1.060278397,,,
e7_cpp_vs_python,fb,cpp,aleatoria,24,12,12,0,9,427.440208,1.060278397,,,
e7_cpp_vs_python,fb,cpp,aleatoria,24,12,12,0,10,424.962958,1.060278397,,,
e7_cpp_vs_python,fb,cpp,aleatoria,24,12,12,1,1,422.921625,0.9917728571,,,
e7_cpp_vs_python,fb,cpp,aleatoria,24,12,12,1,2,420.854792,0.9917728571,,,
e7_cpp_vs_python,fb,cpp,aleatoria,24,12,12,1,3,432.316292,0.9917728571,,,
e7_cpp_vs_python,fb,cpp,aleatoria,24,12,12,1,4,414.503708,0.9917728571,,,
e7_cpp_vs_python,fb,cpp,aleatoria,24,12,12,1,5,431.798042,0.9917728571,,,
e7_cpp_vs_python,fb,cpp,aleatoria,24,12,12,1,6,439.017125,0.9917728571,,,
e7_cpp_vs_python,fb,cpp,aleatoria,24,12,12,1,7,416.521416,0.9917728571,,,
e7_cpp_vs_python,fb,cpp,aleatoria,24,12,12,1,8,427.061167,0.9917728571,,,
e7_cpp_vs_python,fb,cpp,aleatoria,24,12,12,1,9,415.879125,0.9917728571,,,
e7_cpp_vs_python,fb,cpp,aleatoria,24,12,12,1,10,426.521125,0.9917728571,,,
e7_cpp_vs_python,fb,cpp,aleatoria,24,12,12,2,1,420.345,0.8702192712,,,
e7_cpp_vs_python,fb,cpp,aleatoria,24,12,12,2,2,419.531708,0.8702192712,,,
e7_cpp_vs_python,fb,cpp,aleatoria,24,12,12,2,3,421.097959,0.8702192712,,,
e7_cpp_vs_python,fb,cpp,aleatoria,24,12,12,2,4,430.316083,0.8702192712,,,
e7_cpp_vs_python,fb,cpp,aleatoria,24,12,12,2,5,417.990042,0.8702192712,,,
e7_cpp_vs_python,fb,cpp,aleatoria,24,12,12,2,6,426.762959,0.8702192712,,,
e7_cpp_vs_python,fb,cpp,aleatoria,24,12,12,2,7,425.891917,0.8702192712,,,
e7_cpp_vs_python,fb,cpp,aleatoria,24,12,12,2,8,424.10075,0.8702192712,,,
e7_cpp_vs_python,fb,cpp,aleatoria,24,12,12,2,9,420.4675,0.8702192712,,,
e7_cpp_vs_python,fb,cpp,aleatoria,24,12,12,2,10,422.899084,0.8702192712,,,
e7_cpp_vs_python,bt,cpp,aleatoria,24,12,12,0,1,0.134625,1.060278397,,,
e7_cpp_vs_python,bt,cpp,aleatoria,24,12,12,0,2,0.146375,1.060278397,,,
e7_cpp_vs_python,bt,cpp,aleatoria,24,12,12,0,3,0.130125,1.060278397,,,
e7_cpp_vs_python,bt,cpp,aleatoria,24,12,12,0,4,0.147542,1.060278397,,,
e7_cpp_vs_python,bt,cpp,aleatoria,24,12,12,0,5,0.142625,1.060278397,,,
e7_cpp_vs_python,bt,cpp,aleatoria,24,12,12,0,6,0.150416,1.060278397,,,
e7_cpp_vs_python,bt,cpp,aleatoria,24,12,12,0,7,0.130666,1.060278397,,,
e7_cpp_vs_python,bt,cpp,aleatoria,24,12,12,0,8,0.128042,1.060278397,,,
e7_cpp_vs_python,bt,cpp,aleatoria,24,12,12,0,9,0.1295,1.060278397,,,
e7_cpp_vs_python,bt,cpp,aleatoria,24,12,12,0,10,0.145,1.060278397,,,
e7_cpp_vs_python,bt,cpp,aleatoria,24,12,12,1,1,0.251458,0.9917728571,,,
e7_cpp_vs_python,bt,cpp,aleatoria,24,12,12,1,2,0.247833,0.9917728571,,,
e7_cpp_vs_python,bt,cpp,aleatoria,24,12,12,1,3,0.251834,0.9917728571,,,
e7_cpp_vs_python,bt,cpp,aleatoria,24,12,12,1,4,0.239375,0.9917728571,,,
e7_cpp_vs_python,bt,cpp,aleatoria,24,12,12,1,5,0.288708,0.9917728571,,,
e7_cpp_vs_python,bt,cpp,aleatoria,24,12,12,1,6,0.274792,0.9917728571,,,
e7_cpp_vs_python,bt,cpp,aleatoria,24,12,12,1,7,0.259875,0.9917728571,,,
e7_cpp_vs_python,bt,cpp,aleatoria,24,12,12,1,8,0.237458,0.9917728571,,,
e7_cpp_vs_python,bt,cpp,aleatoria,24,12,12,1,9,0.252583,0.9917728571,,,
e7_cpp_vs_python,bt,cpp,aleatoria,24,12,12,1,10,0.240959,0.9917728571,,,
e7_cpp_vs_python,bt,cpp,aleatoria,24,12,12,2,1,0.074083,0.8702192712,,,
e7_cpp_vs_python,bt,cpp,aleatoria,24,12,12,2,2,0.067541,0.8702192712,,,
e7_cpp_vs_python,bt,cpp,aleatoria,24,12,12,2,3,0.071,0.8702192712,,,
e7_cpp_vs_python,bt,cpp,aleatoria,24,12,12,2,4,0.074041,0.8702192712,,,
e7_cpp_vs_python,bt,cpp,aleatoria,24,12,12,2,5,0.073166,0.8702192712,,,
e7_cpp_vs_python,bt,cpp,aleatoria,24,12,12,2,6,0.064583,0.8702192712,,,
e7_cpp_vs_python,bt,cpp,aleatoria,24,12,12,2,7,0.068167,0.8702192712,,,
e7_cpp_vs_python,bt,cpp,aleatoria,24,12,12,2,8,0.065417,0.8702192712,,,
e7_cpp_vs_python,bt,cpp,aleatoria,24,12,12,2,9,0.069,0.8702192712,,,
e7_cpp_vs_python,bt,cpp,aleatoria,24,12,12,2,10,0.068,0.8702192712,,,
e7_cpp_vs_python,bt,py,aleatoria,24,12,12,0,1,11.713,1.060278397,,,
e7_cpp_vs_python,bt,py,aleatoria,24,12,12,0,2,11.387875,1.060278397,,,
e7_cpp_vs_python,bt,py,aleatoria,24,12,12,0,3,11.565292,1.060278397,,,
e7_cpp_vs_python,bt,py,aleatoria,24,12,12,0,4,11.933708,1.060278397,,,
e7_cpp_vs_python,bt,py,aleatoria,24,12,12,0,5,11.430959,1.060278397,,,
e7_cpp_vs_python,bt,py,aleatoria,24,12,12,0,6,11.493834,1.060278397,,,
e7_cpp_vs_python,bt,py,aleatoria,24,12,12,0,7,11.844709,1.060278397,,,
e7_cpp_vs_python,bt,py,aleatoria,24,12,12,0,8,14.378833,1.060278397,,,
e7_cpp_vs_python,bt,py,aleatoria,24,12,12,0,9,11.504834,1.060278397,,,
e7_cpp_vs_python,bt,py,aleatoria,24,12,12,0,10,11.756167,1.060278397,,,
e7_cpp_vs_python,bt,py,aleatoria,24,12,12,1,1,22.588292,0.9917728571,,,
e7_cpp_vs_python,bt,py,aleatoria,24,12,12,1,2,22.264916,0.9917728571,,,
e7_cpp_vs_python,bt,py,aleatoria,24,12,12,1,3,22.024666,0.9917728571,,,
e7_cpp_vs_python,bt,py,aleatoria,24,12,12,1,4,22.33125,0.9917728571,,,
e7_cpp_vs_python,bt,py,aleatoria,24,12,12,1,5,22.514292,0.9917728571,,,
e7_cpp_vs_python,bt,py,aleatoria,24,12,12,1,6,22.477875,0.9917728571,,,
e7_cpp_vs_python,bt,py,aleatoria,24,12,12,1,7,22.245458,0.9917728571,,,
e7_cpp_vs_python,bt,py,aleatoria,24,12,12,1,8,21.936333,0.9917728571,,,
e7_cpp_vs_python,bt,py,aleatoria,24,12,12,1,9,22.237833,0.9917728571,,,
e7_cpp_vs_python,bt,py,aleatoria,24,12,12,1,10,22.46175,0.9917728571,,,
e7_cpp_vs_python,bt,py,aleatoria,24,12,12,2,1,5.889292,0.8702192712,,,
e7_cpp_vs_python,bt,py,aleatoria,24,12,12,2,2,5.791208,0.8702192712,,,
e7_cpp_vs_python,bt,py,aleatoria,24,12,12,2,3,5.97425,0.8702192712,,,
e7_cpp_vs_python,bt,py,aleatoria,24,12,12,2,4,5.772333,0.8702192712,,,
e7_cpp_vs_python,bt,py,aleatoria,24,12,12,2,5,5.839208,0.8702192712,,,
e7_cpp_vs_python,bt,py,aleatoria,24,12,12,2,6,5.751833,0.8702192712,,,
e7_cpp_vs_python,bt,py,aleatoria,24,12,12,2,7,5.845458,0.8702192712,,,
e7_cpp_vs_python,bt,py,aleatoria,24,12,12,2,8,5.824459,0.8702192712,,,
e7_cpp_vs_python,bt,py,aleatoria,24,12,12,2,9,5.939125,0.8702192712,,,
e7_cpp_vs_python,bt,py,aleatoria,24,12,12,2,10,6.000542,0.8702192712,,,
e7_cpp_vs_python,pd,cpp,aleatoria,24,12,12,0,1,0.008458,1.060278397,,,
e7_cpp_vs_python,pd,cpp,aleatoria,24,12,12,0,2,0.008583,1.060278397,,,
e7_cpp_vs_python,pd,cpp,aleatoria,24,12,12,0,3,0.009375,1.060278397,,,
e7_cpp_vs_python,pd,cpp,aleatoria,24,12,12,0,4,0.008083,1.060278397,,,
e7_cpp_vs_python,pd,cpp,aleatoria,24,12,12,0,5,0.00875,1.060278397,,,
e7_cpp_vs_python,pd,cpp,aleatoria,24,12,12,0,6,0.0075,1.060278397,,,
e7_cpp_vs_python,pd,cpp,aleatoria,24,12,12,0,7,0.007209,1.060278397,,,
e7_cpp_vs_python,pd,cpp,aleatoria,24,12,12,0,8,0.007875,1.060278397,,,
e7_cpp_vs_python,pd,cpp,aleatoria,24,12,12,0,9,0.007375,1.060278397,,,
e7_cpp_vs_python,pd,cpp,aleatoria,24,12,12,0,10,0.007208,1.060278397,,,
e7_cpp_vs_python,pd,cpp,aleatoria,24,12,12,1,1,0.007166,0.9917728571,,,
e7_cpp_vs_python,pd,cpp,aleatoria,24,12,12,1,2,0.0075,0.9917728571,,,
e7_cpp_vs_python,pd,cpp,aleatoria,24,12,12,1,3,0.0085,0.9917728571,,,
e7_cpp_vs_python,pd,cpp,aleatoria,24,12,12,1,4,0.007417,0.9917728571,,,
e7_cpp_vs_python,pd,cpp,aleatoria,24,12,12,1,5,0.007833,0.9917728571,,,
e7_cpp_vs_python,pd,cpp,aleatoria,24,12,12,1,6,0.008167,0.9917728571,,,
e7_cpp_vs_python,pd,cpp,aleatoria,24,12,12,1,7,0.007916,0.9917728571,,,
e7_cpp_vs_python,pd,cpp,aleatoria,24,12,12,1,8,0.008125,0.9917728571,,,
e7_cpp_vs_python,pd,cpp,aleatoria,24,12,12,1,9,0.007792,0.9917728571,,,
e7_cpp_vs_python,pd,cpp,aleatoria,24,12,12,1,10,0.008208,0.9917728571,,,
e7_cpp_vs_python,pd,cpp,aleatoria,24,12,12,2,1,0.00775,0.8702192712,,,
e7_cpp_vs_python,pd,cpp,aleatoria,24,12,12,2,2,0.008208,0.8702192712,,,
e7_cpp_vs_python,pd,cpp,aleatoria,24,12,12,2,3,0.007167,0.8702192712,,,
e7_cpp_vs_python,pd,cpp,aleatoria,24,12,12,2,4,0.007083,0.8702192712,,,
e7_cpp_vs_python,pd,cpp,aleatoria,24,12,12,2,5,0.007584,0.8702192712,,,
e7_cpp_vs_python,pd,cpp,aleatoria,24,12,12,2,6,0.007042,0.8702192712,,,
e7_cpp_vs_python,pd,cpp,aleatoria,24,12,12,2,7,0.008,0.8702192712,,,
e7_cpp_vs_python,pd,cpp,aleatoria,24,12,12,2,8,0.007166,0.8702192712,,,
e7_cpp_vs_python,pd,cpp,aleatoria,24,12,12,2,9,0.007083,0.8702192712,,,
e7_cpp_vs_python,pd,cpp,aleatoria,24,12,12,2,10,0.007625,0.8702192712,,,
e7_cpp_vs_python,pd,py,aleatoria,24,12,12,0,1,0.817625,1.060278397,,,
e7_cpp_vs_python,pd,py,aleatoria,24,12,12,0,2,0.794125,1.060278397,,,
e7_cpp_vs_python,pd,py,aleatoria,24,12,12,0,3,0.795917,1.060278397,,,
e7_cpp_vs_python,pd,py,aleatoria,24,12,12,0,4,0.812416,1.060278397,,,
e7_cpp_vs_python,pd,py,aleatoria,24,12,12,0,5,0.804167,1.060278397,,,
e7_cpp_vs_python,pd,py,aleatoria,24,12,12,0,6,0.806542,1.060278397,,,
e7_cpp_vs_python,pd,py,aleatoria,24,12,12,0,7,0.813583,1.060278397,,,
e7_cpp_vs_python,pd,py,aleatoria,24,12,12,0,8,0.825584,1.060278397,,,
e7_cpp_vs_python,pd,py,aleatoria,24,12,12,0,9,0.802542,1.060278397,,,
e7_cpp_vs_python,pd,py,aleatoria,24,12,12,0,10,0.799,1.060278397,,,
e7_cpp_vs_python,pd,py,aleatoria,24,12,12,1,1,0.81225,0.9917728571,,,
e7_cpp_vs_python,pd,py,aleatoria,24,12,12,1,2,0.80675,0.9917728571,,,
e7_cpp_vs_python,pd,py,aleatoria,24,12,12,1,3,0.810292,0.9917728571,,,
e7_cpp_vs_python,pd,py,aleatoria,24,12,12,1,4,0.815,0.9917728571,,,
e7_cpp_vs_python,pd,py,aleatoria,24,12,12,1,5,0.798375,0.9917728571,,,
e7_cpp_vs_python,pd,py,aleatoria,24,12,12,1,6,0.800459,0.9917728571,,,
e7_cpp_vs_python,pd,py,aleatoria,24,12,12,1,7,0.793209,0.9917728571,,,
e7_cpp_vs_python,pd,py,aleatoria,24,12,12,1,8,0.815625,0.9917728571,,,
e7_cpp_vs_python,pd,py,aleatoria,24,12,12,1,9,0.827125,0.9917728571,,,
e7_cpp_vs_python,pd,py,aleatoria,24,12,12,1,10,0.804208,0.9917728571,,,
e7_cpp_vs_python,pd,py,aleatoria,24,12,12,2,1,0.819625,0.8702192712,,,
e7_cpp_vs_python,pd,py,aleatoria,24,12,12,2,2,0.812667,0.8702192712,,,
e7_cpp_vs_python,pd,py,aleatoria,24,12,12,2,3,0.811125,0.8702192712,,,
e7_cpp_vs_python,pd,py,aleatoria,24,12,12,2,4,0.805709,0.8702192712,,,
e7_cpp_vs_python,pd,py,aleatoria,24,12,12,2,5,0.83125,0.8702192712,,,
e7_cpp_vs_python,pd,py,aleatoria,24,12,12,2,6,0.799125,0.8702192712,,,
e7_cpp_vs_python,pd,py,aleatoria,24,12,12,2,7,0.893625,0.8702192712,,,
e7_cpp_vs_python,pd,py,aleatoria,24,12,12,2,8,0.810666,0.8702192712,,,
e7_cpp_vs_python,pd,py,aleatoria,24,12,12,2,9,0.855458,0.8702192712,,,
e7_cpp_vs_python,pd,py,aleatoria,24,12,12,2,10,0.814667,0.8702192712,,,
e7_cpp_vs_python,fb,cpp,aleatoria,26,12,13,0,1,1559.886792,1.122771722,,,
e7_cpp_vs_python,fb,cpp,aleatoria,26,12,13,0,2,1576.576166,1.122771722,,,
e7_cpp_vs_python,fb,cpp,aleatoria,26,12,13,0,3,1524.865833,1.122771722,,,
e7_cpp_vs_python,fb,cpp,aleatoria,26,12,13,0,4,1563.313333,1.122771722,,,
e7_cpp_vs_python,fb,cpp,aleatoria,26,12,13,0,5,1539.007958,1.122771722,,,
e7_cpp_vs_python,fb,cpp,aleatoria,26,12,13,0,6,1567.823375,1.122771722,,,
e7_cpp_vs_python,fb,cpp,aleatoria,26,12,13,0,7,1564.611084,1.122771722,,,
e7_cpp_vs_python,fb,cpp,aleatoria,26,12,13,0,8,1596.673292,1.122771722,,,
e7_cpp_vs_python,fb,cpp,aleatoria,26,12,13,0,9,1569.919875,1.122771722,,,
e7_cpp_vs_python,fb,cpp,aleatoria,26,12,13,0,10,1548.911583,1.122771722,,,
e7_cpp_vs_python,fb,cpp,aleatoria,26,12,13,1,1,1552.237292,1.052646099,,,
e7_cpp_vs_python,fb,cpp,aleatoria,26,12,13,1,2,1571.319542,1.052646099,,,
e7_cpp_vs_python,fb,cpp,aleatoria,26,12,13,1,3,1602.41275,1.052646099,,,
e7_cpp_vs_python,fb,cpp,aleatoria,26,12,13,1,4,1561.470083,1.052646099,,,
e7_cpp_vs_python,fb,cpp,aleatoria,26,12,13,1,5,1543.39475,1.052646099,,,
e7_cpp_vs_python,fb,cpp,aleatoria,26,12,13,1,6,1530.059625,1.052646099,,,
e7_cpp_vs_python,fb,cpp,aleatoria,26,12,13,1,7,1540.416,1.052646099,,,
e7_cpp_vs_python,fb,cpp,aleatoria,26,12,13,1,8,1552.461125,1.052646099,,,
e7_cpp_vs_python,fb,cpp,aleatoria,26,12,13,1,9,1695.43775,1.052646099,,,
e7_cpp_vs_python,fb,cpp,aleatoria,26,12,13,1,10,1589.139208,1.052646099,,,
e7_cpp_vs_python,fb,cpp,aleatoria,26,12,13,2,1,1581.173292,1.271421563,,,
e7_cpp_vs_python,fb,cpp,aleatoria,26,12,13,2,2,1557.328542,1.271421563,,,
e7_cpp_vs_python,fb,cpp,aleatoria,26,12,13,2,3,1577.668208,1.271421563,,,
e7_cpp_vs_python,fb,cpp,aleatoria,26,12,13,2,4,1564.157375,1.271421563,,,
e7_cpp_vs_python,fb,cpp,aleatoria,26,12,13,2,5,1549.965125,1.271421563,,,
e7_cpp_vs_python,fb,cpp,aleatoria,26,12,13,2,6,1557.374791,1.271421563,,,
e7_cpp_vs_python,fb,cpp,aleatoria,26,12,13,2,7,1568.462583,1.271421563,,,
e7_cpp_vs_python,fb,cpp,aleatoria,26,12,13,2,8,1536.983833,1.271421563,,,
e7_cpp_vs_python,fb,cpp,aleatoria,26,12,13,2,9,1573.936125,1.271421563,,,
e7_cpp_vs_python,fb,cpp,aleatoria,26,12,13,2,10,1571.434625,1.271421563,,,
e7_cpp_vs_python,bt,cpp,aleatoria,26,12,13,0,1,0.349875,1.122771722,,,
e7_cpp_vs_python,bt,cpp,aleatoria,26,12,13,0,2,0.312416,1.122771722,,,
e7_cpp_vs_python,bt,cpp,aleatoria,26,12,13,0,3,0.349375,1.122771722,,,
e7_cpp_vs_python,bt,cpp,aleatoria,26,12,13,0,4,0.311166,1.122771722,,,
e7_cpp_vs_python,bt,cpp,aleatoria,26,12,13,0,5,0.349042,1.122771722,,,
e7_cpp_vs_python,bt,cpp,aleatoria,26,12,13,0,6,0.326,1.122771722,,,
e7_cpp_vs_python,bt,cpp,aleatoria,26,12,13,0,7,0.336208,1.122771722,,,
e7_cpp_vs_python,bt,cpp,aleatoria,26,12,13,0,8,0.376625,1.122771722,,,
e7_cpp_vs_python,bt,cpp,aleatoria,26,12,13,0,9,0.334375,1.122771722,,,
e7_cpp_vs_python,bt,cpp,aleatoria,26,12,13,0,10,0.385,1.122771722,,,
e7_cpp_vs_python,bt,cpp,aleatoria,26,12,13,1,1,0.196,1.052646099,,,
e7_cpp_vs_python,bt,cpp,aleatoria,26,12,13,1,2,0.200292,1.052646099,,,
e7_cpp_vs_python,bt,cpp,aleatoria,26,12,13,1,3,0.184792,1.052646099,,,
e7_cpp_vs_python,bt,cpp,aleatoria,26,12,13,1,4,0.218625,1.052646099,,,
e7_cpp_vs_python,bt,cpp,aleatoria,26,12,13,1,5,0.1805,1.052646099,,,
e7_cpp_vs_python,bt,cpp,aleatoria,26,12,13,1,6,0.188125,1.052646099,,,
e7_cpp_vs_python,bt,cpp,aleatoria,26,12,13,1,7,0.204083,1.052646099,,,
e7_cpp_vs_python,bt,cpp,aleatoria,26,12,13,1,8,0.188542,1.052646099,,,
e7_cpp_vs_python,bt,cpp,aleatoria,26,12,13,1,9,0.189209,1.052646099,,,
e7_cpp_vs_python,bt,cpp,aleatoria,26,12,13,1,10,0.177834,1.052646099,,,
e7_cpp_vs_python,bt,cpp,aleatoria,26,12,13,2,1,0.432834,1.271421563,,,
e7_cpp_vs_python,bt,cpp,aleatoria,26,12,13,2,2,0.435958,1.271421563,,,
e7_cpp_vs_python,bt,cpp,aleatoria,26,12,13,2,3,0.481709,1.271421563,,,
e7_cpp_vs_python,bt,cpp,aleatoria,26,12,13,2,4,0.488834,1.271421563,,,
e7_cpp_vs_python,bt,cpp,aleatoria,26,12,13,2,5,0.462958,1.271421563,,,
e7_cpp_vs_python,bt,cpp,aleatoria,26,12,13,2,6,0.545541,1.271421563,,,
e7_cpp_vs_python,bt,cpp,aleatoria,26,12,13,2,7,0.471417,1.271421563,,,
e7_cpp_vs_python,bt,cpp,aleatoria,26,12,13,2,8,0.465584,1.271421563,,,
e7_cpp_vs_python,bt,cpp,aleatoria,26,12,13,2,9,0.434792,1.271421563,,,
e7_cpp_vs_python,bt,cpp,aleatoria,26,12,13,2,10,0.8845,1.271421563,,,
e7_cpp_vs_python,bt,py,aleatoria,26,12,13,0,1,31.67675,1.122771722,,,
e7_cpp_vs_python,bt,py,aleatoria,26,12,13,0,2,31.05575,1.122771722,,,
e7_cpp_vs_python,bt,py,aleatoria,26,12,13,0,3,31.723208,1.122771722,,,
e7_cpp_vs_python,bt,py,aleatoria,26,12,13,0,4,31.05325,1.122771722,,,
e7_cpp_vs_python,bt,py,aleatoria,26,12,13,0,5,31.596042,1.122771722,,,
e7_cpp_vs_python,bt,py,aleatoria,26,12,13,0,6,31.092292,1.122771722,,,
e7_cpp_vs_python,bt,py,aleatoria,26,12,13,0,7,31.313541,1.122771722,,,
e7_cpp_vs_python,bt,py,aleatoria,26,12,13,0,8,30.673542,1.122771722,,,
e7_cpp_vs_python,bt,py,aleatoria,26,12,13,0,9,31.292791,1.122771722,,,
e7_cpp_vs_python,bt,py,aleatoria,26,12,13,0,10,31.85725,1.122771722,,,
e7_cpp_vs_python,bt,py,aleatoria,26,12,13,1,1,17.204625,1.052646099,,,
e7_cpp_vs_python,bt,py,aleatoria,26,12,13,1,2,17.192459,1.052646099,,,
e7_cpp_vs_python,bt,py,aleatoria,26,12,13,1,3,17.5,1.052646099,,,
e7_cpp_vs_python,bt,py,aleatoria,26,12,13,1,4,17.292375,1.052646099,,,
e7_cpp_vs_python,bt,py,aleatoria,26,12,13,1,5,17.181458,1.052646099,,,
e7_cpp_vs_python,bt,py,aleatoria,26,12,13,1,6,17.173,1.052646099,,,
e7_cpp_vs_python,bt,py,aleatoria,26,12,13,1,7,17.133333,1.052646099,,,
e7_cpp_vs_python,bt,py,aleatoria,26,12,13,1,8,17.346667,1.052646099,,,
e7_cpp_vs_python,bt,py,aleatoria,26,12,13,1,9,16.797458,1.052646099,,,
e7_cpp_vs_python,bt,py,aleatoria,26,12,13,1,10,17.267417,1.052646099,,,
e7_cpp_vs_python,bt,py,aleatoria,26,12,13,2,1,42.104625,1.271421563,,,
e7_cpp_vs_python,bt,py,aleatoria,26,12,13,2,2,43.990458,1.271421563,,,
e7_cpp_vs_python,bt,py,aleatoria,26,12,13,2,3,41.533709,1.271421563,,,
e7_cpp_vs_python,bt,py,aleatoria,26,12,13,2,4,42.365833,1.271421563,,,
e7_cpp_vs_python,bt,py,aleatoria,26,12,13,2,5,43.23925,1.271421563,,,
e7_cpp_vs_python,bt,py,aleatoria,26,12,13,2,6,42.303125,1.271421563,,,
e7_cpp_vs_python,bt,py,aleatoria,26,12,13,2,7,51.710875,1.271421563,,,
e7_cpp_vs_python,bt,py,aleatoria,26,12,13,2,8,42.804583,1.271421563,,,
e7_cpp_vs_python,bt,py,aleatoria,26,12,13,2,9,42.352583,1.271421563,,,
e7_cpp_vs_python,bt,py,aleatoria,26,12,13,2,10,42.72825,1.271421563,,,
e7_cpp_vs_python,pd,cpp,aleatoria,26,12,13,0,1,0.008708,1.122771722,,,
e7_cpp_vs_python,pd,cpp,aleatoria,26,12,13,0,2,0.00825,1.122771722,,,
e7_cpp_vs_python,pd,cpp,aleatoria,26,12,13,0,3,0.010167,1.122771722,,,
e7_cpp_vs_python,pd,cpp,aleatoria,26,12,13,0,4,0.008208,1.122771722,,,
e7_cpp_vs_python,pd,cpp,aleatoria,26,12,13,0,5,0.009333,1.122771722,,,
e7_cpp_vs_python,pd,cpp,aleatoria,26,12,13,0,6,0.009667,1.122771722,,,
e7_cpp_vs_python,pd,cpp,aleatoria,26,12,13,0,7,0.00875,1.122771722,,,
e7_cpp_vs_python,pd,cpp,aleatoria,26,12,13,0,8,0.00825,1.122771722,,,
e7_cpp_vs_python,pd,cpp,aleatoria,26,12,13,0,9,0.008208,1.122771722,,,
e7_cpp_vs_python,pd,cpp,aleatoria,26,12,13,0,10,0.008334,1.122771722,,,
e7_cpp_vs_python,pd,cpp,aleatoria,26,12,13,1,1,0.008333,1.052646099,,,
e7_cpp_vs_python,pd,cpp,aleatoria,26,12,13,1,2,0.008167,1.052646099,,,
e7_cpp_vs_python,pd,cpp,aleatoria,26,12,13,1,3,0.008292,1.052646099,,,
e7_cpp_vs_python,pd,cpp,aleatoria,26,12,13,1,4,0.00925,1.052646099,,,
e7_cpp_vs_python,pd,cpp,aleatoria,26,12,13,1,5,0.008667,1.052646099,,,
e7_cpp_vs_python,pd,cpp,aleatoria,26,12,13,1,6,0.010875,1.052646099,,,
e7_cpp_vs_python,pd,cpp,aleatoria,26,12,13,1,7,0.008125,1.052646099,,,
e7_cpp_vs_python,pd,cpp,aleatoria,26,12,13,1,8,0.008166,1.052646099,,,
e7_cpp_vs_python,pd,cpp,aleatoria,26,12,13,1,9,0.008917,1.052646099,,,
e7_cpp_vs_python,pd,cpp,aleatoria,26,12,13,1,10,0.009042,1.052646099,,,
e7_cpp_vs_python,pd,cpp,aleatoria,26,12,13,2,1,0.008333,1.271421563,,,
e7_cpp_vs_python,pd,cpp,aleatoria,26,12,13,2,2,0.007833,1.271421563,,,
e7_cpp_vs_python,pd,cpp,aleatoria,26,12,13,2,3,0.00825,1.271421563,,,
e7_cpp_vs_python,pd,cpp,aleatoria,26,12,13,2,4,0.008125,1.271421563,,,
e7_cpp_vs_python,pd,cpp,aleatoria,26,12,13,2,5,0.009709,1.271421563,,,
e7_cpp_vs_python,pd,cpp,aleatoria,26,12,13,2,6,0.009541,1.271421563,,,
e7_cpp_vs_python,pd,cpp,aleatoria,26,12,13,2,7,0.009042,1.271421563,,,
e7_cpp_vs_python,pd,cpp,aleatoria,26,12,13,2,8,0.008458,1.271421563,,,
e7_cpp_vs_python,pd,cpp,aleatoria,26,12,13,2,9,0.00775,1.271421563,,,
e7_cpp_vs_python,pd,cpp,aleatoria,26,12,13,2,10,0.008375,1.271421563,,,
e7_cpp_vs_python,pd,py,aleatoria,26,12,13,0,1,1.02925,1.122771722,,,
e7_cpp_vs_python,pd,py,aleatoria,26,12,13,0,2,1.023625,1.122771722,,,
e7_cpp_vs_python,pd,py,aleatoria,26,12,13,0,3,1.009709,1.122771722,,,
e7_cpp_vs_python,pd,py,aleatoria,26,12,13,0,4,1.034209,1.122771722,,,
e7_cpp_vs_python,pd,py,aleatoria,26,12,13,0,5,1.001792,1.122771722,,,
e7_cpp_vs_python,pd,py,aleatoria,26,12,13,0,6,1.0055,1.122771722,,,
e7_cpp_vs_python,pd,py,aleatoria,26,12,13,0,7,1.024833,1.122771722,,,
e7_cpp_vs_python,pd,py,aleatoria,26,12,13,0,8,0.997125,1.122771722,,,
e7_cpp_vs_python,pd,py,aleatoria,26,12,13,0,9,1.048834,1.122771722,,,
e7_cpp_vs_python,pd,py,aleatoria,26,12,13,0,10,1.037375,1.122771722,,,
e7_cpp_vs_python,pd,py,aleatoria,26,12,13,1,1,1.005208,1.052646099,,,
e7_cpp_vs_python,pd,py,aleatoria,26,12,13,1,2,1.025833,1.052646099,,,
e7_cpp_vs_python,pd,py,aleatoria,26,12,13,1,3,1.006834,1.052646099,,,
e7_cpp_vs_python,pd,py,aleatoria,26,12,13,1,4,1.007792,1.052646099,,,
e7_cpp_vs_python,pd,py,aleatoria,26,12,13,1,5,0.995458,1.052646099,,,
e7_cpp_vs_python,pd,py,aleatoria,26,12,13,1,6,1.017083,1.052646099,,,
e7_cpp_vs_python,pd,py,aleatoria,26,12,13,1,7,1.01225,1.052646099,,,
e7_cpp_vs_python,pd,py,aleatoria,26,12,13,1,8,1.035875,1.052646099,,,
e7_cpp_vs_python,pd,py,aleatoria,26,12,13,1,9,0.984667,1.052646099,,,
e7_cpp_vs_python,pd,py,aleatoria,26,12,13,1,10,1.019417,1.052646099,,,
e7_cpp_vs_python,pd,py,aleatoria,26,12,13,2,1,1.014375,1.271421563,,,
e7_cpp_vs_python,pd,py,aleatoria,26,12,13,2,2,1.007292,1.271421563,,,
e7_cpp_vs_python,pd,py,aleatoria,26,12,13,2,3,1.008333,1.271421563,,,
e7_cpp_vs_python,pd,py,aleatoria,26,12,13,2,4,1.018042,1.271421563,,,
e7_cpp_vs_python,pd,py,aleatoria,26,12,13,2,5,1.028375,1.271421563,,,
e7_cpp_vs_python,pd,py,aleatoria,26,12,13,2,6,1.015541,1.271421563,,,
e7_cpp_vs_python,pd,py,aleatoria,26,12,13,2,7,1.02775,1.271421563,,,
e7_cpp_vs_python,pd,py,aleatoria,26,12,13,2,8,1.02325,1.271421563,,,
e7_cpp_vs_python,pd,py,aleatoria,26,12,13,2,9,1.015625,1.271421563,,,
e7_cpp_vs_python,pd,py,aleatoria,26,12,13,2,10,1.018958,1.271421563,,,
e7_cpp_vs_python,bt,cpp,aleatoria,30,12,15,0,1,0.228709,0.7939430332,,,
e7_cpp_vs_python,bt,cpp,aleatoria,30,12,15,0,2,0.220542,0.7939430332,,,
e7_cpp_vs_python,bt,cpp,aleatoria,30,12,15,0,3,0.253042,0.7939430332,,,
e7_cpp_vs_python,bt,cpp,aleatoria,30,12,15,0,4,0.249709,0.7939430332,,,
e7_cpp_vs_python,bt,cpp,aleatoria,30,12,15,0,5,0.194166,0.7939430332,,,
e7_cpp_vs_python,bt,cpp,aleatoria,30,12,15,0,6,0.214208,0.7939430332,,,
e7_cpp_vs_python,bt,cpp,aleatoria,30,12,15,0,7,0.211667,0.7939430332,,,
e7_cpp_vs_python,bt,cpp,aleatoria,30,12,15,0,8,0.220833,0.7939430332,,,
e7_cpp_vs_python,bt,cpp,aleatoria,30,12,15,0,9,0.204834,0.7939430332,,,
e7_cpp_vs_python,bt,cpp,aleatoria,30,12,15,0,10,0.2095,0.7939430332,,,
e7_cpp_vs_python,bt,cpp,aleatoria,30,12,15,1,1,0.348375,1.055106933,,,
e7_cpp_vs_python,bt,cpp,aleatoria,30,12,15,1,2,0.348208,1.055106933,,,
e7_cpp_vs_python,bt,cpp,aleatoria,30,12,15,1,3,0.363792,1.055106933,,,
e7_cpp_vs_python,bt,cpp,aleatoria,30,12,15,1,4,0.348,1.055106933,,,
e7_cpp_vs_python,bt,cpp,aleatoria,30,12,15,1,5,0.352291,1.055106933,,,
e7_cpp_vs_python,bt,cpp,aleatoria,30,12,15,1,6,0.352292,1.055106933,,,
e7_cpp_vs_python,bt,cpp,aleatoria,30,12,15,1,7,0.3575,1.055106933,,,
e7_cpp_vs_python,bt,cpp,aleatoria,30,12,15,1,8,0.403125,1.055106933,,,
e7_cpp_vs_python,bt,cpp,aleatoria,30,12,15,1,9,0.353583,1.055106933,,,
e7_cpp_vs_python,bt,cpp,aleatoria,30,12,15,1,10,0.336625,1.055106933,,,
e7_cpp_vs_python,bt,cpp,aleatoria,30,12,15,2,1,0.647709,1.219050175,,,
e7_cpp_vs_python,bt,cpp,aleatoria,30,12,15,2,2,0.681292,1.219050175,,,
e7_cpp_vs_python,bt,cpp,aleatoria,30,12,15,2,3,0.682125,1.219050175,,,
e7_cpp_vs_python,bt,cpp,aleatoria,30,12,15,2,4,0.702959,1.219050175,,,
e7_cpp_vs_python,bt,cpp,aleatoria,30,12,15,2,5,0.691833,1.219050175,,,
e7_cpp_vs_python,bt,cpp,aleatoria,30,12,15,2,6,0.69275,1.219050175,,,
e7_cpp_vs_python,bt,cpp,aleatoria,30,12,15,2,7,0.675292,1.219050175,,,
e7_cpp_vs_python,bt,cpp,aleatoria,30,12,15,2,8,0.708958,1.219050175,,,
e7_cpp_vs_python,bt,cpp,aleatoria,30,12,15,2,9,0.76075,1.219050175,,,
e7_cpp_vs_python,bt,cpp,aleatoria,30,12,15,2,10,0.639417,1.219050175,,,
e7_cpp_vs_python,bt,py,aleatoria,30,12,15,0,1,21.401583,0.7939430332,,,
e7_cpp_vs_python,bt,py,aleatoria,30,12,15,0,2,21.585,0.7939430332,,,
e7_cpp_vs_python,bt,py,aleatoria,30,12,15,0,3,21.422459,0.7939430332,,,
e7_cpp_vs_python,bt,py,aleatoria,30,12,15,0,4,21.391292,0.7939430332,,,
e7_cpp_vs_python,bt,py,aleatoria,30,12,15,0,5,21.106542,0.7939430332,,,
e7_cpp_vs_python,bt,py,aleatoria,30,12,15,0,6,21.557416,0.7939430332,,,
e7_cpp_vs_python,bt,py,aleatoria,30,12,15,0,7,21.495333,0.7939430332,,,
e7_cpp_vs_python,bt,py,aleatoria,30,12,15,0,8,21.557167,0.7939430332,,,
e7_cpp_vs_python,bt,py,aleatoria,30,12,15,0,9,21.632917,0.7939430332,,,
e7_cpp_vs_python,bt,py,aleatoria,30,12,15,0,10,21.751291,0.7939430332,,,
e7_cpp_vs_python,bt,py,aleatoria,30,12,15,1,1,35.891667,1.055106933,,,
e7_cpp_vs_python,bt,py,aleatoria,30,12,15,1,2,35.97975,1.055106933,,,
e7_cpp_vs_python,bt,py,aleatoria,30,12,15,1,3,35.06975,1.055106933,,,
e7_cpp_vs_python,bt,py,aleatoria,30,12,15,1,4,36.045166,1.055106933,,,
e7_cpp_vs_python,bt,py,aleatoria,30,12,15,1,5,35.150083,1.055106933,,,
e7_cpp_vs_python,bt,py,aleatoria,30,12,15,1,6,35.072167,1.055106933,,,
e7_cpp_vs_python,bt,py,aleatoria,30,12,15,1,7,35.675875,1.055106933,,,
e7_cpp_vs_python,bt,py,aleatoria,30,12,15,1,8,34.9535,1.055106933,,,
e7_cpp_vs_python,bt,py,aleatoria,30,12,15,1,9,35.813416,1.055106933,,,
e7_cpp_vs_python,bt,py,aleatoria,30,12,15,1,10,35.099292,1.055106933,,,
e7_cpp_vs_python,bt,py,aleatoria,30,12,15,2,1,70.644959,1.219050175,,,
e7_cpp_vs_python,bt,py,aleatoria,30,12,15,2,2,70.718333,1.219050175,,,
e7_cpp_vs_python,bt,py,aleatoria,30,12,15,2,3,69.491125,1.219050175,,,
e7_cpp_vs_python,bt,py,aleatoria,30,12,15,2,4,70.307,1.219050175,,,
e7_cpp_vs_python,bt,py,aleatoria,30,12,15,2,5,72.000709,1.219050175,,,
e7_cpp_vs_python,bt,py,aleatoria,30,12,15,2,6,71.45525,1.219050175,,,
e7_cpp_vs_python,bt,py,aleatoria,30,12,15,2,7,70.732542,1.219050175,,,
e7_cpp_vs_python,bt,py,aleatoria,30,12,15,2,8,71.603458,1.219050175,,,
e7_cpp_vs_python,bt,py,aleatoria,30,12,15,2,9,71.803084,1.219050175,,,
e7_cpp_vs_python,bt,py,aleatoria,30,12,15,2,10,71.603167,1.219050175,,,
e7_cpp_vs_python,pd,cpp,aleatoria,30,12,15,0,1,0.01075,0.7939430332,,,
e7_cpp_vs_python,pd,cpp,aleatoria,30,12,15,0,2,0.01075,0.7939430332,,,
e7_cpp_vs_python,pd,cpp,aleatoria,30,12,15,0,3,0.010208,0.7939430332,,,
e7_cpp_vs_python,pd,cpp,aleatoria,30,12,15,0,4,0.010583,0.7939430332,,,
e7_cpp_vs_python,pd,cpp,aleatoria,30,12,15,0,5,0.011458,0.7939430332,,,
e7_cpp_vs_python,pd,cpp,aleatoria,30,12,15,0,6,0.011875,0.7939430332,,,
e7_cpp_vs_python,pd,cpp,aleatoria,30,12,15,0,7,0.010541,0.7939430332,,,
e7_cpp_vs_python,pd,cpp,aleatoria,30,12,15,0,8,0.010542,0.7939430332,,,
e7_cpp_vs_python,pd,cpp,aleatoria,30,12,15,0,9,0.010584,0.7939430332,,,
e7_cpp_vs_python,pd,cpp,aleatoria,30,12,15,0,10,0.0115,0.7939430332,,,
e7_cpp_vs_python,pd,cpp,aleatoria,30,12,15,1,1,0.011834,1.055106933,,,
e7_cpp_vs_python,pd,cpp,aleatoria,30,12,15,1,2,0.011291,1.055106933,,,
e7_cpp_vs_python,pd,cpp,aleatoria,30,12,15,1,3,0.011291,1.055106933,,,
e7_cpp_vs_python,pd,cpp,aleatoria,30,12,15,1,4,0.011667,1.055106933,,,
e7_cpp_vs_python,pd,cpp,aleatoria,30,12,15,1,5,0.010541,1.055106933,,,
e7_cpp_vs_python,pd,cpp,aleatoria,30,12,15,1,6,0.010042,1.055106933,,,
e7_cpp_vs_python,pd,cpp,aleatoria,30,12,15,1,7,0.010416,1.055106933,,,
e7_cpp_vs_python,pd,cpp,aleatoria,30,12,15,1,8,0.011208,1.055106933,,,
e7_cpp_vs_python,pd,cpp,aleatoria,30,12,15,1,9,0.010542,1.055106933,,,
e7_cpp_vs_python,pd,cpp,aleatoria,30,12,15,1,10,0.01,1.055106933,,,
e7_cpp_vs_python,pd,cpp,aleatoria,30,12,15,2,1,0.011625,1.219050175,,,
e7_cpp_vs_python,pd,cpp,aleatoria,30,12,15,2,2,0.0105,1.219050175,,,
e7_cpp_vs_python,pd,cpp,aleatoria,30,12,15,2,3,0.010167,1.219050175,,,
e7_cpp_vs_python,pd,cpp,aleatoria,30,12,15,2,4,0.0105,1.219050175,,,
e7_cpp_vs_python,pd,cpp,aleatoria,30,12,15,2,5,0.01025,1.219050175,,,
e7_cpp_vs_python,pd,cpp,aleatoria,30,12,15,2,6,0.010125,1.219050175,,,
e7_cpp_vs_python,pd,cpp,aleatoria,30,12,15,2,7,0.009958,1.219050175,,,
e7_cpp_vs_python,pd,cpp,aleatoria,30,12,15,2,8,0.010167,1.219050175,,,
e7_cpp_vs_python,pd,cpp,aleatoria,30,12,15,2,9,0.01025,1.219050175,,,
e7_cpp_vs_python,pd,cpp,aleatoria,30,12,15,2,10,0.01025,1.219050175,,,
e7_cpp_vs_python,pd,py,aleatoria,30,12,15,0,1,1.542084,0.7939430332,,,
e7_cpp_vs_python,pd,py,aleatoria,30,12,15,0,2,1.535,0.7939430332,,,
e7_cpp_vs_python,pd,py,aleatoria,30,12,15,0,3,1.52125,0.7939430332,,,
e7_cpp_vs_python,pd,py,aleatoria,30,12,15,0,4,1.538167,0.7939430332,,,
e7_cpp_vs_python,pd,py,aleatoria,30,12,15,0,5,1.560459,0.7939430332,,,
e7_cpp_vs_python,pd,py,aleatoria,30,12,15,0,6,1.520583,0.7939430332,,,
e7_cpp_vs_python,pd,py,aleatoria,30,12,15,0,7,1.551459,0.7939430332,,,
e7_cpp_vs_python,pd,py,aleatoria,30,12,15,0,8,1.535834,0.7939430332,,,
e7_cpp_vs_python,pd,py,aleatoria,30,12,15,0,9,1.572666,0.7939430332,,,
e7_cpp_vs_python,pd,py,aleatoria,30,12,15,0,10,1.546625,0.7939430332,,,
e7_cpp_vs_python,pd,py,aleatoria,30,12,15,1,1,1.547417,1.055106933,,,
e7_cpp_vs_python,pd,py,aleatoria,30,12,15,1,2,2.114292,1.055106933,,,
e7_cpp_vs_python,pd,py,aleatoria,30,12,15,1,3,1.530833,1.055106933,,,
e7_cpp_vs_python,pd,py,aleatoria,30,12,15,1,4,1.554875,1.055106933,,,
e7_cpp_vs_python,pd,py,aleatoria,30,12,15,1,5,1.524667,1.055106933,,,
e7_cpp_vs_python,pd,py,aleatoria,30,12,15,1,6,1.557375,1.055106933,,,
e7_cpp_vs_python,pd,py,aleatoria,30,12,15,1,7,1.545125,1.055106933,,,
e7_cpp_vs_python,pd,py,aleatoria,30,12,15,1,8,1.521333,1.055106933,,,
e7_cpp_vs_python,pd,py,aleatoria,30,12,15,1,9,1.529042,1.055106933,,,
e7_cpp_vs_python,pd,py,aleatoria,30,12,15,1,10,1.542709,1.055106933,,,
e7_cpp_vs_python,pd,py,aleatoria,30,12,15,2,1,1.548708,1.219050175,,,
e7_cpp_vs_python,pd,py,aleatoria,30,12,15,2,2,1.556458,1.219050175,,,
e7_cpp_vs_python,pd,py,aleatoria,30,12,15,2,3,1.550958,1.219050175,,,
e7_cpp_vs_python,pd,py,aleatoria,30,12,15,2,4,1.597959,1.219050175,,,
e7_cpp_vs_python,pd,py,aleatoria,30,12,15,2,5,1.526375,1.219050175,,,
e7_cpp_vs_python,pd,py,aleatoria,30,12,15,2,6,1.539167,1.219050175,,,
e7_cpp_vs_python,pd,py,aleatoria,30,12,15,2,7,1.55875,1.219050175,,,
e7_cpp_vs_python,pd,py,aleatoria,30,12,15,2,8,1.604041,1.219050175,,,
e7_cpp_vs_python,pd,py,aleatoria,30,12,15,2,9,1.544,1.219050175,,,
e7_cpp_vs_python,pd,py,aleatoria,30,12,15,2,10,1.572458,1.219050175,,,
e7_cpp_vs_python,bt,cpp,aleatoria,40,12,20,0,1,0.530375,0.8973040845,,,
e7_cpp_vs_python,bt,cpp,aleatoria,40,12,20,0,2,0.617708,0.8973040845,,,
e7_cpp_vs_python,bt,cpp,aleatoria,40,12,20,0,3,0.663333,0.8973040845,,,
e7_cpp_vs_python,bt,cpp,aleatoria,40,12,20,0,4,0.628125,0.8973040845,,,
e7_cpp_vs_python,bt,cpp,aleatoria,40,12,20,0,5,0.594084,0.8973040845,,,
e7_cpp_vs_python,bt,cpp,aleatoria,40,12,20,0,6,0.615458,0.8973040845,,,
e7_cpp_vs_python,bt,cpp,aleatoria,40,12,20,0,7,0.611542,0.8973040845,,,
e7_cpp_vs_python,bt,cpp,aleatoria,40,12,20,0,8,0.595459,0.8973040845,,,
e7_cpp_vs_python,bt,cpp,aleatoria,40,12,20,0,9,0.587958,0.8973040845,,,
e7_cpp_vs_python,bt,cpp,aleatoria,40,12,20,0,10,0.60525,0.8973040845,,,
e7_cpp_vs_python,bt,cpp,aleatoria,40,12,20,1,1,1.308042,0.9989842742,,,
e7_cpp_vs_python,bt,cpp,aleatoria,40,12,20,1,2,1.245958,0.9989842742,,,
e7_cpp_vs_python,bt,cpp,aleatoria,40,12,20,1,3,1.159292,0.9989842742,,,
e7_cpp_vs_python,bt,cpp,aleatoria,40,12,20,1,4,1.249208,0.9989842742,,,
e7_cpp_vs_python,bt,cpp,aleatoria,40,12,20,1,5,1.249208,0.9989842742,,,
e7_cpp_vs_python,bt,cpp,aleatoria,40,12,20,1,6,1.305833,0.9989842742,,,
e7_cpp_vs_python,bt,cpp,aleatoria,40,12,20,1,7,1.243542,0.9989842742,,,
e7_cpp_vs_python,bt,cpp,aleatoria,40,12,20,1,8,1.26325,0.9989842742,,,
e7_cpp_vs_python,bt,cpp,aleatoria,40,12,20,1,9,1.269125,0.9989842742,,,
e7_cpp_vs_python,bt,cpp,aleatoria,40,12,20,1,10,1.2445,0.9989842742,,,
e7_cpp_vs_python,bt,cpp,aleatoria,40,12,20,2,1,1.954791,1.169192166,,,
e7_cpp_vs_python,bt,cpp,aleatoria,40,12,20,2,2,2.186375,1.169192166,,,
e7_cpp_vs_python,bt,cpp,aleatoria,40,12,20,2,3,1.938041,1.169192166,,,
e7_cpp_vs_python,bt,cpp,aleatoria,40,12,20,2,4,1.963541,1.169192166,,,
e7_cpp_vs_python,bt,cpp,aleatoria,40,12,20,2,5,1.91575,1.169192166,,,
e7_cpp_vs_python,bt,cpp,aleatoria,40,12,20,2,6,1.987666,1.169192166,,,
e7_cpp_vs_python,bt,cpp,aleatoria,40,12,20,2,7,1.920875,1.169192166,,,
e7_cpp_vs_python,bt,cpp,aleatoria,40,12,20,2,8,1.994292,1.169192166,,,
e7_cpp_vs_python,bt,cpp,aleatoria,40,12,20,2,9,1.753042,1.169192166,,,
e7_cpp_vs_python,bt,cpp,aleatoria,40,12,20,2,10,2.171291,1.169192166,,,
e7_cpp_vs_python,bt,py,aleatoria,40,12,20,0,1,70.939083,0.8973040845,,,
e7_cpp_vs_python,bt,py,aleatoria,40,12,20,0,2,72.601,0.8973040845,,,
e7_cpp_vs_python,bt,py,aleatoria,40,12,20,0,3,71.979584,0.8973040845,,,
e7_cpp_vs_python,bt,py,aleatoria,40,12,20,0,4,72.85875,0.8973040845,,,
e7_cpp_vs_python,bt,py,aleatoria,40,12,20,0,5,71.627666,0.8973040845,,,
e7_cpp_vs_python,bt,py,aleatoria,40,12,20,0,6,71.632167,0.8973040845,,,
e7_cpp_vs_python,bt,py,aleatoria,40,12,20,0,7,71.8215,0.8973040845,,,
e7_cpp_vs_python,bt,py,aleatoria,40,12,20,0,8,70.620542,0.8973040845,,,
e7_cpp_vs_python,bt,py,aleatoria,40,12,20,0,9,71.403458,0.8973040845,,,
e7_cpp_vs_python,bt,py,aleatoria,40,12,20,0,10,71.444166,0.8973040845,,,
e7_cpp_vs_python,bt,py,aleatoria,40,12,20,1,1,150.91375,0.9989842742,,,
e7_cpp_vs_python,bt,py,aleatoria,40,12,20,1,2,151.2295,0.9989842742,,,
e7_cpp_vs_python,bt,py,aleatoria,40,12,20,1,3,151.485625,0.9989842742,,,
e7_cpp_vs_python,bt,py,aleatoria,40,12,20,1,4,151.11775,0.9989842742,,,
e7_cpp_vs_python,bt,py,aleatoria,40,12,20,1,5,151.358709,0.9989842742,,,
e7_cpp_vs_python,bt,py,aleatoria,40,12,20,1,6,151.141292,0.9989842742,,,
e7_cpp_vs_python,bt,py,aleatoria,40,12,20,1,7,152.579875,0.9989842742,,,
e7_cpp_vs_python,bt,py,aleatoria,40,12,20,1,8,151.287833,0.9989842742,,,
e7_cpp_vs_python,bt,py,aleatoria,40,12,20,1,9,152.306292,0.9989842742,,,
e7_cpp_vs_python,bt,py,aleatoria,40,12,20,1,10,152.010334,0.9989842742,,,
e7_cpp_vs_python,bt,py,aleatoria,40,12,20,2,1,234.106084,1.169192166,,,
e7_cpp_vs_python,bt,py,aleatoria,40,12,20,2,2,235.09875,1.169192166,,,
e7_cpp_vs_python,bt,py,aleatoria,40,12,20,2,3,232.119958,1.169192166,,,
e7_cpp_vs_python,bt,py,aleatoria,40,12,20,2,4,234.478916,1.169192166,,,
e7_cpp_vs_python,bt,py,aleatoria,40,12,20,2,5,235.6565,1.169192166,,,
e7_cpp_vs_python,bt,py,aleatoria,40,12,20,2,6,236.183333,1.169192166,,,
e7_cpp_vs_python,bt,py,aleatoria,40,12,20,2,7,236.388375,1.169192166,,,
e7_cpp_vs_python,bt,py,aleatoria,40,12,20,2,8,235.930542,1.169192166,,,
e7_cpp_vs_python,bt,py,aleatoria,40,12,20,2,9,234.023583,1.169192166,,,
e7_cpp_vs_python,bt,py,aleatoria,40,12,20,2,10,244.369166,1.169192166,,,
e7_cpp_vs_python,pd,cpp,aleatoria,40,12,20,0,1,0.022584,0.8973040845,,,
e7_cpp_vs_python,pd,cpp,aleatoria,40,12,20,0,2,0.02275,0.8973040845,,,
e7_cpp_vs_python,pd,cpp,aleatoria,40,12,20,0,3,0.020958,0.8973040845,,,
e7_cpp_vs_python,pd,cpp,aleatoria,40,12,20,0,4,0.020417,0.8973040845,,,
e7_cpp_vs_python,pd,cpp,aleatoria,40,12,20,0,5,0.020542,0.8973040845,,,
e7_cpp_vs_python,pd,cpp,aleatoria,40,12,20,0,6,0.023917,0.8973040845,,,
e7_cpp_vs_python,pd,cpp,aleatoria,40,12,20,0,7,0.019875,0.8973040845,,,
e7_cpp_vs_python,pd,cpp,aleatoria,40,12,20,0,8,0.020791,0.8973040845,,,
e7_cpp_vs_python,pd,cpp,aleatoria,40,12,20,0,9,0.0205,0.8973040845,,,
e7_cpp_vs_python,pd,cpp,aleatoria,40,12,20,0,10,0.022166,0.8973040845,,,
e7_cpp_vs_python,pd,cpp,aleatoria,40,12,20,1,1,0.02175,0.9989842742,,,
e7_cpp_vs_python,pd,cpp,aleatoria,40,12,20,1,2,0.023334,0.9989842742,,,
e7_cpp_vs_python,pd,cpp,aleatoria,40,12,20,1,3,0.021833,0.9989842742,,,
e7_cpp_vs_python,pd,cpp,aleatoria,40,12,20,1,4,0.020042,0.9989842742,,,
e7_cpp_vs_python,pd,cpp,aleatoria,40,12,20,1,5,0.021709,0.9989842742,,,
e7_cpp_vs_python,pd,cpp,aleatoria,40,12,20,1,6,0.019625,0.9989842742,,,
e7_cpp_vs_python,pd,cpp,aleatoria,40,12,20,1,7,0.022125,0.9989842742,,,
e7_cpp_vs_python,pd,cpp,aleatoria,40,12,20,1,8,0.021875,0.9989842742,,,
e7_cpp_vs_python,pd,cpp,aleatoria,40,12,20,1,9,0.019666,0.9989842742,,,
e7_cpp_vs_python,pd,cpp,aleatoria,40,12,20,1,10,0.021625,0.9989842742,,,
e7_cpp_vs_python,pd,cpp,aleatoria,40,12,20,2,1,0.022334,1.169192166,,,
e7_cpp_vs_python,pd,cpp,aleatoria,40,12,20,2,2,0.022334,1.169192166,,,
e7_cpp_vs_python,pd,cpp,aleatoria,40,12,20,2,3,0.0285,1.169192166,,,
e7_cpp_vs_python,pd,cpp,aleatoria,40,12,20,2,4,0.022792,1.169192166,,,
e7_cpp_vs_python,pd,cpp,aleatoria,40,12,20,2,5,0.019709,1.169192166,,,
e7_cpp_vs_python,pd,cpp,aleatoria,40,12,20,2,6,0.022167,1.169192166,,,
e7_cpp_vs_python,pd,cpp,aleatoria,40,12,20,2,7,0.019792,1.169192166,,,
e7_cpp_vs_python,pd,cpp,aleatoria,40,12,20,2,8,0.019917,1.169192166,,,
e7_cpp_vs_python,pd,cpp,aleatoria,40,12,20,2,9,0.019709,1.169192166,,,
e7_cpp_vs_python,pd,cpp,aleatoria,40,12,20,2,10,0.020333,1.169192166,,,
e7_cpp_vs_python,pd,py,aleatoria,40,12,20,0,1,3.543625,0.8973040845,,,
e7_cpp_vs_python,pd,py,aleatoria,40,12,20,0,2,3.482167,0.8973040845,,,
e7_cpp_vs_python,pd,py,aleatoria,40,12,20,0,3,3.480834,0.8973040845,,,
e7_cpp_vs_python,pd,py,aleatoria,40,12,20,0,4,3.467333,0.8973040845,,,
e7_cpp_vs_python,pd,py,aleatoria,40,12,20,0,5,3.591792,0.8973040845,,,
e7_cpp_vs_python,pd,py,aleatoria,40,12,20,0,6,3.5385,0.8973040845,,,
e7_cpp_vs_python,pd,py,aleatoria,40,12,20,0,7,3.522709,0.8973040845,,,
e7_cpp_vs_python,pd,py,aleatoria,40,12,20,0,8,3.528459,0.8973040845,,,
e7_cpp_vs_python,pd,py,aleatoria,40,12,20,0,9,3.588084,0.8973040845,,,
e7_cpp_vs_python,pd,py,aleatoria,40,12,20,0,10,3.48875,0.8973040845,,,
e7_cpp_vs_python,pd,py,aleatoria,40,12,20,1,1,3.58025,0.9989842742,,,
e7_cpp_vs_python,pd,py,aleatoria,40,12,20,1,2,3.568708,0.9989842742,,,
e7_cpp_vs_python,pd,py,aleatoria,40,12,20,1,3,3.537208,0.9989842742,,,
e7_cpp_vs_python,pd,py,aleatoria,40,12,20,1,4,3.50675,0.9989842742,,,
e7_cpp_vs_python,pd,py,aleatoria,40,12,20,1,5,3.528417,0.9989842742,,,
e7_cpp_vs_python,pd,py,aleatoria,40,12,20,1,6,3.601417,0.9989842742,,,
e7_cpp_vs_python,pd,py,aleatoria,40,12,20,1,7,3.482291,0.9989842742,,,
e7_cpp_vs_python,pd,py,aleatoria,40,12,20,1,8,3.5235,0.9989842742,,,
e7_cpp_vs_python,pd,py,aleatoria,40,12,20,1,9,3.661916,0.9989842742,,,
e7_cpp_vs_python,pd,py,aleatoria,40,12,20,1,10,3.580791,0.9989842742,,,
e7_cpp_vs_python,pd,py,aleatoria,40,12,20,2,1,3.535458,1.169192166,,,
e7_cpp_vs_python,pd,py,aleatoria,40,12,20,2,2,3.503167,1.169192166,,,
e7_cpp_vs_python,pd,py,aleatoria,40,12,20,2,3,3.539958,1.169192166,,,
e7_cpp_vs_python,pd,py,aleatoria,40,12,20,2,4,3.542625,1.169192166,,,
e7_cpp_vs_python,pd,py,aleatoria,40,12,20,2,5,3.578417,1.169192166,,,
e7_cpp_vs_python,pd,py,aleatoria,40,12,20,2,6,3.545625,1.169192166,,,
e7_cpp_vs_python,pd,py,aleatoria,40,12,20,2,7,3.57175,1.169192166,,,
e7_cpp_vs_python,pd,py,aleatoria,40,12,20,2,8,3.570833,1.169192166,,,
e7_cpp_vs_python,pd,py,aleatoria,40,12,20,2,9,3.598292,1.169192166,,,
e7_cpp_vs_python,pd,py,aleatoria,40,12,20,2,10,3.503,1.169192166,,,
e7_cpp_vs_python,bt,cpp,aleatoria,60,12,30,0,1,3.808625,0.9087896181,,,
e7_cpp_vs_python,bt,cpp,aleatoria,60,12,30,0,2,3.798209,0.9087896181,,,
e7_cpp_vs_python,bt,cpp,aleatoria,60,12,30,0,3,3.898458,0.9087896181,,,
e7_cpp_vs_python,bt,cpp,aleatoria,60,12,30,0,4,3.6435,0.9087896181,,,
e7_cpp_vs_python,bt,cpp,aleatoria,60,12,30,0,5,3.797334,0.9087896181,,,
e7_cpp_vs_python,bt,cpp,aleatoria,60,12,30,0,6,3.775708,0.9087896181,,,
e7_cpp_vs_python,bt,cpp,aleatoria,60,12,30,0,7,3.915292,0.9087896181,,,
e7_cpp_vs_python,bt,cpp,aleatoria,60,12,30,0,8,3.803666,0.9087896181,,,
e7_cpp_vs_python,bt,cpp,aleatoria,60,12,30,0,9,3.809,0.9087896181,,,
e7_cpp_vs_python,bt,cpp,aleatoria,60,12,30,0,10,3.818,0.9087896181,,,
e7_cpp_vs_python,bt,cpp,aleatoria,60,12,30,1,1,3.353167,0.8243772074,,,
e7_cpp_vs_python,bt,cpp,aleatoria,60,12,30,1,2,3.802208,0.8243772074,,,
e7_cpp_vs_python,bt,cpp,aleatoria,60,12,30,1,3,3.803083,0.8243772074,,,
e7_cpp_vs_python,bt,cpp,aleatoria,60,12,30,1,4,3.356542,0.8243772074,,,
e7_cpp_vs_python,bt,cpp,aleatoria,60,12,30,1,5,3.9095,0.8243772074,,,
e7_cpp_vs_python,bt,cpp,aleatoria,60,12,30,1,6,3.57425,0.8243772074,,,
e7_cpp_vs_python,bt,cpp,aleatoria,60,12,30,1,7,3.822833,0.8243772074,,,
e7_cpp_vs_python,bt,cpp,aleatoria,60,12,30,1,8,3.781834,0.8243772074,,,
e7_cpp_vs_python,bt,cpp,aleatoria,60,12,30,1,9,3.832875,0.8243772074,,,
e7_cpp_vs_python,bt,cpp,aleatoria,60,12,30,1,10,3.850208,0.8243772074,,,
e7_cpp_vs_python,bt,cpp,aleatoria,60,12,30,2,1,10.604875,1.083126632,,,
e7_cpp_vs_python,bt,cpp,aleatoria,60,12,30,2,2,10.561875,1.083126632,,,
e7_cpp_vs_python,bt,cpp,aleatoria,60,12,30,2,3,10.555792,1.083126632,,,
e7_cpp_vs_python,bt,cpp,aleatoria,60,12,30,2,4,9.27575,1.083126632,,,
e7_cpp_vs_python,bt,cpp,aleatoria,60,12,30,2,5,10.574042,1.083126632,,,
e7_cpp_vs_python,bt,cpp,aleatoria,60,12,30,2,6,10.614917,1.083126632,,,
e7_cpp_vs_python,bt,cpp,aleatoria,60,12,30,2,7,10.790959,1.083126632,,,
e7_cpp_vs_python,bt,cpp,aleatoria,60,12,30,2,8,10.919333,1.083126632,,,
e7_cpp_vs_python,bt,cpp,aleatoria,60,12,30,2,9,10.597042,1.083126632,,,
e7_cpp_vs_python,bt,cpp,aleatoria,60,12,30,2,10,10.591542,1.083126632,,,
e7_cpp_vs_python,bt,py,aleatoria,60,12,30,0,1,549.389833,0.9087896181,,,
e7_cpp_vs_python,bt,py,aleatoria,60,12,30,0,2,562.967791,0.9087896181,,,
e7_cpp_vs_python,bt,py,aleatoria,60,12,30,0,3,554.66,0.9087896181,,,
e7_cpp_vs_python,bt,py,aleatoria,60,12,30,0,4,558.198541,0.9087896181,,,
e7_cpp_vs_python,bt,py,aleatoria,60,12,30,0,5,553.897083,0.9087896181,,,
e7_cpp_vs_python,bt,py,aleatoria,60,12,30,0,6,551.964959,0.9087896181,,,
e7_cpp_vs_python,bt,py,aleatoria,60,12,30,0,7,553.357959,0.9087896181,,,
e7_cpp_vs_python,bt,py,aleatoria,60,12,30,0,8,562.395583,0.9087896181,,,
e7_cpp_vs_python,bt,py,aleatoria,60,12,30,0,9,561.9275,0.9087896181,,,
e7_cpp_vs_python,bt,py,aleatoria,60,12,30,0,10,553.64625,0.9087896181,,,
e7_cpp_vs_python,bt,py,aleatoria,60,12,30,1,1,559.084583,0.8243772074,,,
e7_cpp_vs_python,bt,py,aleatoria,60,12,30,1,2,550.221334,0.8243772074,,,
e7_cpp_vs_python,bt,py,aleatoria,60,12,30,1,3,562.396083,0.8243772074,,,
e7_cpp_vs_python,bt,py,aleatoria,60,12,30,1,4,556.095709,0.8243772074,,,
e7_cpp_vs_python,bt,py,aleatoria,60,12,30,1,5,562.074667,0.8243772074,,,
e7_cpp_vs_python,bt,py,aleatoria,60,12,30,1,6,555.578916,0.8243772074,,,
e7_cpp_vs_python,bt,py,aleatoria,60,12,30,1,7,555.186458,0.8243772074,,,
e7_cpp_vs_python,bt,py,aleatoria,60,12,30,1,8,553.266084,0.8243772074,,,
e7_cpp_vs_python,bt,py,aleatoria,60,12,30,1,9,555.2495,0.8243772074,,,
e7_cpp_vs_python,bt,py,aleatoria,60,12,30,1,10,548.623208,0.8243772074,,,
e7_cpp_vs_python,bt,py,aleatoria,60,12,30,2,1,1554.518792,1.083126632,,,
e7_cpp_vs_python,bt,py,aleatoria,60,12,30,2,2,1549.13475,1.083126632,,,
e7_cpp_vs_python,bt,py,aleatoria,60,12,30,2,3,1543.294417,1.083126632,,,
e7_cpp_vs_python,bt,py,aleatoria,60,12,30,2,4,1532.141791,1.083126632,,,
e7_cpp_vs_python,bt,py,aleatoria,60,12,30,2,5,1549.517625,1.083126632,,,
e7_cpp_vs_python,bt,py,aleatoria,60,12,30,2,6,1571.038167,1.083126632,,,
e7_cpp_vs_python,bt,py,aleatoria,60,12,30,2,7,1551.442417,1.083126632,,,
e7_cpp_vs_python,bt,py,aleatoria,60,12,30,2,8,1551.350917,1.083126632,,,
e7_cpp_vs_python,bt,py,aleatoria,60,12,30,2,9,1534.228208,1.083126632,,,
e7_cpp_vs_python,bt,py,aleatoria,60,12,30,2,10,1539.913917,1.083126632,,,
e7_cpp_vs_python,pd,cpp,aleatoria,60,12,30,0,1,0.058333,0.9087896181,,,
e7_cpp_vs_python,pd,cpp,aleatoria,60,12,30,0,2,0.062417,0.9087896181,,,
e7_cpp_vs_python,pd,cpp,aleatoria,60,12,30,0,3,0.057791,0.9087896181,,,
e7_cpp_vs_python,pd,cpp,aleatoria,60,12,30,0,4,0.05775,0.9087896181,,,
e7_cpp_vs_python,pd,cpp,aleatoria,60,12,30,0,5,0.060833,0.9087896181,,,
e7_cpp_vs_python,pd,cpp,aleatoria,60,12,30,0,6,0.064166,0.9087896181,,,
e7_cpp_vs_python,pd,cpp,aleatoria,60,12,30,0,7,0.06075,0.9087896181,,,
e7_cpp_vs_python,pd,cpp,aleatoria,60,12,30,0,8,0.058,0.9087896181,,,
e7_cpp_vs_python,pd,cpp,aleatoria,60,12,30,0,9,0.058375,0.9087896181,,,
e7_cpp_vs_python,pd,cpp,aleatoria,60,12,30,0,10,0.060875,0.9087896181,,,
e7_cpp_vs_python,pd,cpp,aleatoria,60,12,30,1,1,0.058458,0.8243772074,,,
e7_cpp_vs_python,pd,cpp,aleatoria,60,12,30,1,2,0.068541,0.8243772074,,,
e7_cpp_vs_python,pd,cpp,aleatoria,60,12,30,1,3,0.061917,0.8243772074,,,
e7_cpp_vs_python,pd,cpp,aleatoria,60,12,30,1,4,0.058208,0.8243772074,,,
e7_cpp_vs_python,pd,cpp,aleatoria,60,12,30,1,5,0.058541,0.8243772074,,,
e7_cpp_vs_python,pd,cpp,aleatoria,60,12,30,1,6,0.058333,0.8243772074,,,
e7_cpp_vs_python,pd,cpp,aleatoria,60,12,30,1,7,0.057583,0.8243772074,,,
e7_cpp_vs_python,pd,cpp,aleatoria,60,12,30,1,8,0.056625,0.8243772074,,,
e7_cpp_vs_python,pd,cpp,aleatoria,60,12,30,1,9,0.069042,0.8243772074,,,
e7_cpp_vs_python,pd,cpp,aleatoria,60,12,30,1,10,0.0585,0.8243772074,,,
e7_cpp_vs_python,pd,cpp,aleatoria,60,12,30,2,1,0.060792,1.083126632,,,
e7_cpp_vs_python,pd,cpp,aleatoria,60,12,30,2,2,0.065375,1.083126632,,,
e7_cpp_vs_python,pd,cpp,aleatoria,60,12,30,2,3,0.062167,1.083126632,,,
e7_cpp_vs_python,pd,cpp,aleatoria,60,12,30,2,4,0.063583,1.083126632,,,
e7_cpp_vs_python,pd,cpp,aleatoria,60,12,30,2,5,0.06125,1.083126632,,,
e7_cpp_vs_python,pd,cpp,aleatoria,60,12,30,2,6,0.065291,1.083126632,,,
e7_cpp_vs_python,pd,cpp,aleatoria,60,12,30,2,7,0.063292,1.083126632,,,
e7_cpp_vs_python,pd,cpp,aleatoria,60,12,30,2,8,0.063125,1.083126632,,,
e7_cpp_vs_python,pd,cpp,aleatoria,60,12,30,2,9,0.063166,1.083126632,,,
e7_cpp_vs_python,pd,cpp,aleatoria,60,12,30,2,10,0.05775,1.083126632,,,
e7_cpp_vs_python,pd,py,aleatoria,60,12,30,0,1,11.722458,0.9087896181,,,
e7_cpp_vs_python,pd,py,aleatoria,60,12,30,0,2,11.797375,0.9087896181,,,
e7_cpp_vs_python,pd,py,aleatoria,60,12,30,0,3,11.658625,0.9087896181,,,
e7_cpp_vs_python,pd,py,aleatoria,60,12,30,0,4,11.652583,0.9087896181,,,
e7_cpp_vs_python,pd,py,aleatoria,60,12,30,0,5,11.63975,0.9087896181,,,
e7_cpp_vs_python,pd,py,aleatoria,60,12,30,0,6,11.902208,0.9087896181,,,
e7_cpp_vs_python,pd,py,aleatoria,60,12,30,0,7,11.512875,0.9087896181,,,
e7_cpp_vs_python,pd,py,aleatoria,60,12,30,0,8,11.902042,0.9087896181,,,
e7_cpp_vs_python,pd,py,aleatoria,60,12,30,0,9,11.639875,0.9087896181,,,
e7_cpp_vs_python,pd,py,aleatoria,60,12,30,0,10,11.509083,0.9087896181,,,
e7_cpp_vs_python,pd,py,aleatoria,60,12,30,1,1,11.712541,0.8243772074,,,
e7_cpp_vs_python,pd,py,aleatoria,60,12,30,1,2,11.8795,0.8243772074,,,
e7_cpp_vs_python,pd,py,aleatoria,60,12,30,1,3,11.85775,0.8243772074,,,
e7_cpp_vs_python,pd,py,aleatoria,60,12,30,1,4,11.48125,0.8243772074,,,
e7_cpp_vs_python,pd,py,aleatoria,60,12,30,1,5,11.714375,0.8243772074,,,
e7_cpp_vs_python,pd,py,aleatoria,60,12,30,1,6,11.693708,0.8243772074,,,
e7_cpp_vs_python,pd,py,aleatoria,60,12,30,1,7,12.009208,0.8243772074,,,
e7_cpp_vs_python,pd,py,aleatoria,60,12,30,1,8,11.8775,0.8243772074,,,
e7_cpp_vs_python,pd,py,aleatoria,60,12,30,1,9,11.73575,0.8243772074,,,
e7_cpp_vs_python,pd,py,aleatoria,60,12,30,1,10,11.869834,0.8243772074,,,
e7_cpp_vs_python,pd,py,aleatoria,60,12,30,2,1,11.770708,1.083126632,,,
e7_cpp_vs_python,pd,py,aleatoria,60,12,30,2,2,11.713791,1.083126632,,,
e7_cpp_vs_python,pd,py,aleatoria,60,12,30,2,3,11.886084,1.083126632,,,
e7_cpp_vs_python,pd,py,aleatoria,60,12,30,2,4,11.814708,1.083126632,,,
e7_cpp_vs_python,pd,py,aleatoria,60,12,30,2,5,11.5255,1.083126632,,,
e7_cpp_vs_python,pd,py,aleatoria,60,12,30,2,6,11.803167,1.083126632,,,
e7_cpp_vs_python,pd,py,aleatoria,60,12,30,2,7,11.744625,1.083126632,,,
e7_cpp_vs_python,pd,py,aleatoria,60,12,30,2,8,11.582125,1.083126632,,,
e7_cpp_vs_python,pd,py,aleatoria,60,12,30,2,9,11.930041,1.083126632,,,
e7_cpp_vs_python,pd,py,aleatoria,60,12,30,2,10,11.776709,1.083126632,,,
e7_cpp_vs_python,bt,cpp,aleatoria,100,12,50,0,1,29.593417,0.8978478379,,,
e7_cpp_vs_python,bt,cpp,aleatoria,100,12,50,0,2,30.293792,0.8978478379,,,
e7_cpp_vs_python,bt,cpp,aleatoria,100,12,50,0,3,26.133917,0.8978478379,,,
e7_cpp_vs_python,bt,cpp,aleatoria,100,12,50,0,4,31.0165,0.8978478379,,,
e7_cpp_vs_python,bt,cpp,aleatoria,100,12,50,0,5,27.867042,0.8978478379,,,
e7_cpp_vs_python,bt,cpp,aleatoria,100,12,50,0,6,29.079792,0.8978478379,,,
e7_cpp_vs_python,bt,cpp,aleatoria,100,12,50,0,7,30.245084,0.8978478379,,,
e7_cpp_vs_python,bt,cpp,aleatoria,100,12,50,0,8,29.004875,0.8978478379,,,
e7_cpp_vs_python,bt,cpp,aleatoria,100,12,50,0,9,30.043125,0.8978478379,,,
e7_cpp_vs_python,bt,cpp,aleatoria,100,12,50,0,10,29.514875,0.8978478379,,,
e7_cpp_vs_python,bt,cpp,aleatoria,100,12,50,1,1,7.423208,0.6531637544,,,
e7_cpp_vs_python,bt,cpp,aleatoria,100,12,50,1,2,8.797083,0.6531637544,,,
e7_cpp_vs_python,bt,cpp,aleatoria,100,12,50,1,3,8.8445,0.6531637544,,,
e7_cpp_vs_python,bt,cpp,aleatoria,100,12,50,1,4,8.834792,0.6531637544,,,
e7_cpp_vs_python,bt,cpp,aleatoria,100,12,50,1,5,9.006125,0.6531637544,,,
e7_cpp_vs_python,bt,cpp,aleatoria,100,12,50,1,6,8.857541,0.6531637544,,,
e7_cpp_vs_python,bt,cpp,aleatoria,100,12,50,1,7,9.112,0.6531637544,,,
e7_cpp_vs_python,bt,cpp,aleatoria,100,12,50,1,8,8.807125,0.6531637544,,,
e7_cpp_vs_python,bt,cpp,aleatoria,100,12,50,1,9,8.968459,0.6531637544,,,
e7_cpp_vs_python,bt,cpp,aleatoria,100,12,50,1,10,8.805125,0.6531637544,,,
e7_cpp_vs_python,bt,cpp,aleatoria,100,12,50,2,1,30.342291,0.9434810597,,,
e7_cpp_vs_python,bt,cpp,aleatoria,100,12,50,2,2,35.213625,0.9434810597,,,
e7_cpp_vs_python,bt,cpp,aleatoria,100,12,50,2,3,33.18375,0.9434810597,,,
e7_cpp_vs_python,bt,cpp,aleatoria,100,12,50,2,4,31.106666,0.9434810597,,,
e7_cpp_vs_python,bt,cpp,aleatoria,100,12,50,2,5,35.19675,0.9434810597,,,
e7_cpp_vs_python,bt,cpp,aleatoria,100,12,50,2,6,32.627583,0.9434810597,,,
e7_cpp_vs_python,bt,cpp,aleatoria,100,12,50,2,7,35.56775,0.9434810597,,,
e7_cpp_vs_python,bt,cpp,aleatoria,100,12,50,2,8,35.702958,0.9434810597,,,
e7_cpp_vs_python,bt,cpp,aleatoria,100,12,50,2,9,35.717625,0.9434810597,,,
e7_cpp_vs_python,bt,cpp,aleatoria,100,12,50,2,10,35.67975,0.9434810597,,,
e7_cpp_vs_python,bt,py,aleatoria,100,12,50,0,1,5180.065667,0.8978478379,,,
e7_cpp_vs_python,bt,py,aleatoria,100,12,50,0,2,5181.94125,0.8978478379,,,
e7_cpp_vs_python,bt,py,aleatoria,100,12,50,0,3,5260.246875,0.8978478379,,,
e7_cpp_vs_python,bt,py,aleatoria,100,12,50,0,4,5225.180459,0.8978478379,,,
e7_cpp_vs_python,bt,py,aleatoria,100,12,50,0,5,5225.032875,0.8978478379,,,
e7_cpp_vs_python,bt,py,aleatoria,100,12,50,0,6,5196.470833,0.8978478379,,,
e7_cpp_vs_python,bt,py,aleatoria,100,12,50,0,7,5239.046375,0.8978478379,,,
e7_cpp_vs_python,bt,py,aleatoria,100,12,50,0,8,5217.687833,0.8978478379,,,
e7_cpp_vs_python,bt,py,aleatoria,100,12,50,0,9,5234.550166,0.8978478379,,,
e7_cpp_vs_python,bt,py,aleatoria,100,12,50,0,10,5261.121167,0.8978478379,,,
e7_cpp_vs_python,bt,py,aleatoria,100,12,50,1,1,1569.758834,0.6531637544,,,
e7_cpp_vs_python,bt,py,aleatoria,100,12,50,1,2,1568.317042,0.6531637544,,,
e7_cpp_vs_python,bt,py,aleatoria,100,12,50,1,3,1542.921292,0.6531637544,,,
e7_cpp_vs_python,bt,py,aleatoria,100,12,50,1,4,1558.251292,0.6531637544,,,
e7_cpp_vs_python,bt,py,aleatoria,100,12,50,1,5,1564.509458,0.6531637544,,,
e7_cpp_vs_python,bt,py,aleatoria,100,12,50,1,6,1568.034625,0.6531637544,,,
e7_cpp_vs_python,bt,py,aleatoria,100,12,50,1,7,1560.020375,0.6531637544,,,
e7_cpp_vs_python,bt,py,aleatoria,100,12,50,1,8,1570.653791,0.6531637544,,,
e7_cpp_vs_python,bt,py,aleatoria,100,12,50,1,9,1562.536209,0.6531637544,,,
e7_cpp_vs_python,bt,py,aleatoria,100,12,50,1,10,1595.352,0.6531637544,,,
e7_cpp_vs_python,bt,py,aleatoria,100,12,50,2,1,6160.952292,0.9434810597,,,
e7_cpp_vs_python,bt,py,aleatoria,100,12,50,2,2,6185.845417,0.9434810597,,,
e7_cpp_vs_python,bt,py,aleatoria,100,12,50,2,3,6171.358042,0.9434810597,,,
e7_cpp_vs_python,bt,py,aleatoria,100,12,50,2,4,6254.966459,0.9434810597,,,
e7_cpp_vs_python,bt,py,aleatoria,100,12,50,2,5,6257.610125,0.9434810597,,,
e7_cpp_vs_python,bt,py,aleatoria,100,12,50,2,6,6301.973417,0.9434810597,,,
e7_cpp_vs_python,bt,py,aleatoria,100,12,50,2,7,6331.2775,0.9434810597,,,
e7_cpp_vs_python,bt,py,aleatoria,100,12,50,2,8,6083.677125,0.9434810597,,,
e7_cpp_vs_python,bt,py,aleatoria,100,12,50,2,9,6179.924875,0.9434810597,,,
e7_cpp_vs_python,bt,py,aleatoria,100,12,50,2,10,6196.801042,0.9434810597,,,
e7_cpp_vs_python,pd,cpp,aleatoria,100,12,50,0,1,0.279833,0.8978478379,,,
e7_cpp_vs_python,pd,cpp,aleatoria,100,12,50,0,2,0.28225,0.8978478379,,,
e7_cpp_vs_python,pd,cpp,aleatoria,100,12,50,0,3,0.285208,0.8978478379,,,
e7_cpp_vs_python,pd,cpp,aleatoria,100,12,50,0,4,0.277542,0.8978478379,,,
e7_cpp_vs_python,pd,cpp,aleatoria,100,12,50,0,5,0.274083,0.8978478379,,,
e7_cpp_vs_python,pd,cpp,aleatoria,100,12,50,0,6,0.28025,0.8978478379,,,
e7_cpp_vs_python,pd,cpp,aleatoria,100,12,50,0,7,0.283167,0.8978478379,,,
e7_cpp_vs_python,pd,cpp,aleatoria,100,12,50,0,8,0.281916,0.8978478379,,,
e7_cpp_vs_python,pd,cpp,aleatoria,100,12,50,0,9,0.291708,0.8978478379,,,
e7_cpp_vs_python,pd,cpp,aleatoria,100,12,50,0,10,0.282291,0.8978478379,,,
e7_cpp_vs_python,pd,cpp,aleatoria,100,12,50,1,1,0.284542,0.6531637544,,,
e7_cpp_vs_python,pd,cpp,aleatoria,100,12,50,1,2,0.288583,0.6531637544,,,
e7_cpp_vs_python,pd,cpp,aleatoria,100,12,50,1,3,0.278291,0.6531637544,,,
e7_cpp_vs_python,pd,cpp,aleatoria,100,12,50,1,4,0.291334,0.6531637544,,,
e7_cpp_vs_python,pd,cpp,aleatoria,100,12,50,1,5,0.273917,0.6531637544,,,
e7_cpp_vs_python,pd,cpp,aleatoria,100,12,50,1,6,0.280958,0.6531637544,,,
e7_cpp_vs_python,pd,cpp,aleatoria,100,12,50,1,7,0.3035,0.6531637544,,,
e7_cpp_vs_python,pd,cpp,aleatoria,100,12,50,1,8,0.732375,0.6531637544,,,
e7_cpp_vs_python,pd,cpp,aleatoria,100,12,50,1,9,0.293,0.6531637544,,,
e7_cpp_vs_python,pd,cpp,aleatoria,100,12,50,1,10,0.353458,0.6531637544,,,
e7_cpp_vs_python,pd,cpp,aleatoria,100,12,50,2,1,0.280875,0.9434810597,,,
e7_cpp_vs_python,pd,cpp,aleatoria,100,12,50,2,2,0.283167,0.9434810597,,,
e7_cpp_vs_python,pd,cpp,aleatoria,100,12,50,2,3,0.290166,0.9434810597,,,
e7_cpp_vs_python,pd,cpp,aleatoria,100,12,50,2,4,0.290167,0.9434810597,,,
e7_cpp_vs_python,pd,cpp,aleatoria,100,12,50,2,5,0.282541,0.9434810597,,,
e7_cpp_vs_python,pd,cpp,aleatoria,100,12,50,2,6,0.290084,0.9434810597,,,
e7_cpp_vs_python,pd,cpp,aleatoria,100,12,50,2,7,0.278917,0.9434810597,,,
e7_cpp_vs_python,pd,cpp,aleatoria,100,12,50,2,8,0.287208,0.9434810597,,,
e7_cpp_vs_python,pd,cpp,aleatoria,100,12,50,2,9,0.281834,0.9434810597,,,
e7_cpp_vs_python,pd,cpp,aleatoria,100,12,50,2,10,0.27775,0.9434810597,,,
e7_cpp_vs_python,pd,py,aleatoria,100,12,50,0,1,59.905833,0.8978478379,,,
e7_cpp_vs_python,pd,py,aleatoria,100,12,50,0,2,54.858792,0.8978478379,,,
e7_cpp_vs_python,pd,py,aleatoria,100,12,50,0,3,56.05475,0.8978478379,,,
e7_cpp_vs_python,pd,py,aleatoria,100,12,50,0,4,55.987583,0.8978478379,,,
e7_cpp_vs_python,pd,py,aleatoria,100,12,50,0,5,52.774292,0.8978478379,,,
e7_cpp_vs_python,pd,py,aleatoria,100,12,50,0,6,54.70275,0.8978478379,,,
e7_cpp_vs_python,pd,py,aleatoria,100,12,50,0,7,53.575834,0.8978478379,,,
e7_cpp_vs_python,pd,py,aleatoria,100,12,50,0,8,53.719583,0.8978478379,,,
e7_cpp_vs_python,pd,py,aleatoria,100,12,50,0,9,54.603208,0.8978478379,,,
e7_cpp_vs_python,pd,py,aleatoria,100,12,50,0,10,54.90925,0.8978478379,,,
e7_cpp_vs_python,pd,py,aleatoria,100,12,50,1,1,58.022334,0.6531637544,,,
e7_cpp_vs_python,pd,py,aleatoria,100,12,50,1,2,54.064083,0.6531637544,,,
e7_cpp_vs_python,pd,py,aleatoria,100,12,50,1,3,71.0665,0.6531637544,,,
e7_cpp_vs_python,pd,py,aleatoria,100,12,50,1,4,54.034791,0.6531637544,,,
e7_cpp_vs_python,pd,py,aleatoria,100,12,50,1,5,55.2485,0.6531637544,,,
e7_cpp_vs_python,pd,py,aleatoria,100,12,50,1,6,59.164791,0.6531637544,,,
e7_cpp_vs_python,pd,py,aleatoria,100,12,50,1,7,53.22125,0.6531637544,,,
e7_cpp_vs_python,pd,py,aleatoria,100,12,50,1,8,54.505834,0.6531637544,,,
e7_cpp_vs_python,pd,py,aleatoria,100,12,50,1,9,54.302584,0.6531637544,,,
e7_cpp_vs_python,pd,py,aleatoria,100,12,50,1,10,54.7435,0.6531637544,,,
e7_cpp_vs_python,pd,py,aleatoria,100,12,50,2,1,53.620875,0.9434810597,,,
e7_cpp_vs_python,pd,py,aleatoria,100,12,50,2,2,52.950625,0.9434810597,,,
e7_cpp_vs_python,pd,py,aleatoria,100,12,50,2,3,53.662042,0.9434810597,,,
e7_cpp_vs_python,pd,py,aleatoria,100,12,50,2,4,52.704125,0.9434810597,,,
e7_cpp_vs_python,pd,py,aleatoria,100,12,50,2,5,54.244333,0.9434810597,,,
e7_cpp_vs_python,pd,py,aleatoria,100,12,50,2,6,56.61275,0.9434810597,,,
e7_cpp_vs_python,pd,py,aleatoria,100,12,50,2,7,54.284417,0.9434810597,,,
e7_cpp_vs_python,pd,py,aleatoria,100,12,50,2,8,53.991541,0.9434810597,,,
e7_cpp_vs_python,pd,py,aleatoria,100,12,50,2,9,53.337875,0.9434810597,,,
e7_cpp_vs_python,pd,py,aleatoria,100,12,50,2,10,53.962084,0.9434810597,,,
e7_cpp_vs_python,bt,cpp,aleatoria,150,12,75,0,1,202.863042,0.715802368,,,
e7_cpp_vs_python,bt,cpp,aleatoria,150,12,75,0,2,234.363042,0.715802368,,,
e7_cpp_vs_python,bt,cpp,aleatoria,150,12,75,0,3,245.567542,0.715802368,,,
e7_cpp_vs_python,bt,cpp,aleatoria,150,12,75,0,4,234.786125,0.715802368,,,
e7_cpp_vs_python,bt,cpp,aleatoria,150,12,75,0,5,225.418708,0.715802368,,,
e7_cpp_vs_python,bt,cpp,aleatoria,150,12,75,0,6,247.074916,0.715802368,,,
e7_cpp_vs_python,bt,cpp,aleatoria,150,12,75,0,7,234.7095,0.715802368,,,
e7_cpp_vs_python,bt,cpp,aleatoria,150,12,75,0,8,236.720916,0.715802368,,,
e7_cpp_vs_python,bt,cpp,aleatoria,150,12,75,0,9,237.404125,0.715802368,,,
e7_cpp_vs_python,bt,cpp,aleatoria,150,12,75,0,10,237.652208,0.715802368,,,
e7_cpp_vs_python,bt,cpp,aleatoria,150,12,75,1,1,69.045209,0.7472751836,,,
e7_cpp_vs_python,bt,cpp,aleatoria,150,12,75,1,2,77.246875,0.7472751836,,,
e7_cpp_vs_python,bt,cpp,aleatoria,150,12,75,1,3,76.722541,0.7472751836,,,
e7_cpp_vs_python,bt,cpp,aleatoria,150,12,75,1,4,63.508958,0.7472751836,,,
e7_cpp_vs_python,bt,cpp,aleatoria,150,12,75,1,5,63.923042,0.7472751836,,,
e7_cpp_vs_python,bt,cpp,aleatoria,150,12,75,1,6,77.0565,0.7472751836,,,
e7_cpp_vs_python,bt,cpp,aleatoria,150,12,75,1,7,76.747292,0.7472751836,,,
e7_cpp_vs_python,bt,cpp,aleatoria,150,12,75,1,8,77.689708,0.7472751836,,,
e7_cpp_vs_python,bt,cpp,aleatoria,150,12,75,1,9,77.028458,0.7472751836,,,
e7_cpp_vs_python,bt,cpp,aleatoria,150,12,75,1,10,76.803208,0.7472751836,,,
e7_cpp_vs_python,bt,cpp,aleatoria,150,12,75,2,1,23.038834,0.7147071358,,,
e7_cpp_vs_python,bt,cpp,aleatoria,150,12,75,2,2,23.315541,0.7147071358,,,
e7_cpp_vs_python,bt,cpp,aleatoria,150,12,75,2,3,23.708709,0.7147071358,,,
e7_cpp_vs_python,bt,cpp,aleatoria,150,12,75,2,4,23.051583,0.7147071358,,,
e7_cpp_vs_python,bt,cpp,aleatoria,150,12,75,2,5,22.985667,0.7147071358,,,
e7_cpp_vs_python,bt,cpp,aleatoria,150,12,75,2,6,23.857417,0.7147071358,,,
e7_cpp_vs_python,bt,cpp,aleatoria,150,12,75,2,7,23.004583,0.7147071358,,,
e7_cpp_vs_python,bt,cpp,aleatoria,150,12,75,2,8,22.980041,0.7147071358,,,
e7_cpp_vs_python,bt,cpp,aleatoria,150,12,75,2,9,23.321,0.7147071358,,,
e7_cpp_vs_python,bt,cpp,aleatoria,150,12,75,2,10,23.045416,0.7147071358,,,
e7_cpp_vs_python,pd,cpp,aleatoria,150,12,75,0,1,0.874875,0.715802368,,,
e7_cpp_vs_python,pd,cpp,aleatoria,150,12,75,0,2,0.881875,0.715802368,,,
e7_cpp_vs_python,pd,cpp,aleatoria,150,12,75,0,3,0.977167,0.715802368,,,
e7_cpp_vs_python,pd,cpp,aleatoria,150,12,75,0,4,0.876792,0.715802368,,,
e7_cpp_vs_python,pd,cpp,aleatoria,150,12,75,0,5,0.880542,0.715802368,,,
e7_cpp_vs_python,pd,cpp,aleatoria,150,12,75,0,6,0.880125,0.715802368,,,
e7_cpp_vs_python,pd,cpp,aleatoria,150,12,75,0,7,0.880625,0.715802368,,,
e7_cpp_vs_python,pd,cpp,aleatoria,150,12,75,0,8,0.899125,0.715802368,,,
e7_cpp_vs_python,pd,cpp,aleatoria,150,12,75,0,9,0.883125,0.715802368,,,
e7_cpp_vs_python,pd,cpp,aleatoria,150,12,75,0,10,0.974875,0.715802368,,,
e7_cpp_vs_python,pd,cpp,aleatoria,150,12,75,1,1,0.874417,0.7472751836,,,
e7_cpp_vs_python,pd,cpp,aleatoria,150,12,75,1,2,0.884666,0.7472751836,,,
e7_cpp_vs_python,pd,cpp,aleatoria,150,12,75,1,3,0.984833,0.7472751836,,,
e7_cpp_vs_python,pd,cpp,aleatoria,150,12,75,1,4,0.873209,0.7472751836,,,
e7_cpp_vs_python,pd,cpp,aleatoria,150,12,75,1,5,0.8755,0.7472751836,,,
e7_cpp_vs_python,pd,cpp,aleatoria,150,12,75,1,6,0.875084,0.7472751836,,,
e7_cpp_vs_python,pd,cpp,aleatoria,150,12,75,1,7,0.878292,0.7472751836,,,
e7_cpp_vs_python,pd,cpp,aleatoria,150,12,75,1,8,0.894042,0.7472751836,,,
e7_cpp_vs_python,pd,cpp,aleatoria,150,12,75,1,9,0.879583,0.7472751836,,,
e7_cpp_vs_python,pd,cpp,aleatoria,150,12,75,1,10,0.87925,0.7472751836,,,
e7_cpp_vs_python,pd,cpp,aleatoria,150,12,75,2,1,0.875125,0.7147071358,,,
e7_cpp_vs_python,pd,cpp,aleatoria,150,12,75,2,2,0.893584,0.7147071358,,,
e7_cpp_vs_python,pd,cpp,aleatoria,150,12,75,2,3,0.87775,0.7147071358,,,
e7_cpp_vs_python,pd,cpp,aleatoria,150,12,75,2,4,0.880083,0.7147071358,,,
e7_cpp_vs_python,pd,cpp,aleatoria,150,12,75,2,5,0.887458,0.7147071358,,,
e7_cpp_vs_python,pd,cpp,aleatoria,150,12,75,2,6,0.880333,0.7147071358,,,
e7_cpp_vs_python,pd,cpp,aleatoria,150,12,75,2,7,0.90425,0.7147071358,,,
e7_cpp_vs_python,pd,cpp,aleatoria,150,12,75,2,8,0.882,0.7147071358,,,
e7_cpp_vs_python,pd,cpp,aleatoria,150,12,75,2,9,0.873458,0.7147071358,,,
e7_cpp_vs_python,pd,cpp,aleatoria,150,12,75,2,10,0.877833,0.7147071358,,,
e7_cpp_vs_python,pd,py,aleatoria,150,12,75,0,1,179.39425,0.715802368,,,
e7_cpp_vs_python,pd,py,aleatoria,150,12,75,0,2,176.100833,0.715802368,,,
e7_cpp_vs_python,pd,py,aleatoria,150,12,75,0,3,176.365834,0.715802368,,,
e7_cpp_vs_python,pd,py,aleatoria,150,12,75,0,4,180.383541,0.715802368,,,
e7_cpp_vs_python,pd,py,aleatoria,150,12,75,0,5,180.205291,0.715802368,,,
e7_cpp_vs_python,pd,py,aleatoria,150,12,75,0,6,176.980584,0.715802368,,,
e7_cpp_vs_python,pd,py,aleatoria,150,12,75,0,7,178.427584,0.715802368,,,
e7_cpp_vs_python,pd,py,aleatoria,150,12,75,0,8,179.043959,0.715802368,,,
e7_cpp_vs_python,pd,py,aleatoria,150,12,75,0,9,176.903375,0.715802368,,,
e7_cpp_vs_python,pd,py,aleatoria,150,12,75,0,10,178.696667,0.715802368,,,
e7_cpp_vs_python,pd,py,aleatoria,150,12,75,1,1,178.40375,0.7472751836,,,
e7_cpp_vs_python,pd,py,aleatoria,150,12,75,1,2,181.466375,0.7472751836,,,
e7_cpp_vs_python,pd,py,aleatoria,150,12,75,1,3,176.6885,0.7472751836,,,
e7_cpp_vs_python,pd,py,aleatoria,150,12,75,1,4,176.843083,0.7472751836,,,
e7_cpp_vs_python,pd,py,aleatoria,150,12,75,1,5,175.69125,0.7472751836,,,
e7_cpp_vs_python,pd,py,aleatoria,150,12,75,1,6,179.357709,0.7472751836,,,
e7_cpp_vs_python,pd,py,aleatoria,150,12,75,1,7,176.580417,0.7472751836,,,
e7_cpp_vs_python,pd,py,aleatoria,150,12,75,1,8,177.633041,0.7472751836,,,
e7_cpp_vs_python,pd,py,aleatoria,150,12,75,1,9,177.609333,0.7472751836,,,
e7_cpp_vs_python,pd,py,aleatoria,150,12,75,1,10,178.195667,0.7472751836,,,
e7_cpp_vs_python,pd,py,aleatoria,150,12,75,2,1,178.121416,0.7147071358,,,
e7_cpp_vs_python,pd,py,aleatoria,150,12,75,2,2,178.36675,0.7147071358,,,
e7_cpp_vs_python,pd,py,aleatoria,150,12,75,2,3,178.149834,0.7147071358,,,
e7_cpp_vs_python,pd,py,aleatoria,150,12,75,2,4,181.142166,0.7147071358,,,
e7_cpp_vs_python,pd,py,aleatoria,150,12,75,2,5,178.396333,0.7147071358,,,
e7_cpp_vs_python,pd,py,aleatoria,150,12,75,2,6,176.348,0.7147071358,,,
e7_cpp_vs_python,pd,py,aleatoria,150,12,75,2,7,177.378667,0.7147071358,,,
e7_cpp_vs_python,pd,py,aleatoria,150,12,75,2,8,177.238709,0.7147071358,,,
e7_cpp_vs_python,pd,py,aleatoria,150,12,75,2,9,176.761042,0.7147071358,,,
e7_cpp_vs_python,pd,py,aleatoria,150,12,75,2,10,178.884375,0.7147071358,,,
e7_cpp_vs_python,bt,cpp,aleatoria,200,12,100,0,1,158.293292,0.7406858646,,,
e7_cpp_vs_python,bt,cpp,aleatoria,200,12,100,0,2,158.399125,0.7406858646,,,
e7_cpp_vs_python,bt,cpp,aleatoria,200,12,100,0,3,158.090708,0.7406858646,,,
e7_cpp_vs_python,bt,cpp,aleatoria,200,12,100,0,4,158.405833,0.7406858646,,,
e7_cpp_vs_python,bt,cpp,aleatoria,200,12,100,0,5,158.379542,0.7406858646,,,
e7_cpp_vs_python,bt,cpp,aleatoria,200,12,100,0,6,158.551042,0.7406858646,,,
e7_cpp_vs_python,bt,cpp,aleatoria,200,12,100,0,7,158.261375,0.7406858646,,,
e7_cpp_vs_python,bt,cpp,aleatoria,200,12,100,0,8,159.131625,0.7406858646,,,
e7_cpp_vs_python,bt,cpp,aleatoria,200,12,100,0,9,158.37725,0.7406858646,,,
e7_cpp_vs_python,bt,cpp,aleatoria,200,12,100,0,10,158.305041,0.7406858646,,,
e7_cpp_vs_python,bt,cpp,aleatoria,200,12,100,1,1,807.955458,0.8728319941,,,
e7_cpp_vs_python,bt,cpp,aleatoria,200,12,100,1,2,816.0065,0.8728319941,,,
e7_cpp_vs_python,bt,cpp,aleatoria,200,12,100,1,3,808.918875,0.8728319941,,,
e7_cpp_vs_python,bt,cpp,aleatoria,200,12,100,1,4,807.932583,0.8728319941,,,
e7_cpp_vs_python,bt,cpp,aleatoria,200,12,100,1,5,809.486333,0.8728319941,,,
e7_cpp_vs_python,bt,cpp,aleatoria,200,12,100,1,6,808.260167,0.8728319941,,,
e7_cpp_vs_python,bt,cpp,aleatoria,200,12,100,1,7,809.6525,0.8728319941,,,
e7_cpp_vs_python,bt,cpp,aleatoria,200,12,100,1,8,809.219542,0.8728319941,,,
e7_cpp_vs_python,bt,cpp,aleatoria,200,12,100,1,9,816.265875,0.8728319941,,,
e7_cpp_vs_python,bt,cpp,aleatoria,200,12,100,1,10,677.315334,0.8728319941,,,
e7_cpp_vs_python,bt,cpp,aleatoria,200,12,100,2,1,838.241375,0.7527733922,,,
e7_cpp_vs_python,bt,cpp,aleatoria,200,12,100,2,2,837.876791,0.7527733922,,,
e7_cpp_vs_python,bt,cpp,aleatoria,200,12,100,2,3,837.716458,0.7527733922,,,
e7_cpp_vs_python,bt,cpp,aleatoria,200,12,100,2,4,838.236208,0.7527733922,,,
e7_cpp_vs_python,bt,cpp,aleatoria,200,12,100,2,5,839.955625,0.7527733922,,,
e7_cpp_vs_python,bt,cpp,aleatoria,200,12,100,2,6,839.446334,0.7527733922,,,
e7_cpp_vs_python,bt,cpp,aleatoria,200,12,100,2,7,838.15725,0.7527733922,,,
e7_cpp_vs_python,bt,cpp,aleatoria,200,12,100,2,8,838.351292,0.7527733922,,,
e7_cpp_vs_python,bt,cpp,aleatoria,200,12,100,2,9,841.281,0.7527733922,,,
e7_cpp_vs_python,bt,cpp,aleatoria,200,12,100,2,10,837.98475,0.7527733922,,,
e7_cpp_vs_python,pd,cpp,aleatoria,200,12,100,0,1,2.05675,0.7406858646,,,
e7_cpp_vs_python,pd,cpp,aleatoria,200,12,100,0,2,2.067125,0.7406858646,,,
e7_cpp_vs_python,pd,cpp,aleatoria,200,12,100,0,3,2.055375,0.7406858646,,,
e7_cpp_vs_python,pd,cpp,aleatoria,200,12,100,0,4,2.063375,0.7406858646,,,
e7_cpp_vs_python,pd,cpp,aleatoria,200,12,100,0,5,2.052875,0.7406858646,,,
e7_cpp_vs_python,pd,cpp,aleatoria,200,12,100,0,6,2.072,0.7406858646,,,
e7_cpp_vs_python,pd,cpp,aleatoria,200,12,100,0,7,2.050667,0.7406858646,,,
e7_cpp_vs_python,pd,cpp,aleatoria,200,12,100,0,8,2.06025,0.7406858646,,,
e7_cpp_vs_python,pd,cpp,aleatoria,200,12,100,0,9,2.064292,0.7406858646,,,
e7_cpp_vs_python,pd,cpp,aleatoria,200,12,100,0,10,2.070292,0.7406858646,,,
e7_cpp_vs_python,pd,cpp,aleatoria,200,12,100,1,1,2.055375,0.8728319941,,,
e7_cpp_vs_python,pd,cpp,aleatoria,200,12,100,1,2,2.070709,0.8728319941,,,
e7_cpp_vs_python,pd,cpp,aleatoria,200,12,100,1,3,2.055084,0.8728319941,,,
e7_cpp_vs_python,pd,cpp,aleatoria,200,12,100,1,4,2.065333,0.8728319941,,,
e7_cpp_vs_python,pd,cpp,aleatoria,200,12,100,1,5,2.081625,0.8728319941,,,
e7_cpp_vs_python,pd,cpp,aleatoria,200,12,100,1,6,2.054375,0.8728319941,,,
e7_cpp_vs_python,pd,cpp,aleatoria,200,12,100,1,7,2.062542,0.8728319941,,,
e7_cpp_vs_python,pd,cpp,aleatoria,200,12,100,1,8,2.058334,0.8728319941,,,
e7_cpp_vs_python,pd,cpp,aleatoria,200,12,100,1,9,2.059417,0.8728319941,,,
e7_cpp_vs_python,pd,cpp,aleatoria,200,12,100,1,10,2.063417,0.8728319941,,,
e7_cpp_vs_python,pd,cpp,aleatoria,200,12,100,2,1,2.085292,0.7527733922,,,
e7_cpp_vs_python,pd,cpp,aleatoria,200,12,100,2,2,2.103916,0.7527733922,,,
e7_cpp_vs_python,pd,cpp,aleatoria,200,12,100,2,3,2.051541,0.7527733922,,,
e7_cpp_vs_python,pd,cpp,aleatoria,200,12,100,2,4,2.056833,0.7527733922,,,
e7_cpp_vs_python,pd,cpp,aleatoria,200,12,100,2,5,2.068875,0.7527733922,,,
e7_cpp_vs_python,pd,cpp,aleatoria,200,12,100,2,6,2.059916,0.7527733922,,,
e7_cpp_vs_python,pd,cpp,aleatoria,200,12,100,2,7,2.064208,0.7527733922,,,
e7_cpp_vs_python,pd,cpp,aleatoria,200,12,100,2,8,2.047,0.7527733922,,,
e7_cpp_vs_python,pd,cpp,aleatoria,200,12,100,2,9,2.057125,0.7527733922,,,
e7_cpp_vs_python,pd,cpp,aleatoria,200,12,100,2,10,2.050291,0.7527733922,,,
e7_cpp_vs_python,pd,py,aleatoria,200,12,100,0,1,419.77725,0.7406858646,,,
e7_cpp_vs_python,pd,py,aleatoria,200,12,100,0,2,421.518542,0.7406858646,,,
e7_cpp_vs_python,pd,py,aleatoria,200,12,100,0,3,419.4165,0.7406858646,,,
e7_cpp_vs_python,pd,py,aleatoria,200,12,100,0,4,417.561792,0.7406858646,,,
e7_cpp_vs_python,pd,py,aleatoria,200,12,100,0,5,415.691166,0.7406858646,,,
e7_cpp_vs_python,pd,py,aleatoria,200,12,100,0,6,420.60875,0.7406858646,,,
e7_cpp_vs_python,pd,py,aleatoria,200,12,100,0,7,420.783333,0.7406858646,,,
e7_cpp_vs_python,pd,py,aleatoria,200,12,100,0,8,418.877959,0.7406858646,,,
e7_cpp_vs_python,pd,py,aleatoria,200,12,100,0,9,425.274458,0.7406858646,,,
e7_cpp_vs_python,pd,py,aleatoria,200,12,100,0,10,421.078416,0.7406858646,,,
e7_cpp_vs_python,pd,py,aleatoria,200,12,100,1,1,421.134791,0.8728319941,,,
e7_cpp_vs_python,pd,py,aleatoria,200,12,100,1,2,419.366208,0.8728319941,,,
e7_cpp_vs_python,pd,py,aleatoria,200,12,100,1,3,419.512875,0.8728319941,,,
e7_cpp_vs_python,pd,py,aleatoria,200,12,100,1,4,411.743417,0.8728319941,,,
e7_cpp_vs_python,pd,py,aleatoria,200,12,100,1,5,426.936959,0.8728319941,,,
e7_cpp_vs_python,pd,py,aleatoria,200,12,100,1,6,418.724125,0.8728319941,,,
e7_cpp_vs_python,pd,py,aleatoria,200,12,100,1,7,417.526375,0.8728319941,,,
e7_cpp_vs_python,pd,py,aleatoria,200,12,100,1,8,420.164083,0.8728319941,,,
e7_cpp_vs_python,pd,py,aleatoria,200,12,100,1,9,414.749542,0.8728319941,,,
e7_cpp_vs_python,pd,py,aleatoria,200,12,100,1,10,417.163208,0.8728319941,,,
e7_cpp_vs_python,pd,py,aleatoria,200,12,100,2,1,426.171333,0.7527733922,,,
e7_cpp_vs_python,pd,py,aleatoria,200,12,100,2,2,415.437875,0.7527733922,,,
e7_cpp_vs_python,pd,py,aleatoria,200,12,100,2,3,418.797833,0.7527733922,,,
e7_cpp_vs_python,pd,py,aleatoria,200,12,100,2,4,418.847667,0.7527733922,,,
e7_cpp_vs_python,pd,py,aleatoria,200,12,100,2,5,413.594208,0.7527733922,,,
e7_cpp_vs_python,pd,py,aleatoria,200,12,100,2,6,420.205458,0.7527733922,,,
e7_cpp_vs_python,pd,py,aleatoria,200,12,100,2,7,419.326,0.7527733922,,,
e7_cpp_vs_python,pd,py,aleatoria,200,12,100,2,8,424.61825,0.7527733922,,,
e7_cpp_vs_python,pd,py,aleatoria,200,12,100,2,9,418.24325,0.7527733922,,,
e7_cpp_vs_python,pd,py,aleatoria,200,12,100,2,10,417.106459,0.7527733922,,,
e7_cpp_vs_python,bt,cpp,aleatoria,300,12,150,0,1,1329.736416,0.6681732111,,,
e7_cpp_vs_python,bt,cpp,aleatoria,300,12,150,0,2,1598.410625,0.6681732111,,,
e7_cpp_vs_python,bt,cpp,aleatoria,300,12,150,0,3,1594.33125,0.6681732111,,,
e7_cpp_vs_python,bt,cpp,aleatoria,300,12,150,0,4,1600.009916,0.6681732111,,,
e7_cpp_vs_python,bt,cpp,aleatoria,300,12,150,0,5,1595.069458,0.6681732111,,,
e7_cpp_vs_python,bt,cpp,aleatoria,300,12,150,0,6,1596.641625,0.6681732111,,,
e7_cpp_vs_python,bt,cpp,aleatoria,300,12,150,0,7,1290.931208,0.6681732111,,,
e7_cpp_vs_python,bt,cpp,aleatoria,300,12,150,0,8,1595.631083,0.6681732111,,,
e7_cpp_vs_python,bt,cpp,aleatoria,300,12,150,0,9,1595.403125,0.6681732111,,,
e7_cpp_vs_python,bt,cpp,aleatoria,300,12,150,0,10,1397.405167,0.6681732111,,,
e7_cpp_vs_python,bt,cpp,aleatoria,300,12,150,1,1,2261.452042,0.7300305062,,,
e7_cpp_vs_python,bt,cpp,aleatoria,300,12,150,1,2,2283.03075,0.7300305062,,,
e7_cpp_vs_python,bt,cpp,aleatoria,300,12,150,1,3,2303.4165,0.7300305062,,,
e7_cpp_vs_python,bt,cpp,aleatoria,300,12,150,1,4,2303.83425,0.7300305062,,,
e7_cpp_vs_python,bt,cpp,aleatoria,300,12,150,1,5,2305.230625,0.7300305062,,,
e7_cpp_vs_python,bt,cpp,aleatoria,300,12,150,1,6,1856.494208,0.7300305062,,,
e7_cpp_vs_python,bt,cpp,aleatoria,300,12,150,1,7,2302.848708,0.7300305062,,,
e7_cpp_vs_python,bt,cpp,aleatoria,300,12,150,1,8,2304.011875,0.7300305062,,,
e7_cpp_vs_python,bt,cpp,aleatoria,300,12,150,1,9,2306.3785,0.7300305062,,,
e7_cpp_vs_python,bt,cpp,aleatoria,300,12,150,1,10,2306.263041,0.7300305062,,,
e7_cpp_vs_python,bt,cpp,aleatoria,300,12,150,2,1,3783.559042,0.8460692584,,,
e7_cpp_vs_python,bt,cpp,aleatoria,300,12,150,2,2,3264.195375,0.8460692584,,,
e7_cpp_vs_python,bt,cpp,aleatoria,300,12,150,2,3,3684.566875,0.8460692584,,,
e7_cpp_vs_python,bt,cpp,aleatoria,300,12,150,2,4,3357.194,0.8460692584,,,
e7_cpp_vs_python,bt,cpp,aleatoria,300,12,150,2,5,3715.279958,0.8460692584,,,
e7_cpp_vs_python,bt,cpp,aleatoria,300,12,150,2,6,3783.417834,0.8460692584,,,
e7_cpp_vs_python,bt,cpp,aleatoria,300,12,150,2,7,3781.762333,0.8460692584,,,
e7_cpp_vs_python,bt,cpp,aleatoria,300,12,150,2,8,3783.208625,0.8460692584,,,
e7_cpp_vs_python,bt,cpp,aleatoria,300,12,150,2,9,3463.475041,0.8460692584,,,
e7_cpp_vs_python,bt,cpp,aleatoria,300,12,150,2,10,3651.981125,0.8460692584,,,
e7_cpp_vs_python,pd,cpp,aleatoria,300,12,150,0,1,6.80875,0.6681732111,,,
e7_cpp_vs_python,pd,cpp,aleatoria,300,12,150,0,2,6.818584,0.6681732111,,,
e7_cpp_vs_python,pd,cpp,aleatoria,300,12,150,0,3,6.835709,0.6681732111,,,
e7_cpp_vs_python,pd,cpp,aleatoria,300,12,150,0,4,6.869375,0.6681732111,,,
e7_cpp_vs_python,pd,cpp,aleatoria,300,12,150,0,5,6.846708,0.6681732111,,,
e7_cpp_vs_python,pd,cpp,aleatoria,300,12,150,0,6,6.863084,0.6681732111,,,
e7_cpp_vs_python,pd,cpp,aleatoria,300,12,150,0,7,6.849792,0.6681732111,,,
e7_cpp_vs_python,pd,cpp,aleatoria,300,12,150,0,8,6.833917,0.6681732111,,,
e7_cpp_vs_python,pd,cpp,aleatoria,300,12,150,0,9,6.842917,0.6681732111,,,
e7_cpp_vs_python,pd,cpp,aleatoria,300,12,150,0,10,6.8705,0.6681732111,,,
e7_cpp_vs_python,pd,cpp,aleatoria,300,12,150,1,1,6.828334,0.7300305062,,,
e7_cpp_vs_python,pd,cpp,aleatoria,300,12,150,1,2,6.843,0.7300305062,,,
e7_cpp_vs_python,pd,cpp,aleatoria,300,12,150,1,3,6.880458,0.7300305062,,,
e7_cpp_vs_python,pd,cpp,aleatoria,300,12,150,1,4,7.6245,0.7300305062,,,
e7_cpp_vs_python,pd,cpp,aleatoria,300,12,150,1,5,6.842958,0.7300305062,,,
e7_cpp_vs_python,pd,cpp,aleatoria,300,12,150,1,6,6.828917,0.7300305062,,,
e7_cpp_vs_python,pd,cpp,aleatoria,300,12,150,1,7,6.855292,0.7300305062,,,
e7_cpp_vs_python,pd,cpp,aleatoria,300,12,150,1,8,6.833084,0.7300305062,,,
e7_cpp_vs_python,pd,cpp,aleatoria,300,12,150,1,9,6.867209,0.7300305062,,,
e7_cpp_vs_python,pd,cpp,aleatoria,300,12,150,1,10,6.83625,0.7300305062,,,
e7_cpp_vs_python,pd,cpp,aleatoria,300,12,150,2,1,6.860791,0.8460692584,,,
e7_cpp_vs_python,pd,cpp,aleatoria,300,12,150,2,2,6.823,0.8460692584,,,
e7_cpp_vs_python,pd,cpp,aleatoria,300,12,150,2,3,6.871084,0.8460692584,,,
e7_cpp_vs_python,pd,cpp,aleatoria,300,12,150,2,4,6.851875,0.8460692584,,,
e7_cpp_vs_python,pd,cpp,aleatoria,300,12,150,2,5,6.888917,0.8460692584,,,
e7_cpp_vs_python,pd,cpp,aleatoria,300,12,150,2,6,6.833333,0.8460692584,,,
e7_cpp_vs_python,pd,cpp,aleatoria,300,12,150,2,7,6.869208,0.8460692584,,,
e7_cpp_vs_python,pd,cpp,aleatoria,300,12,150,2,8,6.870791,0.8460692584,,,
e7_cpp_vs_python,pd,cpp,aleatoria,300,12,150,2,9,6.855917,0.8460692584,,,
e7_cpp_vs_python,pd,cpp,aleatoria,300,12,150,2,10,6.881292,0.8460692584,,,
e7_cpp_vs_python,pd,py,aleatoria,300,12,150,0,1,1412.556,0.6681732111,,,
e7_cpp_vs_python,pd,py,aleatoria,300,12,150,0,2,1410.028584,0.6681732111,,,
e7_cpp_vs_python,pd,py,aleatoria,300,12,150,0,3,1434.895875,0.6681732111,,,
e7_cpp_vs_python,pd,py,aleatoria,300,12,150,0,4,1402.945292,0.6681732111,,,
e7_cpp_vs_python,pd,py,aleatoria,300,12,150,0,5,1426.354834,0.6681732111,,,
e7_cpp_vs_python,pd,py,aleatoria,300,12,150,0,6,1397.222292,0.6681732111,,,
e7_cpp_vs_python,pd,py,aleatoria,300,12,150,0,7,1414.408291,0.6681732111,,,
e7_cpp_vs_python,pd,py,aleatoria,300,12,150,0,8,1433.247667,0.6681732111,,,
e7_cpp_vs_python,pd,py,aleatoria,300,12,150,0,9,1425.522041,0.6681732111,,,
e7_cpp_vs_python,pd,py,aleatoria,300,12,150,0,10,1444.867583,0.6681732111,,,
e7_cpp_vs_python,pd,py,aleatoria,300,12,150,1,1,1436.503833,0.7300305062,,,
e7_cpp_vs_python,pd,py,aleatoria,300,12,150,1,2,1413.749875,0.7300305062,,,
e7_cpp_vs_python,pd,py,aleatoria,300,12,150,1,3,1435.471917,0.7300305062,,,
e7_cpp_vs_python,pd,py,aleatoria,300,12,150,1,4,1415.723916,0.7300305062,,,
e7_cpp_vs_python,pd,py,aleatoria,300,12,150,1,5,1412.5785,0.7300305062,,,
e7_cpp_vs_python,pd,py,aleatoria,300,12,150,1,6,1405.924916,0.7300305062,,,
e7_cpp_vs_python,pd,py,aleatoria,300,12,150,1,7,1416.174667,0.7300305062,,,
e7_cpp_vs_python,pd,py,aleatoria,300,12,150,1,8,1429.61075,0.7300305062,,,
e7_cpp_vs_python,pd,py,aleatoria,300,12,150,1,9,1416.737333,0.7300305062,,,
e7_cpp_vs_python,pd,py,aleatoria,300,12,150,1,10,1426.816916,0.7300305062,,,
e7_cpp_vs_python,pd,py,aleatoria,300,12,150,2,1,1424.900542,0.8460692584,,,
e7_cpp_vs_python,pd,py,aleatoria,300,12,150,2,2,1407.311875,0.8460692584,,,
e7_cpp_vs_python,pd,py,aleatoria,300,12,150,2,3,1428.801167,0.8460692584,,,
e7_cpp_vs_python,pd,py,aleatoria,300,12,150,2,4,1437.738,0.8460692584,,,
e7_cpp_vs_python,pd,py,aleatoria,300,12,150,2,5,1419.39525,0.8460692584,,,
e7_cpp_vs_python,pd,py,aleatoria,300,12,150,2,6,1433.002541,0.8460692584,,,
e7_cpp_vs_python,pd,py,aleatoria,300,12,150,2,7,1418.819209,0.8460692584,,,
e7_cpp_vs_python,pd,py,aleatoria,300,12,150,2,8,1416.651291,0.8460692584,,,
e7_cpp_vs_python,pd,py,aleatoria,300,12,150,2,9,1402.15125,0.8460692584,,,
e7_cpp_vs_python,pd,py,aleatoria,300,12,150,2,10,1429.3665,0.8460692584,,,
